audio_path,audio_sha256,cmi,condition,duration_seconds,language_pair,reference,reference_tagged,sample_id,source_group,source_kind,switch_points
audio/hausa/000010-rJlh12SFCX8_chunk_1614528-1629824_179.wav,f8ae2034a0d691cfeaa6301aa613c2b09dced4affbd58110d427b1fc80fdf122,2.859999895095825,clean-16khz,15.295999526977539,Hausa-English,"Annabi Muhammadu sallalahu alyahi wasallam, so da ana daukan hukunci idan an shigar da kara sanda ya kamata, kuma like da sauri da mutane ba su fara daukan hukunci a kan da hannun su ba","Annabi Muhammadu sallalahu alyahi wasallam, so da ana daukan hukunci idan an shigar da kara sanda ya kamata, kuma [[EN]]like[[/EN]] da sauri da mutane ba su fara daukan hukunci a kan da hannun su ba",afriswitch-hausa-000010-rJlh12SFCX8_chunk_1614528-1629824_179,rJlh12SFCX8_chunk,natural-afriswitch,2
audio/hausa/000011-bb6bc978d9c34215be480b6d3f11a05e.wav,c720e9f9dc981b6ba810a30476d7ca2232c491f0e3c68c4de170ea02e9ee45d1,20.0,clean-16khz,29.0,Hausa-English,Da kike lokoja har zuwa yanzu gabadaya rayuwanki saboda yanda kika faro kinyi talla kin saida abubuwa kin fuskanci tsangwama a gaskiya aa saboda Wanda suka San story dina ko kinsan na taba like two other interviews dai kin gane so Wanda suka San story dina suna suna suna encouraging dina su nuna mun Rahina fa story dinki is very inspiring especially a kaduna yanzun,Da kike lokoja har zuwa yanzu gabadaya rayuwanki saboda yanda kika faro kinyi talla kin saida abubuwa kin fuskanci tsangwama a gaskiya aa saboda Wanda suka San [[EN]]story[[/EN]] dina ko kinsan na taba [[EN]]like two other interviews[[/EN]] dai kin gane [[EN]]so[[/EN]] Wanda suka San [[EN]]story[[/EN]] dina suna suna suna [[EN]]encouraging[[/EN]] dina su nuna mun Rahina fa [[EN]]story[[/EN]] dinki [[EN]]is very inspiring especially[[/EN]] a kaduna yanzun,afriswitch-hausa-000011-bb6bc978d9c34215be480b6d3f11a05e,bb6bc978d9c34215be480b6d3f11a05e,natural-afriswitch,14
audio/hausa/000015-_5p4bitL8Gs_chunk_2375744-2386812_235.wav,027ccd7c85d18c8ac8fe668ff217a53a4ac56ad41137696407fbfab8295f3f2d,14.630000114440918,clean-16khz,11.067999839782715,Hausa-English,"Toh babu laifi, masu kallo kuna tare da hajiya wadda ita ce ta kasance S. A abin da ya shafi national lottery trust fund za mu je hutun gajeren lokaci da zarar mun dawo za mu dora idan Allah ya kaimu.","Toh babu laifi, masu kallo kuna tare da hajiya wadda ita ce ta kasance [[EN]]S. A[[/EN]] abin da ya shafi [[EN]]national lottery trust fund[[/EN]] za mu je hutun gajeren lokaci da zarar mun dawo za mu dora idan Allah ya kaimu.",afriswitch-hausa-000015-_5p4bitL8Gs_chunk_2375744-2386812_235,_5p4bitL8Gs,natural-afriswitch,4
audio/hausa/000017-rGmX9GUAH0s_chunk_999504-1013232_102.wav,0c9127b9fccc506d70062d5fdf4892e9d2719aed6a94d01b46dd64e97c80af7f,27.5,clean-16khz,13.727999687194824,Hausa-English,reforms that were much needed in terms of fuel subsidy reforms a zahiri yake cewa wannan gwamnati na taukar muhimman matakan sauye-sauye wanda ake matakar bukata masu alaca da cire tallapaman petar kuma yin hakan abu ne mai matukar wahala.,[[EN]]reforms that were much needed in terms of fuel subsidy reforms[[/EN]] a zahiri yake cewa wannan gwamnati na taukar muhimman matakan sauye-sauye wanda ake matakar bukata masu alaca da cire tallapaman petar kuma yin hakan abu ne mai matukar wahala.,afriswitch-hausa-000017-rGmX9GUAH0s_chunk_999504-1013232_102,rGmX9GUAH0s_chunk,natural-afriswitch,1
audio/hausa/000041-BF9VmKbRAwg_chunk_540128-554352_59.wav,463a08f7665f7a43861912bb19d46259782cb33d1784a8f96483713d3f780a7f,15.5600004196167,clean-16khz,14.223999977111816,Hausa-English,Ba za su sake faruwa ba such will never happen again. toh amma bayanan farko da muka samu na nuna cewa'yan bangar da suka gansu da makamai sai suka dauki cewa'yan fashin daji ne masu garkuwa da mutane sai kawai suka bar musu. its true,Ba za su sake faruwa ba [[EN]]such will never happen again.[[/EN]] toh amma bayanan farko da muka samu na nuna cewa'yan bangar da suka gansu da makamai sai suka dauki cewa'yan fashin daji ne masu garkuwa da mutane sai kawai suka bar musu. [[EN]]its true[[/EN]],afriswitch-hausa-000041-BF9VmKbRAwg_chunk_540128-554352_59,BF9VmKbRAwg_chunk,natural-afriswitch,3
audio/hausa/000049-wIHM5VH8HTA_chunk_335904-350560_43.wav,4988699d1ffad2e35578ef10fbfb42ae4f34088e2ab785ad2ee10ae37df3c81b,6.059999942779541,clean-16khz,14.656000137329102,Hausa-English,Da kwanciyan hankali domin tabbas yana bukatan wa'in nan abubuwan idan bai same su ba to hiran da zai mada shi mawakin ko artist zai 'dan ba shi matsala zai iya samun kurakurai,Da kwanciyan hankali domin tabbas yana bukatan wa'in nan abubuwan idan bai same su ba [[EN]]to[[/EN]] hiran da zai mada shi mawakin ko [[EN]]artist[[/EN]] zai 'dan ba shi matsala zai iya samun kurakurai,afriswitch-hausa-000049-wIHM5VH8HTA_chunk_335904-350560_43,wIHM5VH8HTA_chunk,natural-afriswitch,4
audio/hausa/000084-ad8cb2d6e97d453a9fc9a0cbe9197c7e.wav,7dd9660d22f0a55a1d3f6b68ddc15966ff83a9ef05ad891a2a0f0dba1894dbad,9.09000015258789,clean-16khz,29.0,Hausa-English,Ga yara mata da Kuma ma maza da suke talle a yanzu kan abinda zasu Iya zama a rayuwa Gaskiya shawarana shine especially iyaye dai Wanda masu kallo iyaye masu kallo kassu su nunawa 'ya'yansu kauna sununa musu soyayya su suyi encouraging dinsu especi,Ga yara mata da Kuma ma maza da suke talle a yanzu kan abinda zasu Iya zama a rayuwa Gaskiya shawarana [[EN]]shine especially[[/EN]] iyaye dai Wanda masu kallo iyaye masu kallo kassu su nunawa 'ya'yansu kauna sununa musu soyayya su suyi [[EN]]encouraging[[/EN]] dinsu [[EN]]especi[[/EN]],afriswitch-hausa-000084-ad8cb2d6e97d453a9fc9a0cbe9197c7e,ad8cb2d6e97d453a9fc9a0cbe9197c7e,natural-afriswitch,5
audio/hausa/000088-a9gS4WaUg7E_chunk_864224-881296_38.wav,f8fad0ed501bb8ce97c3b914a608671c3bba6eefad3cdd23a58bbcefd9063025,8.569999694824219,clean-16khz,17.07200050354004,Hausa-English,Wannan ita ci gaskiyar maganar Your Excellency MD burinmu cika talakawa alkawarinsu don haka imma haka ne za mu kafa kwamiti wanda zai bibiya wannan al'amari bama sai ankai ga haka ba ranka ya dade,Wannan ita ci gaskiyar maganar [[EN]]Your Excellency MD[[/EN]] burinmu cika talakawa alkawarinsu don haka imma haka ne za mu kafa kwamiti wanda zai bibiya wannan al'amari bama sai ankai ga haka ba ranka ya dade,afriswitch-hausa-000088-a9gS4WaUg7E_chunk_864224-881296_38,a9gS4WaUg7E_chunk,natural-afriswitch,2
audio/hausa/000098-a3e8bddd0e9c4a5e85cd4a75f1fb55b3.wav,0a2cfa00bdc3387ca23f15956c9df06431c1e2562f1861cd51e083d0e8a11cc8,9.09000015258789,clean-16khz,29.0,Hausa-English,ce ta yarda zaka iya sauya rayuwar ka da kanka ta hanyar gane burinka da kuma kokari wajen cimma burin a yau zamu ji labarin rayuwar ta da yadda ta zama the one and only MC Rahina duk da yadda ta taso kamar Koda yaushe sunana Madina dahiru Mai shanu a cikin shirin mahangar zamani,ce ta yarda zaka iya sauya rayuwar ka da kanka ta hanyar gane burinka da kuma kokari wajen cimma burin a yau zamu ji labarin rayuwar ta da yadda ta zama [[EN]]the one and only MC[[/EN]] Rahina duk da yadda ta taso kamar Koda yaushe sunana Madina dahiru Mai shanu a cikin shirin mahangar zamani,afriswitch-hausa-000098-a3e8bddd0e9c4a5e85cd4a75f1fb55b3,a3e8bddd0e9c4a5e85cd4a75f1fb55b3,natural-afriswitch,2
audio/hausa/000101-ec8b5f8f75664afbae776736bef3e3ae.wav,2f9272b2cb22ea266893fa1966f19749e1083f614564627b7bdffa1c0ccb1fa1,11.539999961853027,clean-16khz,29.0,Hausa-English,na je in karbo kartin Jami'ar dan na ci karin v requirement din da zan yi serving a for din cin da aka sa ni wanda ba diba ba mara gayi ya gan cancanta ta allah ya masa bahama ya kai suna amma gabaninnan yada na pada muna shiga harkar siyasa din abunda da mutani basu ganewa shi ne tambaye kai ka yan zu mai siyasa siyasa ita ta ke leading da Governance so duk mutum ne na garta ba bu wanda de ce baya da interest akan good Governance yada za asamu sha awaya na saman da global din de kio saman da,na je in karbo kartin Jami'ar dan na ci karin [[EN]]v requirement[[/EN]] din da zan yi [[EN]]serving a for[[/EN]] din cin da aka sa ni wanda ba diba ba mara gayi ya gan cancanta ta allah ya masa bahama ya kai suna amma gabaninnan yada na pada muna shiga harkar siyasa din abunda da mutani basu ganewa shi ne tambaye kai ka yan zu mai siyasa siyasa ita ta ke [[EN]]leading[[/EN]] da [[EN]]Governance so[[/EN]] duk mutum ne na garta ba bu wanda de ce baya da [[EN]]interest[[/EN]] akan [[EN]]good Governance[[/EN]] yada za asamu sha awaya na saman da [[EN]]global[[/EN]] din de kio saman da,afriswitch-hausa-000101-ec8b5f8f75664afbae776736bef3e3ae,ec8b5f8f75664afbae776736bef3e3ae,natural-afriswitch,14
audio/hausa/000105-4376971104334ebab9d6dbcae704b501.wav,b06b932355db9c926e00a40c91ff0461d9746042b3f955c3cecf7a48eb594b8c,25.0,clean-16khz,29.0,Hausa-English,"to admission Dan dai na nan irin na musu karya kenan. Kina kano kenan kuma ba makaranta kikeyi ba. Ba kano ba Kaduna. Kaduna Eh KADPOLY, Kaduna State Polytechnic kenan, haka dai nazo na fara dai na gara ushering jobs lokacin ma 1500-2000 ake bamu se WhatsApp story an fara WhatsApp status lokacin se inje kasuwa inje inada waya lokacin android phone techno Ina zuwa in danyi pictures na","[[EN]]to admission[[/EN]] Dan dai na nan irin na musu karya kenan. Kina kano kenan kuma ba makaranta kikeyi ba. Ba kano ba Kaduna. Kaduna Eh [[EN]]KADPOLY, Kaduna State Polytechnic[[/EN]] kenan, haka dai nazo na fara dai na gara [[EN]]ushering jobs[[/EN]] lokacin ma 1500-2000 ake bamu se [[EN]]WhatsApp story[[/EN]] an fara [[EN]]WhatsApp status[[/EN]] lokacin se inje kasuwa inje inada waya lokacin [[EN]]android phone techno[[/EN]] Ina zuwa [[EN]]in[[/EN]] danyi [[EN]]pictures[[/EN]] na",afriswitch-hausa-000105-4376971104334ebab9d6dbcae704b501,4376971104334ebab9d6dbcae704b501,natural-afriswitch,15
audio/hausa/000122-eF7AcHwAvRU_chunk_0-13264_1.wav,96fb619a26f96f1c0f10e1647c739eb8ddb6e175aa9e231784950770630cb05d,13.510000228881836,clean-16khz,13.263999938964844,Hausa-English,To masu kalanmu yau a cikin shirin na akushi da rufi mun zo muku da wata kwararriya wadda za mu yi wasu abincika na'yan gayu tare da ita. Akwai parsley rice akwai burokoly chicken da kuma salad,To masu kalanmu yau a cikin shirin na akushi da rufi mun zo muku da wata kwararriya wadda za mu yi wasu abincika na'yan gayu tare da ita. Akwai [[EN]]parsley rice[[/EN]] akwai [[EN]]burokoly chicken[[/EN]] da kuma [[EN]]salad[[/EN]],afriswitch-hausa-000122-eF7AcHwAvRU_chunk_0-13264_1,eF7AcHwAvRU_chunk,natural-afriswitch,5
audio/hausa/000132-4td4KDvU6Sg_chunk_552384-562400_49.wav,bc50a625a1196c2a5c0617db22978efb062cf950991fd0c5a351a284edeff783,5.409999847412109,clean-16khz,10.015999794006348,Hausa-English,Da sauran da yawa tunda kaman kina yin shi a matsayin broadcast ne ko zaki gani kina yin live haka kuma kina magana kowa ana jin muryarki da sauran. Meya ja hankalinki naki ya bambanta da sauran,Da sauran da yawa tunda kaman kina yin shi a matsayin [[EN]]broadcast[[/EN]] ne ko zaki gani kina yin [[EN]]live[[/EN]] haka kuma kina magana kowa ana jin muryarki da sauran. Meya ja hankalinki naki ya bambanta da sauran,afriswitch-hausa-000132-4td4KDvU6Sg_chunk_552384-562400_49,4td4KDvU6Sg_chunk,natural-afriswitch,4
audio/hausa/000146-lxf6AHpYyOE_chunk_1664976-1673056_178.wav,56e7bce4caab165838a230ba04437984f3605e5a0cd37ac61eec28af8762a5c3,9.520000457763672,clean-16khz,8.079999923706055,Hausa-English,different unguwoyi soboda kowane matasan unguwa ba ma muna so ya zama na kowa zai zama na izin ya iya zuwa,[[EN]]different[[/EN]] unguwoyi soboda kowane matasan unguwa ba ma muna [[EN]]so[[/EN]] ya zama na kowa zai zama na izin ya iya zuwa,afriswitch-hausa-000146-lxf6AHpYyOE_chunk_1664976-1673056_178,lxf6AHpYyOE_chunk,natural-afriswitch,3
audio/hausa/000153-pwkQZGkiMDE_chunk_82672-92640_13.wav,147e06df55bc135b6514112f473c41c59571ca5551b599e0f04088c1437bcffc,14.289999961853027,clean-16khz,9.968000411987305,Hausa-English,Baba yawa fa kakayi sunan roundabout da Hausa Shataletale Tabbas hakane Da wayar android,Baba yawa fa kakayi sunan [[EN]]roundabout[[/EN]] da Hausa Shataletale Tabbas hakane Da wayar [[EN]]android[[/EN]],afriswitch-hausa-000153-pwkQZGkiMDE_chunk_82672-92640_13,pwkQZGkiMDE_chunk,natural-afriswitch,3
audio/hausa/000156-cDSsWSG4R0Y_chunk_1317504-1328944_108.wav,44b94fc9391ed32d80b0e031741896628096b62988095e733335683c1ecdc88a,6.670000076293945,clean-16khz,11.4399995803833,Hausa-English,"Ka je ka iya ta idan ma lokacin da kake koya kana ganin kai graduate ne amma an tabbatar da cewa kafin ka gama a baka certificate sai an tabbatar da cewa ka iya din, A ba ka zan ka iya idan ka hadu da.","Ka je ka iya ta idan ma lokacin da kake koya kana ganin kai [[EN]]graduate[[/EN]] ne amma an tabbatar da cewa kafin ka gama a baka [[EN]]certificate[[/EN]] sai an tabbatar da cewa ka iya din, [[EN]]A[[/EN]] ba ka zan ka iya idan ka hadu da.",afriswitch-hausa-000156-cDSsWSG4R0Y_chunk_1317504-1328944_108,cDSsWSG4R0Y_chunk,natural-afriswitch,6
audio/hausa/000173-Ensz9YEZtWE_chunk_876496-887456_86.wav,849ced0d55b4b1cc0b5bb3a3e12d1beb7ea8fbfc61ead4f81cd708f9bdee99ba,5.130000114440918,clean-16khz,10.960000038146973,Hausa-English,To bazai ko kin gaya mashi zai dauka ke ba kiyi ba ni me zanyi so gwargwado zaki isko gwamnati tana kokari saboda mu yanda muka nuna cewa mu muna iya yi in mun ka basu reference da kanmu,To bazai ko kin gaya mashi zai dauka ke ba kiyi ba ni me zanyi [[EN]]so[[/EN]] gwargwado zaki isko gwamnati tana kokari saboda mu yanda muka nuna cewa mu muna iya yi in mun ka basu [[EN]]reference[[/EN]] da kanmu,afriswitch-hausa-000173-Ensz9YEZtWE_chunk_876496-887456_86,Ensz9YEZtWE_chunk,natural-afriswitch,4
audio/hausa/000213-NdZaVO7s_0Q_chunk_654752-658544_67.wav,1047587a66ef42cb2b7d787b6c44abfc606aad85e0fe9e776e0201f9659c50f3,7.690000057220459,clean-16khz,3.7920000553131104,Hausa-English,Saboda to wannan practical din yafi amfani saboda ko an maka a takadda,Saboda to wannan [[EN]]practical[[/EN]] din yafi amfani saboda ko an maka a takadda,afriswitch-hausa-000213-NdZaVO7s_0Q_chunk_654752-658544_67,NdZaVO7s_0Q,natural-afriswitch,2
audio/hausa/000225-aeb2d09887d54103a9adeb341bbcacc3.wav,38721c24e59c53be1705a2a2ce1dd97eb7a1f15f7fcc26a92f26659ff37a455c,6.820000171661377,clean-16khz,29.0,Hausa-English,Irin a taro da karsashi eh abun Yana burgeni Kuma ita yawanci zaki ga ko taje tana magana ba karanta speech take ba da ka take yi so ni a lokacin da na zo na gano wannan baiwa da nake dashi nace to in na dauki wannan baiwar yanzu sai nazo Ina yin kamar yarda take presenting abun zai yi kyau har lokacin sai na roke ta lokacin Shima i was seventeenth an gayyaceta Abuja Tayi magana sai nace mata don Allah inaso ni inje inyi Magana a,Irin a taro da karsashi eh abun Yana burgeni Kuma ita yawanci zaki ga ko taje tana magana ba karanta [[EN]]speech[[/EN]] take ba da ka take yi so ni a lokacin da na zo na gano wannan baiwa da nake dashi nace [[EN]]to[[/EN]] in na dauki wannan baiwar yanzu sai nazo Ina yin kamar yarda take [[EN]]presenting[[/EN]] abun zai yi kyau har lokacin sai na roke ta lokacin Shima [[EN]]i was seventeenth[[/EN]] an gayyaceta Abuja Tayi magana sai nace mata don Allah inaso ni inje inyi Magana a,afriswitch-hausa-000225-aeb2d09887d54103a9adeb341bbcacc3,aeb2d09887d54103a9adeb341bbcacc3,natural-afriswitch,8
audio/hausa/000244-FpJtRjD7mTc_chunk_1405600-1409760_151.wav,c900390b959236e65d59f83b3a1775dc3036d992d6125c3486d5dea0c6e4d3c5,14.289999961853027,clean-16khz,4.159999847412109,Hausa-English,Idan mutum yana da issue na lafiya zai iya tafiya ya qara zama victim,Idan mutum yana da [[EN]]issue[[/EN]] na lafiya zai iya tafiya ya qara zama [[EN]]victim[[/EN]],afriswitch-hausa-000244-FpJtRjD7mTc_chunk_1405600-1409760_151,FpJtRjD7mTc_chunk,natural-afriswitch,3
audio/hausa/000255-Fugp7beACgs_chunk_1246848-1258592_125.wav,8e1501e698c823be6a4fc3252a02b56f1fef2e16212c06041f56e21b1057b67f,20.0,clean-16khz,11.744000434875488,Hausa-English,"Na wani last of you, ba kika ji kaman kai anya kuwa ba laifi na ba ne ko ba matsalata bane ko kuma meh nayi haka, are you telling me ke kwata-kwata baki taba wadannan.","Na wani [[EN]]last of you,[[/EN]] ba kika ji kaman kai anya kuwa ba laifi na ba ne ko ba matsalata bane ko kuma meh nayi haka, [[EN]]are you telling me[[/EN]] ke kwata-kwata baki taba wadannan.",afriswitch-hausa-000255-Fugp7beACgs_chunk_1246848-1258592_125,Fugp7beACgs_chunk,natural-afriswitch,4
audio/hausa/000269-ebd70455ad694ccd9b5614ff9e359dd8.wav,3c2aec0e1b31b260d62a1e472e8a20aef7c6e178df30fd57b7e2f644056828f2,5.059999942779541,clean-16khz,29.0,Hausa-English,Wata zata iya zuwa cikin iyaye mata tace mun Rahina fa munji abinda kike wa 'yan uwanki Allah ya saka miki da alkhairi anguwan da muke ma yanzu anguwan da muke a kaduna duk brothers dina su suke leading a masallacin da yake anguwan mu yes a'a Ashe kannanki ne Ashe yayyenki ne ne a'a MC allah shi miki albarka duk kullum ana samun albarka ni bansan daga Ina suka ji labarin abinda nake yi ba Amma na dai,Wata zata iya zuwa cikin iyaye mata tace mun Rahina fa munji abinda kike wa 'yan uwanki Allah ya saka miki da alkhairi anguwan da muke ma yanzu anguwan da muke a kaduna duk [[EN]]brothers[[/EN]] dina su suke [[EN]]leading[[/EN]] a masallacin da yake anguwan mu [[EN]]yes[[/EN]] a'a Ashe kannanki ne Ashe yayyenki ne ne a'a [[EN]]MC[[/EN]] allah shi miki albarka duk kullum ana samun albarka ni bansan daga Ina suka ji labarin abinda nake yi ba Amma na dai,afriswitch-hausa-000269-ebd70455ad694ccd9b5614ff9e359dd8,ebd70455ad694ccd9b5614ff9e359dd8,natural-afriswitch,8
audio/hausa/000276-zwW5YY4gMpI_chunk_1301024-1310528_129.wav,3b6da3024a240f1d06ef2adf8929b4e14bc7e7cf538dffe96bd530d65e97cfd4,13.039999961853027,clean-16khz,9.503999710083008,Hausa-English,Cibiyar ta kunshi jami'an 'yansanda da na civil defense da sauran jami'an tsaro Hamisu Muhammad Gumel shine sakataren yada labaran gwamnan jahar jigawa,Cibiyar ta kunshi jami'an 'yansanda da na [[EN]]civil defense[[/EN]] da sauran jami'an tsaro Hamisu Muhammad Gumel [[EN]]shine[[/EN]] sakataren yada labaran gwamnan jahar jigawa,afriswitch-hausa-000276-zwW5YY4gMpI_chunk_1301024-1310528_129,zwW5YY4gMpI_chunk,natural-afriswitch,4
audio/hausa/000282-648c9cc41ccf4f48b5a398cdf388459c.wav,05124165195a9895846c600843e89e71c99121f1cae89bc8dc705db7596a6923,24.6200008392334,clean-16khz,29.0,Hausa-English,"Kuma they're very limited like basu da yawa karancinmu mu saboda haka inaso in bada like karfin gwuiwa ta wannan bangaren kuma wannan institution din initiatives din da muka fara yanzu anyi shortlisting dinshi out of 5500 globally ma UNSDG Awards da zai faru a Rome, so zamu tafi Rome 29 ga watan October kuma zan bude taron shima. Insha Allahu irin abubukayen da nakeso in ci","Kuma [[EN]]they're very limited like[[/EN]] basu da yawa karancinmu mu saboda haka inaso in bada [[EN]]like[[/EN]] karfin gwuiwa ta wannan bangaren kuma wannan [[EN]]institution[[/EN]] din [[EN]]initiatives[[/EN]] din da muka fara yanzu anyi [[EN]]shortlisting[[/EN]] dinshi [[EN]]out of[[/EN]] 5500 [[EN]]globally[[/EN]] ma [[EN]]UNSDG Awards[[/EN]] da zai faru a [[EN]]Rome,[[/EN]] so zamu tafi [[EN]]Rome[[/EN]] 29 ga watan [[EN]]October[[/EN]] kuma zan bude taron shima. Insha Allahu irin abubukayen da nakeso in ci",afriswitch-hausa-000282-648c9cc41ccf4f48b5a398cdf388459c,648c9cc41ccf4f48b5a398cdf388459c,natural-afriswitch,20
audio/hausa/000285-TwGY2-M81zE_chunk_1833088-1840032_183.wav,601a1f9e148623c9556bc47b6e33331742d7f0936b1031f343b8ac4c74dd13e6,10.0,clean-16khz,6.943999767303467,Hausa-English,Watakila yaji kaman ana cewa yafi kaza idan Kasai guda 5 ko bonanza ko an karya farashi ko makamancinsu so wannan,Watakila yaji kaman ana cewa yafi kaza idan Kasai guda 5 ko [[EN]]bonanza[[/EN]] ko an karya farashi ko makamancinsu [[EN]]so[[/EN]] wannan,afriswitch-hausa-000285-TwGY2-M81zE_chunk_1833088-1840032_183,TwGY2_M81zE,natural-afriswitch,4
audio/hausa/000297-zudK92UdkSc_chunk_420272-434704_33.wav,f038f40bce4b71c701a32bfb254efae6a8907f2374ff013d5225e4ecffbeb505,4.760000228881836,clean-16khz,14.432000160217285,Hausa-English,Kuma a cikin daliban wa ya fi bugatar taimako na farko wata yanayin da ya kamata a fara barin innansa wannan tambaya ta farko shine yanayin da ya kamata a taimaka wa dalibi na farko sai an yi building psychology dinsa tunaninsa,Kuma a cikin daliban wa ya fi bugatar taimako na farko wata yanayin da ya kamata a fara barin innansa wannan tambaya ta farko shine yanayin da ya kamata a taimaka wa dalibi na farko sai an yi [[EN]]building psychology[[/EN]] dinsa tunaninsa,afriswitch-hausa-000297-zudK92UdkSc_chunk_420272-434704_33,zudK92UdkSc_chunk,natural-afriswitch,2
audio/hausa/000312-4e77f54a51514381908d219fce2bc308.wav,3b9a2bcce96da49a550f30f8b8cf16eaf57638dac51ef7dd71ae6571437d8831,13.5600004196167,clean-16khz,29.0,Hausa-English,So nasan cewa da kika fara wannan harkar ta MC a bukukuwa da event dole kinje kin taradda wasu suna yi to akwai wani ko wata da suka taimaka Miki wajen shiga harkar wato dumu duma gaskiya na danyi contacting few MC's dai lokacin Dana fara inason in shiga industry din sosai Basu bani attention da nake bukata lokacin,[[EN]]So[[/EN]] nasan cewa da kika fara wannan harkar ta [[EN]]MC[[/EN]] a bukukuwa da [[EN]]event[[/EN]] dole kinje kin taradda wasu suna yi to akwai wani ko wata da suka taimaka Miki wajen shiga harkar wato dumu duma gaskiya na danyi [[EN]]contacting few MC's[[/EN]] dai lokacin Dana fara inason in shiga [[EN]]industry[[/EN]] din sosai Basu bani [[EN]]attention[[/EN]] da nake bukata lokacin,afriswitch-hausa-000312-4e77f54a51514381908d219fce2bc308,4e77f54a51514381908d219fce2bc308,natural-afriswitch,11
audio/hausa/000316-kXCY5Ad3MZo_chunk_147428-164960_22.wav,83647ebd208542ad807fd98e2462fda883dd3da7d83119766b2e9a2a1d912d9d,24.139999389648438,clean-16khz,17.531999588012695,Hausa-English,"Despite that am not regretting,am not regretting saboda na san yana cikin kaddarata ne kuma na tabbata Allah ba zai taba jirabceni da abin da ba zan iya ba","[[EN]]Despite that am not regretting,am not regretting[[/EN]] saboda na san yana cikin kaddarata ne kuma na tabbata Allah ba zai taba jirabceni da abin da ba zan iya ba",afriswitch-hausa-000316-kXCY5Ad3MZo_chunk_147428-164960_22,kXCY5Ad3MZo_chunk,natural-afriswitch,1
audio/hausa/000319-PHzYdKMfxOY_chunk_0-14048_1.wav,f7ab6dced7aaf4d50200c2150bf11752bcbe4b7f24540629b248e41e1237af07,14.289999961853027,clean-16khz,14.04800033569336,Hausa-English,"Babana ne ya hanani zuwa makaranta. Me yasa? Yace wai aure zaiyi mun. KO shakka babu! KO shakka babu!! (Kida), kaga wannan. You are under arrest. Kai. Lafiya?","Babana ne ya hanani zuwa makaranta. Me yasa? Yace wai aure zaiyi mun. KO shakka babu! KO shakka babu!! (Kida), kaga wannan. [[EN]]You are under arrest.[[/EN]] Kai. Lafiya?",afriswitch-hausa-000319-PHzYdKMfxOY_chunk_0-14048_1,PHzYdKMfxOY_chunk,natural-afriswitch,2
audio/hausa/000331-eceYbukw-6M_chunk_2268176-2281616_177.wav,b91e41d3ed5ae67913397bca5ae73a26d8d2f5c54f45d07b73b0e322628188dc,8.329999923706055,clean-16khz,13.4399995803833,Hausa-English,Abunda yasa dama ki nace kizo saboda ina so zan ba ki list na yaran da zasuyi na daya da na biyu da na uku saboda bana so a samu matsala gurin making exams kin gane,Abunda yasa dama ki nace kizo saboda ina so zan ba ki [[EN]]list[[/EN]] na yaran da zasuyi na daya da na biyu da na uku saboda bana so a samu matsala gurin [[EN]]making exams[[/EN]] kin gane,afriswitch-hausa-000331-eceYbukw-6M_chunk_2268176-2281616_177,eceYbukw_6M,natural-afriswitch,4
audio/hausa/000383-wmG4xHc2VHc_chunk_1193792-1205040_138.wav,50389552828cf9a6d7431e830bfbf418c5bad340c3a45a11c5d06f741a69d228,13.789999961853027,clean-16khz,11.248000144958496,Hausa-English,Wannan masana'anta wani irin mummunan kallo most especially kaman ni da na fara wasu sai su kirani wai mai kawo ne wannan masana'antar da karatuna kuma nazo kannywood industry,Wannan masana'anta wani irin mummunan kallo [[EN]]most especially[[/EN]] kaman ni da na fara wasu sai su kirani wai mai kawo ne wannan masana'antar da karatuna kuma nazo [[EN]]kannywood industry[[/EN]],afriswitch-hausa-000383-wmG4xHc2VHc_chunk_1193792-1205040_138,wmG4xHc2VHc_chunk,natural-afriswitch,3
audio/hausa/000397-390dd549637b4de0a83285cd88ffefb6.wav,82a40a1b680e9a7e1e941cedbaf507d6b7e183f69ce3fd504b8675d5747a7e37,5.429999828338623,clean-16khz,29.0,Hausa-English,So wancan bangaren nayi ne don nasan Allah na bauta masa gaba na biyu ka kawo mun inda na kira nace a shiga siyasa haramun ne Ina neman wurin akwai karafin da kake cewa idan har malami ya yarda ya karbi mukamin siyasa watakila daga baya ma in ana ce mishi malam zaa koma ana ce mishi garba to a Ina na fadi wannan maganar akwai faya kasan abunda baka ganewa clips da yawa ana editing dinsu ba yadda na fada ba na biyu ba akan contest da nai Magana akai ba,[[EN]]So[[/EN]] wancan bangaren nayi ne don nasan Allah na bauta masa gaba na biyu ka kawo mun inda na kira nace a shiga siyasa haramun ne Ina neman wurin akwai karafin da kake cewa idan har malami ya yarda ya karbi mukamin siyasa watakila daga baya ma in ana ce mishi malam zaa koma ana ce mishi garba [[EN]]to[[/EN]] a Ina na fadi wannan maganar akwai faya kasan abunda baka ganewa [[EN]]clips[[/EN]] da yawa ana [[EN]]editing[[/EN]] dinsu ba yadda na fada ba na biyu ba akan [[EN]]contest[[/EN]] da nai Magana akai ba,afriswitch-hausa-000397-390dd549637b4de0a83285cd88ffefb6,390dd549637b4de0a83285cd88ffefb6,natural-afriswitch,9
audio/hausa/000420-yBF5CzZhR0c_chunk_808592-817152_81.wav,033d7e0723851e00c616bb4e677f4284f0985a3b29f6907bf941c031c37f062e,19.350000381469727,clean-16khz,8.5600004196167,Hausa-English,"Mutane ne suke aikin nan ba dare ba rana, so ban ce is unprofessional anyway, amma bai kamata ni yanzu in sa baki a aikinsu ba gaskiya sai ka same su","Mutane ne suke aikin nan ba dare ba rana, [[EN]]so ban[[/EN]] ce [[EN]]is unprofessional anyway,[[/EN]] amma bai kamata ni yanzu in sa baki a aikinsu ba gaskiya sai ka [[EN]]same[[/EN]] su",afriswitch-hausa-000420-yBF5CzZhR0c_chunk_808592-817152_81,yBF5CzZhR0c_chunk,natural-afriswitch,6
audio/hausa/000439-Qoq528jcY74_chunk_368688-379008_41.wav,bf6e45e002dd1fb190c748015b09ee7644b7d3f3b09eb0221baf055ecf9116f1,2.7799999713897705,clean-16khz,10.319999694824219,Hausa-English,Tare suka taso da su masu shiryawan na industry ina ga za a iya cewa danjuma ne da dan Jummai. Gaskiya ba danjuma ne da dan Jummai ba to domin mutumin da ya zuba kudin shi,Tare suka taso da su masu shiryawan na [[EN]]industry[[/EN]] ina ga za a iya cewa danjuma ne da dan Jummai. Gaskiya ba danjuma ne da dan Jummai ba to domin mutumin da ya zuba kudin shi,afriswitch-hausa-000439-Qoq528jcY74_chunk_368688-379008_41,Qoq528jcY74_chunk,natural-afriswitch,2
audio/hausa/000453-7aaa962b352d4cc58613596ad0382832.wav,d417af2385761b182caf3ee6114bb71910ced94c9d8fc0540f4a2eea510821a8,17.809999465942383,clean-16khz,29.0,Hausa-English,Wanda suka iya Magana dai a class din saboda ayi ayi a karanta novels din da wuri da wuri da wuri da wuri irin Ina cikin Wanda ake kira a class ace oya so far so to lokacin da na samu aiki in 2019 da na gama NDE na kafin COVID naje bikin wata friend dita sai MC ko MC yai disappointing ban sani ba sai nace aa ba kawai ayi Magana ba abeg,Wanda suka iya Magana dai a [[EN]]class[[/EN]] din saboda ayi ayi a karanta [[EN]]novels[[/EN]] din da wuri da wuri da wuri da wuri irin Ina cikin Wanda ake kira a [[EN]]class[[/EN]] ace oya [[EN]]so far so to[[/EN]] lokacin da na samu aiki in 2019 da na gama [[EN]]NDE[[/EN]] na kafin [[EN]]COVID[[/EN]] naje bikin wata [[EN]]friend[[/EN]] dita sai [[EN]]MC[[/EN]] ko [[EN]]MC[[/EN]] yai [[EN]]disappointing[[/EN]] ban sani ba sai nace aa ba kawai ayi Magana ba abeg,afriswitch-hausa-000453-7aaa962b352d4cc58613596ad0382832,7aaa962b352d4cc58613596ad0382832,natural-afriswitch,20
audio/hausa/000471-4QjJK_wO5b0_chunk_1194688-1203424_120.wav,ad09dad7901071be9538d3f1fef6eec409c70ee1cee2876faac0f1fdde7b9fc2,7.139999866485596,clean-16khz,8.736000061035156,Hausa-English,"To, ga masu kawo yaran nan misali yanzu muna magana ne akan kawo su da ake daga qauyuka to ga irin ko agent agent da suke kawo su","To, ga masu kawo yaran nan misali yanzu muna magana ne akan kawo su da ake daga qauyuka to ga irin ko [[EN]]agent agent[[/EN]] da suke kawo su",afriswitch-hausa-000471-4QjJK_wO5b0_chunk_1194688-1203424_120,4QjJK_wO5b0,natural-afriswitch,2
audio/hausa/000499-UzdKkG6dmJE_chunk_170496-176112_20.wav,32d3092d5864ff9c358b03d7f1601d8be261654de4b3e7f7fb4086dd4507f7d4,27.270000457763672,clean-16khz,5.616000175476074,Hausa-English,Maybe idan na ga wacce nake so in tura da aike.,[[EN]]Maybe[[/EN]] idan na ga wacce nake [[EN]]so in[[/EN]] tura da aike.,afriswitch-hausa-000499-UzdKkG6dmJE_chunk_170496-176112_20,UzdKkG6dmJE_chunk,natural-afriswitch,3
audio/hausa/000528-K_WmAI6HUrU_chunk_162052-168448_11.wav,3e0365edb7be773f76c5b23e33d5b666c5166226b0de8873f6bab7b5e6241338,30.770000457763672,clean-16khz,6.395999908447266,Hausa-English,A gaskiya tun a farko burina in karanta Mass communication in zama Journalist.,A gaskiya tun a farko burina in karanta [[EN]]Mass communication in[[/EN]] zama [[EN]]Journalist.[[/EN]],afriswitch-hausa-000528-K_WmAI6HUrU_chunk_162052-168448_11,K_WmAI6HUrU,natural-afriswitch,3
audio/hausa/000545-f7zfDd33Sz0_chunk_1520576-1524768_140.wav,b14b6f35f00f57f96aab883c40a2ca98b91b58f65c47db715b8b134bfc4f72e7,18.18000030517578,clean-16khz,4.191999912261963,Hausa-English,Da suka fahimci shine film dina na farko suka jani gefe,Da suka fahimci [[EN]]shine film[[/EN]] dina na farko suka jani gefe,afriswitch-hausa-000545-f7zfDd33Sz0_chunk_1520576-1524768_140,f7zfDd33Sz0_chunk,natural-afriswitch,2
audio/hausa/000563-N365E0HlBWo_chunk_373360-381600_40.wav,42b76c1531c4688543b1ad7337d78006987d6a31ceae1bf1d6ab2ebfea662236,4.0,clean-16khz,8.239999771118164,Hausa-English,To da zaran yaci abunda bai yi niyyan baki ba ma zai baki Amma fa Kuma matan yanzu yan rarrafen carpet sun ce wannan girkin,To da zaran yaci abunda bai yi niyyan baki ba ma zai baki Amma fa Kuma matan yanzu yan rarrafen [[EN]]carpet[[/EN]] sun ce wannan girkin,afriswitch-hausa-000563-N365E0HlBWo_chunk_373360-381600_40,N365E0HlBWo_chunk,natural-afriswitch,2
audio/hausa/000575-52ec187e05ba413c9fd5a4b1e09ea7ab.wav,934ed53bf10de4efcf0eb5468b675de97ec910c71ece38fede407f37e6ec3089,6.150000095367432,clean-16khz,29.0,Hausa-English,Kuma a matsayina yanzu na 'yar siyasa kuma zababbiyar 'yar majalisar jiha ta kaduna wacce ke wakiltar lere ta gabas wato mutanen saminaka lere East constituency a kaduna State yau Rana ne na alfahari Rana ne da nake ma Allah godiya Kuma shekara na goma Ina fafutuka da Neman wannan kujera takarana na uku kenan Kuma jajircewan da na fito Ina yi na San me,Kuma a matsayina yanzu na 'yar siyasa kuma zababbiyar 'yar majalisar jiha ta kaduna wacce ke wakiltar lere ta gabas wato mutanen saminaka lere [[EN]]East constituency a[[/EN]] kaduna [[EN]]State[[/EN]] yau Rana ne na alfahari Rana ne da nake ma Allah godiya Kuma shekara na goma Ina fafutuka da Neman wannan kujera takarana na uku kenan Kuma jajircewan da na fito Ina yi na San me,afriswitch-hausa-000575-52ec187e05ba413c9fd5a4b1e09ea7ab,52ec187e05ba413c9fd5a4b1e09ea7ab,natural-afriswitch,4
audio/hausa/000589-ab42002996e44c43b651e7f97fb82be2.wav,d2b9d65f7ca89af635ca3742c8858a82f8f76b535505df6d91df9eacd23923d2,7.590000152587891,clean-16khz,29.0,Hausa-English,Kamar yanda Maryam Tayi Magana takara zata zo Tayi watarana akwai matan da su kawai suna bin zu gan siyasa ne basu ma San inda suka saka a gaba ba abinda aka yi kawai Mai zaa samu Mai zaa Raba bama sa tunanin wani political appointment don sun San Basu da qualification din da zaa Basu wannan dasu da jagaliyan siyasa daya ne akwai matan da suna da political support da background Wanda suna bi ba Kuma na jagaliya,Kamar yanda Maryam Tayi Magana takara zata zo Tayi watarana akwai matan da su kawai suna bin zu gan siyasa ne basu ma San inda suka saka a gaba ba abinda aka yi kawai Mai zaa samu Mai zaa Raba bama sa tunanin wani [[EN]]political appointment[[/EN]] don sun San Basu da [[EN]]qualification[[/EN]] din da zaa Basu wannan dasu da jagaliyan siyasa daya ne akwai matan da suna da [[EN]]political support[[/EN]] da [[EN]]background[[/EN]] Wanda suna bi ba Kuma na jagaliya,afriswitch-hausa-000589-ab42002996e44c43b651e7f97fb82be2,ab42002996e44c43b651e7f97fb82be2,natural-afriswitch,8
audio/hausa/000597-mfkozo0Lxbg_chunk_1389632-1397072_134.wav,f524cb3cc6df5b19676086cab066e402a271089dc8eb2b91b4a5a06af1f4208e,11.109999656677246,clean-16khz,7.440000057220459,Hausa-English,Kamar Idea da kake so ka yi abun za ka iya kamar tsakuri ne na daga cikin business,Kamar [[EN]]Idea[[/EN]] da kake so ka yi abun za ka iya kamar tsakuri ne na daga cikin [[EN]]business[[/EN]],afriswitch-hausa-000597-mfkozo0Lxbg_chunk_1389632-1397072_134,mfkozo0Lxbg_chunk,natural-afriswitch,3
audio/hausa/000609-g_08S6W1444_chunk_1357120-1361888_144.wav,d11829794f72e14b07ccd7c6262816dd7e8b0dd9a46f2be2218868d033744cd0,28.56999969482422,clean-16khz,4.76800012588501,Hausa-English,"Ni ne director.. ni ne. script writer,. nine nayi story din ni na yi.","Ni ne [[EN]]director..[[/EN]] ni ne. [[EN]]script writer,.[[/EN]] nine nayi [[EN]]story[[/EN]] din ni na yi.",afriswitch-hausa-000609-g_08S6W1444_chunk_1357120-1361888_144,g_08S6W1444,natural-afriswitch,6
audio/hausa/000611-eajXT52rTSc_chunk_2275712-2286512_209.wav,28472aeb79782729a604af5afc7989e4cc6f04194aaa20d75352d7dc10d74aed,18.520000457763672,clean-16khz,10.800000190734863,Hausa-English,"Kana acting, bayan wanann, sai meh kuma? Sai kuma ina l shirt customisation. Wannan rigar da kika gani a jikina ni nayi Dq gaske, nima zakayi min?","Kana [[EN]]acting,[[/EN]] bayan wanann, sai [[EN]]meh[[/EN]] kuma? Sai kuma ina [[EN]]l shirt customisation.[[/EN]] Wannan rigar da kika gani a jikina ni nayi Dq gaske, nima zakayi min?",afriswitch-hausa-000611-eajXT52rTSc_chunk_2275712-2286512_209,eajXT52rTSc_chunk,natural-afriswitch,6
audio/hausa/000660-nK8UQ-vPJPA_chunk_2354656-2365984_205.wav,c46b8de9d7d00b5770072768b25d26cc6904856794315c5880c3014559e193d0,14.289999961853027,clean-16khz,11.32800006866455,Hausa-English,Calm down dear calm down kin ga zo mu zauna a miki wannan bayanin ba wani abin da zaka fada min babu da za miye za ka gaya mun karfa kace baka so na fa,[[EN]]Calm down dear calm down[[/EN]] kin ga zo mu zauna a miki wannan bayanin ba wani abin da zaka fada min babu da za miye za ka gaya mun karfa kace baka so na fa,afriswitch-hausa-000660-nK8UQ-vPJPA_chunk_2354656-2365984_205,nK8UQ_vPJPA,natural-afriswitch,1
audio/hausa/000666-ExMMbnjpzmM_chunk_1242656-1251632_144.wav,85781568bff19335419a7f65297b59f7884bbb841fa234648d2afa85d48bb828,8.0,clean-16khz,8.97599983215332,Hausa-English,"Baiwa, I mean cikin rahamar sa ne da sauransu ba wai kafi wani da wani abu bane karatun danayi wasu ma za su iya yi","Baiwa, [[EN]]I mean[[/EN]] cikin rahamar sa ne da sauransu ba wai kafi wani da wani abu bane karatun danayi wasu ma za su iya yi",afriswitch-hausa-000666-ExMMbnjpzmM_chunk_1242656-1251632_144,ExMMbnjpzmM_chunk,natural-afriswitch,2
audio/hausa/000686-Zk-GCl5WFXE_chunk_1563840-1569520_186.wav,69e12310f5e64ccfa9ab02068835237592af6e05caf21d7cd6272b21a421fdfa,6.25,clean-16khz,5.679999828338623,Hausa-English,So sama'ba ta aro aka yi ta juya ko ba aro aka bata ba kinda ajiya,[[EN]]So[[/EN]] sama'ba ta aro aka yi ta juya ko ba aro aka bata ba kinda ajiya,afriswitch-hausa-000686-Zk-GCl5WFXE_chunk_1563840-1569520_186,Zk_GCl5WFXE,natural-afriswitch,1
audio/hausa/000727-1Q6Ptr2RLF8_chunk_413408-425328_46.wav,10498de6e6f7926c91ef06eb63c65d58132f6572288e3bff6cd5744818d17c50,5.880000114440918,clean-16khz,11.920000076293945,Hausa-English,Ce kabani shikenan je signing zai cema kaje can Idan Magani za a baka za a ciro maka magani Maganunnuka ne na gaske masu kyau Wanda in kasha inde ba ciwo na ajali bane,Ce kabani shikenan je [[EN]]signing[[/EN]] zai cema kaje [[EN]]can[[/EN]] Idan Magani za a baka za a ciro maka magani Maganunnuka ne na gaske masu kyau Wanda in kasha inde ba ciwo na ajali bane,afriswitch-hausa-000727-1Q6Ptr2RLF8_chunk_413408-425328_46,1Q6Ptr2RLF8_chunk,natural-afriswitch,4
audio/hausa/000728-1_A7aPYl01M_chunk_2612480-2625616_240.wav,94933acafc813021c8a810c6e97e60f4b47e70bb631c940b11a8217f3866972a,8.569999694824219,clean-16khz,13.13599967956543,Hausa-English,Better candidate waanda suke mafi cancanta mafi karko sai mu fara res din suje mu fara tayar da su mu fara yin wannan shukan mu fara yin dashe me kyau sannan kuma mu fara marawa,[[EN]]Better candidate[[/EN]] waanda suke mafi cancanta mafi karko sai mu fara [[EN]]res[[/EN]] din suje mu fara tayar da su mu fara yin wannan shukan mu fara yin dashe me kyau sannan kuma mu fara marawa,afriswitch-hausa-000728-1_A7aPYl01M_chunk_2612480-2625616_240,1_A7aPYl01M,natural-afriswitch,3
audio/hausa/000730-KKV95D6O-io_chunk_693888-709440_60.wav,71d527bef46c2621770c77e06c2c07e232743f970606af14b480caa59fac8268,10.869999885559082,clean-16khz,15.552000045776367,Hausa-English,Sun bamu shaida ce akwai wani asibiti da yake cikin Abuja wanda shi asibitin shine yake taimaka musu ake wannan abu. Yanzu ma haka mun yi inviting din masu asibitin zasu zo zasu bamu jawabi in mun gama zamu compiling case file dinmu mu tafi coatu,Sun bamu shaida ce akwai wani asibiti da yake cikin Abuja wanda shi asibitin shine yake taimaka musu ake wannan abu. Yanzu ma haka mun yi [[EN]]inviting[[/EN]] din masu asibitin zasu zo zasu bamu jawabi in mun gama zamu [[EN]]compiling case file[[/EN]] dinmu mu tafi [[EN]]coatu[[/EN]],afriswitch-hausa-000730-KKV95D6O-io_chunk_693888-709440_60,KKV95D6O_io,natural-afriswitch,5
audio/hausa/000740-N1Pfq2MDVss_chunk_1154784-1166320_69.wav,e837b27f3dbd76d59e441d8d3d5aa685d01d6e8e5765a65e67ebddcc43fec2bf,12.5,clean-16khz,11.53600025177002,Hausa-English,"Koh kuma ta ja haillo ta kamo wasu ta ce tana son wancan tana son wancan azo ayi ta taruwa anata rigirgimu kala kala, so idan mutum bai yi taka tsantsan ba","Koh kuma ta ja haillo ta [[EN]]kamo[[/EN]] wasu ta ce tana [[EN]]son[[/EN]] wancan tana [[EN]]son[[/EN]] wancan azo ayi ta taruwa anata rigirgimu kala kala, [[EN]]so[[/EN]] idan mutum bai yi taka tsantsan ba",afriswitch-hausa-000740-N1Pfq2MDVss_chunk_1154784-1166320_69,N1Pfq2MDVss_chunk,natural-afriswitch,8
audio/hausa/000741-1me9hUllYBg_chunk_1860848-1869328_205.wav,d96ef01484d6c8082c0d3493050eca7b277f1000a0350cfb8bea63b65600163a,12.5,clean-16khz,8.479999542236328,Hausa-English,Gwamnati a jihar Kano ta yi karin haske game da yunkurin da take na sabunta takardun mallakar filaye na C of O a jihar,Gwamnati a jihar Kano ta yi karin haske game da yunkurin da take na sabunta takardun mallakar filaye na [[EN]]C of O[[/EN]] a jihar,afriswitch-hausa-000741-1me9hUllYBg_chunk_1860848-1869328_205,1me9hUllYBg_chunk,natural-afriswitch,2
audio/hausa/000753-m6ZHtC254gM_chunk_430688-434400_43.wav,8a2c8978bb3d7e140bd190acf9114401bb2a8ff2226bbe16c53768f4977c71a8,23.079999923706055,clean-16khz,3.7119998931884766,Hausa-English,Da kuma tsowon mataimakin sa da suka raba garri to ma it depends,Da kuma tsowon mataimakin sa da suka raba garri [[EN]]to[[/EN]] ma [[EN]]it depends[[/EN]],afriswitch-hausa-000753-m6ZHtC254gM_chunk_430688-434400_43,m6ZHtC254gM_chunk,natural-afriswitch,3
audio/hausa/000765-nxSxmikDS1E_chunk_544096-551872_54.wav,b47a8a64e1afc0d85c33b99f6d7e7751c332bb2caac75d7a3574a4e2ed6b9b17,8.699999809265137,clean-16khz,7.776000022888184,Hausa-English,"To, gaskiya idea ta itace ni na zauna ne na lura da irin yanayin da matasa suke ciki yanzu eh na ga cewa","[[EN]]To,[[/EN]] gaskiya [[EN]]idea[[/EN]] ta itace ni na zauna ne na lura da irin yanayin da matasa suke ciki yanzu eh na ga cewa",afriswitch-hausa-000765-nxSxmikDS1E_chunk_544096-551872_54,nxSxmikDS1E_chunk,natural-afriswitch,3
audio/hausa/000780-FP1FSP4PLqI_chunk_453412-461824_40.wav,3235ccc0eb12eac0a3c10484b85f6e41552d15e0cd450777f7f64188ba3bee57,6.25,clean-16khz,8.411999702453613,Hausa-English,Ita albasa yadda aka yanka ta round round haka ake buqata asaka ta kenan Eh haka gaskiya ya dace saboda zai fi yin kyau bayan an gama abincin zaki ganshi ya fito,Ita albasa yadda aka yanka ta [[EN]]round round[[/EN]] haka ake buqata asaka ta kenan Eh haka gaskiya ya dace saboda zai fi yin kyau bayan an gama abincin zaki ganshi ya fito,afriswitch-hausa-000780-FP1FSP4PLqI_chunk_453412-461824_40,FP1FSP4PLqI_chunk,natural-afriswitch,2
audio/hausa/000796-QhhV4RQC1SI_chunk_813828-831260_72.wav,078a97ef32b3268e04e7b8a7b4bcfcffe91cc58ff381297c21d7dafcc94e2186,8.109999656677246,clean-16khz,17.999000549316406,Hausa-English,Yauwa Lisa yanzu saura ke Kunsan me Ina tunanin Agnes tayi takaran ta fini dacewa Ahn Shikenan mezai hana muzaba a tsakanin mu duk Wanda suke goyon bayan Agnes nendi ta zama shugaban firefet ya daga hannu,Yauwa Lisa yanzu saura ke Kunsan me Ina tunanin [[EN]]Agnes[[/EN]] tayi takaran ta fini dacewa Ahn Shikenan mezai hana muzaba a tsakanin mu duk Wanda suke goyon bayan [[EN]]Agnes[[/EN]] nendi ta zama shugaban [[EN]]firefet[[/EN]] ya daga hannu,afriswitch-hausa-000796-QhhV4RQC1SI_chunk_813828-831260_72,QhhV4RQC1SI_chunk,natural-afriswitch,6
audio/hausa/000855-7C68C03fiho_chunk_1793984-1807664_182.wav,c9b750bd2579cb105c5190a81b934bc3506fef6861d88d9e4e35cfb62cd3f5d7,6.25,clean-16khz,13.680000305175781,Hausa-English,"Masha Allah, gaskiya mun ji dadi ko da gaske to zai muka kalli kamar accountability kamar yadda fine gaskiya yadda ya kamata. Shin a ganinka a wani sauyi ake samu wani sau ko kuma da irin sawai sau aka samu a an shekarun nan na na baya so?","Masha Allah, gaskiya mun ji dadi ko da gaske [[EN]]to[[/EN]] zai muka kalli kamar [[EN]]accountability[[/EN]] kamar yadda [[EN]]fine[[/EN]] gaskiya yadda ya kamata. Shin a ganinka a wani sauyi ake samu wani sau ko kuma da irin sawai sau aka samu a an shekarun nan na na baya so?",afriswitch-hausa-000855-7C68C03fiho_chunk_1793984-1807664_182,7C68C03fiho_chunk,natural-afriswitch,6
audio/hausa/000856-zFVp4593XZY_chunk_1345700-1356412_131.wav,fcd60c6d12371ece8762276e628df4ad7c7ba6bc62fda4c1502ecf399e00eb5f,7.5,clean-16khz,12.031000137329102,Hausa-English,kai kana da matsala wallahi don kawai kana so in zo studio shine zaka min karya wai ina da bakuwa to barin gayama wani abu daya wallahi ba zan fito ba yau wanki ma nakeyi yanzu haka nake ina gida,kai kana da matsala wallahi don kawai kana [[EN]]so[[/EN]] in zo [[EN]]studio[[/EN]] shine zaka min karya wai ina da bakuwa [[EN]]to[[/EN]] barin gayama wani abu daya wallahi ba zan fito ba yau wanki ma nakeyi yanzu haka nake ina gida,afriswitch-hausa-000856-zFVp4593XZY_chunk_1345700-1356412_131,zFVp4593XZY_chunk,natural-afriswitch,6
audio/hausa/000863-Zw1dZAGkh2s_chunk_239940-246672_22.wav,3ea63955c363758edbba8f72a36fdccadc04f23b1c4f6c6225f1e1c7bd82468c,20.0,clean-16khz,6.73199987411499,Hausa-English,"Yan watanni kadan da suka gabata, kwararriyan mai kwalliyar ta kasance soja na tsaro na tigrey wato tigrey defence force","Yan watanni kadan da suka gabata, kwararriyan mai kwalliyar ta kasance soja na tsaro na [[EN]]tigrey[[/EN]] wato [[EN]]tigrey defence force[[/EN]]",afriswitch-hausa-000863-Zw1dZAGkh2s_chunk_239940-246672_22,Zw1dZAGkh2s_chunk,natural-afriswitch,3
audio/hausa/000872-c9c1e8838019418e96f872f2b1a314bb.wav,205a7645fcba5e86300637ab82efbebbb776741093de69925672b30301ec6f01,5.260000228881836,clean-16khz,29.0,Hausa-English,Cut off shiga dakin wani ko wata ko wani a kira a ce a a zo zamu ciya abu a ce ki shiga gida karki shiga wanda ya ke so ya siya abu ya fito waje ya siya already an yi mana wanann nasihan nasihan wato so boda haka baƙi bi shi ba ban bi shi ba to a lokacin da na san lokacin kina er karamarkin ta ya kika samu overcoming waɗannan challenges din musamman shi wannan cin zarafin da kika fadi gaskiya gidan da mu taso an nuna mana kaunar da soyayya sosai,[[EN]]Cut off[[/EN]] shiga dakin wani ko wata ko wani a kira a ce a a zo zamu ciya abu a ce ki shiga gida karki shiga wanda ya ke so ya siya abu ya fito waje ya siya [[EN]]already[[/EN]] an yi mana wanann nasihan nasihan wato so boda haka baƙi bi shi ba ban bi shi ba to a lokacin da na san lokacin kina er karamarkin ta ya kika samu [[EN]]overcoming[[/EN]] waɗannan [[EN]]challenges[[/EN]] din musamman shi wannan cin zarafin da kika fadi gaskiya gidan da mu taso an nuna mana kaunar da soyayya sosai,afriswitch-hausa-000872-c9c1e8838019418e96f872f2b1a314bb,c9c1e8838019418e96f872f2b1a314bb,natural-afriswitch,7
audio/hausa/000902-O4eq8j5LvrA_chunk_2299104-2317024_258.wav,293089d2c793aa969ea8f2a3a5bf6e38943f8b9d4551e168be36de076b7a137b,3.640000104904175,clean-16khz,17.920000076293945,Hausa-English,To a'a shi ba fah wai a siyar bane aci kudin shi dai a sayar da motan in tambaye ki za a sa kudin a gaba ana kallon su ne. Wayau yake mata daga an ce a saida ai akwai wani business opportunity zai kwace mata yan kudadan ta toh mu kima an maudu'in mu,To a'a shi ba fah wai a siyar bane aci kudin shi dai a sayar da motan in tambaye ki za a sa kudin a gaba ana kallon su ne. Wayau yake mata daga an ce a saida ai akwai wani [[EN]]business opportunity[[/EN]] zai kwace mata yan kudadan ta toh mu kima an maudu'in mu,afriswitch-hausa-000902-O4eq8j5LvrA_chunk_2299104-2317024_258,O4eq8j5LvrA_chunk,natural-afriswitch,2
audio/hausa/000903-TwGY2-M81zE_chunk_2671104-2681120_283.wav,3b9ba51fdad5e3df0c471495c04eea4cd30a39a8afde41534a6af7ff267d540b,6.449999809265137,clean-16khz,10.015999794006348,Hausa-English,Ya dauko 'yan daba ya sasu a cikin al'ummar gari ya sada zumunci tsakanin al'umma gari da 'yan daba. Akwai wata ball da aka dan gayyace ni a Sani Abacha stadium.,Ya dauko 'yan daba ya sasu a cikin al'ummar gari ya sada zumunci tsakanin al'umma gari da 'yan daba. Akwai wata [[EN]]ball[[/EN]] da aka dan gayyace ni a Sani Abacha [[EN]]stadium.[[/EN]],afriswitch-hausa-000903-TwGY2-M81zE_chunk_2671104-2681120_283,TwGY2_M81zE,natural-afriswitch,3
audio/hausa/000908-w-Rzjskwfis_chunk_2052100-2060656_175.wav,75938c08bea434562c9e145439d6f7ae29b4e7c6d6a42a41ac8e194a7b200035,16.1299991607666,clean-16khz,8.555999755859375,Hausa-English,"Timesup U see zat line wancan layin da wancan saukan mu su, angama! Bassa! muna da gida guda biyu da suke biyan mu a wannan layin da kasa zamu sauke yanzu.","[[EN]]Timesup U see zat line[[/EN]] wancan layin da wancan saukan mu su, angama! Bassa! muna da gida guda biyu da suke biyan mu a wannan layin da kasa zamu sauke yanzu.",afriswitch-hausa-000908-w-Rzjskwfis_chunk_2052100-2060656_175,w_Rzjskwfis,natural-afriswitch,1
audio/hausa/000963-QhhV4RQC1SI_chunk_395792-411360_32.wav,19c6756de59a384b8600213871a324bc343185e87f5a2fc365f01f83da1dcae9,2.1700000762939453,clean-16khz,15.567999839782715,Hausa-English,Kara mun karsashi da kwarewarki da kuma irin salanki ina son haka um wai takamaiman me kike so a gurina nemu to sun tambaya ta ka rashi gwarin frifet zanyi ina so ki tsaya mun kuma bana tunanin akwai wanda tafi dacewa in baki baya miki,Kara mun karsashi da kwarewarki da kuma irin salanki ina son haka um wai takamaiman me kike so a gurina nemu to sun tambaya ta ka rashi gwarin [[EN]]frifet[[/EN]] zanyi ina so ki tsaya mun kuma bana tunanin akwai wanda tafi dacewa in baki baya miki,afriswitch-hausa-000963-QhhV4RQC1SI_chunk_395792-411360_32,QhhV4RQC1SI_chunk,natural-afriswitch,2
audio/hausa/000972-_4ksyQsw28M_chunk_426576-433760_45.wav,0cfcea35318f9cf58669e5ff9364cb234a0e56b3a2d2891ec6a3da5c11096e08,16.670000076293945,clean-16khz,7.184000015258789,Hausa-English,"Tor shi kanshi waken, 99% ai,suga ne a cikin, protein ne amma da suga, ka ga ne,tor a wannan.","Tor shi kanshi [[EN]]waken,[[/EN]] 99% ai,suga ne a cikin, [[EN]]protein[[/EN]] ne amma da suga, ka ga [[EN]]ne,tor[[/EN]] a wannan.",afriswitch-hausa-000972-_4ksyQsw28M_chunk_426576-433760_45,_4ksyQsw28M,natural-afriswitch,6
audio/hausa/000974-2x39Sx_u1mM_chunk_87552-97792_11.wav,1f59194af51ab86736d1430dc9a0bfc5e93dc390d0c2eacd5f941f3598e10d57,45.0,clean-16khz,10.239999771118164,Hausa-English,"Recharge. To abinda zakayi gashi nan ga wallet address da zakayi copy, TRC20, TRC20 zakayi copying se ka shiga am","[[EN]]Recharge. To[[/EN]] abinda zakayi gashi nan ga [[EN]]wallet address[[/EN]] da zakayi [[EN]]copy, TRC20, TRC20[[/EN]] zakayi [[EN]]copying[[/EN]] se ka shiga [[EN]]am[[/EN]]",afriswitch-hausa-000974-2x39Sx_u1mM_chunk_87552-97792_11,2x39Sx_u1mM,natural-afriswitch,8
audio/hausa/001001-RTyE20wftpc_chunk_493408-507792_45.wav,fe2b1bcfad26e1dfc5e4f3981b5226e5dc6344f8d06142e3c825c2f972647ea7,19.350000381469727,clean-16khz,14.383999824523926,Hausa-English,Makarantu ta gamayya ta tarayya Yawwa awajen nayi makaranta ban da haka kuma na je makarantar military na je makarantar military that's my primary school tun daga lokacin mukayi ta abubuwa,Makarantu ta gamayya ta tarayya Yawwa awajen nayi makaranta ban da haka kuma na je makarantar [[EN]]military[[/EN]] na je makarantar [[EN]]military that's my primary school[[/EN]] tun daga lokacin mukayi ta abubuwa,afriswitch-hausa-001001-RTyE20wftpc_chunk_493408-507792_45,RTyE20wftpc_chunk,natural-afriswitch,4
audio/hausa/001014-5FMDTQzfNN0_chunk_1954640-1959260_179.wav,c189a05555eb27be205432ec0b503388829f1e00178b84be0ed164a7d8aac4fb,7.139999866485596,clean-16khz,5.556000232696533,Hausa-English,"Me amfanin tashin hankali ne, ke rayya wannan ba seniornki bane kike masa ihu","Me amfanin tashin hankali ne, ke rayya wannan ba [[EN]]seniornki[[/EN]] bane kike masa ihu",afriswitch-hausa-001014-5FMDTQzfNN0_chunk_1954640-1959260_179,5FMDTQzfNN0_chunk,natural-afriswitch,2
audio/hausa/001046-cF5H4ldem_8_chunk_689360-697184_60.wav,1fa4595b0cc83bcbb2614891efcd6f6ca213fcb49df319667bde762ef5243175,3.569999933242798,clean-16khz,7.823999881744385,Hausa-English,"Ai na gama kerata na bashi, wanda ya ja yayi accident shi ya jiyo, wanda yaje lafiya shi ya jiyo ni na gama nawa. Ahhhh… toh, ikon Allah. Toh.","Ai na gama kerata na bashi, wanda ya ja yayi [[EN]]accident[[/EN]] shi ya jiyo, wanda yaje lafiya shi ya jiyo ni na gama nawa. Ahhhh… toh, ikon Allah. Toh.",afriswitch-hausa-001046-cF5H4ldem_8_chunk_689360-697184_60,cF5H4ldem_8,natural-afriswitch,2
audio/hausa/001053-YI5ZY_n82Ao_chunk_346864-352496_31.wav,8f7a1b5045fe9fa26be0779683b35754c3a52bc088506fbb0638b956be61ccf8,6.670000076293945,clean-16khz,5.631999969482422,Hausa-English,A'a kusan abubuwan da kafin ma mu fara ayyukan nan sai da muka yi research.,A'a kusan abubuwan da kafin ma mu fara ayyukan nan sai da muka yi [[EN]]research.[[/EN]],afriswitch-hausa-001053-YI5ZY_n82Ao_chunk_346864-352496_31,YI5ZY_n82Ao,natural-afriswitch,1
audio/hausa/001057-QPBjTsB5X3A_chunk_39536-50288_7.wav,049008930ddf9b95d748b1b651e7af8fb415a2d48cbfff8b32742f5ab8eac6d0,47.619998931884766,clean-16khz,10.751999855041504,Hausa-English,Shi ma zamu bashi jessyn shi kamar yanda muka yi alkawari senior man we all know this tournament is sponsored by TDbet,Shi ma zamu bashi jessyn shi kamar yanda muka yi alkawari [[EN]]senior man we all know this tournament is sponsored by[[/EN]] TDbet,afriswitch-hausa-001057-QPBjTsB5X3A_chunk_39536-50288_7,QPBjTsB5X3A_chunk,natural-afriswitch,1
audio/hausa/001101-ejU8-lYEVXY_chunk_350672-357788_31.wav,c6e61f360e43e029750db2873600f0e59b8f2902694a8d697f3845241fcafce9,9.09000015258789,clean-16khz,10.157999992370605,Hausa-English,"Wato idan baka so kinan ba ka bukatar ma ka saka? Um baka bukatar ma kasaka a ciki, in baka cin garlic","Wato idan baka so kinan ba ka bukatar ma ka saka? Um baka bukatar ma kasaka a ciki, [[EN]]in[[/EN]] baka cin [[EN]]garlic[[/EN]]",afriswitch-hausa-001101-ejU8-lYEVXY_chunk_350672-357788_31,ejU8_lYEVXY,natural-afriswitch,3
audio/hausa/001111-Qfk9xAQjv14_chunk_187664-194624_16.wav,3f357d6078ea8af94148a6b4d11efa0751b8c23fd15c436cc072fad5e129b8a9,21.43000030517578,clean-16khz,6.960000038146973,Hausa-English,Sai in keta langalangan sai in fidda shape din mota ko jirgi ko vespar.,Sai [[EN]]in[[/EN]] keta langalangan sai [[EN]]in[[/EN]] fidda [[EN]]shape[[/EN]] din mota ko jirgi ko vespar.,afriswitch-hausa-001111-Qfk9xAQjv14_chunk_187664-194624_16,Qfk9xAQjv14_chunk,natural-afriswitch,6
audio/hausa/001121-Fugp7beACgs_chunk_3398116-3405926_314.wav,2aca6aa42c39ba60bd441e4089bd4cb7fb27035b73fbad037654649afd8336a7,9.520000457763672,clean-16khz,7.809999942779541,Hausa-English,"standing by bara muje shirin mu na gaba, to masu kallon mu ga shirin mu na gaba wato shirin zangon baki","[[EN]]standing by[[/EN]] bara muje shirin mu na gaba, to masu kallon mu ga shirin mu na gaba wato shirin zangon baki",afriswitch-hausa-001121-Fugp7beACgs_chunk_3398116-3405926_314,Fugp7beACgs_chunk,natural-afriswitch,1
audio/hausa/001140-jB7sp6lmZHA_chunk_1220576-1231728_102.wav,22bc452d1ad8185ba21ca6892fd6adeeda505fc75d102083d083f4bb4b422a86,19.229999542236328,clean-16khz,11.152000427246094,Hausa-English,"To do with economic political, wato sun da shafi tattalin arziki da siyasa da kuma batuniyoyin da aka amince dasu a baya kan batutuwa da dama.","[[EN]]To do with economic political,[[/EN]] wato sun da shafi tattalin arziki da siyasa da kuma batuniyoyin da aka amince dasu a baya kan batutuwa da dama.",afriswitch-hausa-001140-jB7sp6lmZHA_chunk_1220576-1231728_102,jB7sp6lmZHA_chunk,natural-afriswitch,1
audio/hausa/001143-f7zfDd33Sz0_chunk_806448-816000_68.wav,ff7065019eae9bf6b3316923971f4e0001c5de17998bad3adedd2c5521a5cb17,13.789999961853027,clean-16khz,9.552000045776367,Hausa-English,Unbeaten har ta ci kofi sama da Arsenal kuma ina me tabbatar maka yanzu har a gama gasar premiere babu kungiyar da zata fara wasan gasar premiere a tashi,[[EN]]Unbeaten[[/EN]] har ta ci kofi sama da [[EN]]Arsenal[[/EN]] kuma ina me tabbatar maka yanzu har a gama gasar [[EN]]premiere[[/EN]] babu kungiyar da zata fara wasan gasar [[EN]]premiere[[/EN]] a tashi,afriswitch-hausa-001143-f7zfDd33Sz0_chunk_806448-816000_68,f7zfDd33Sz0_chunk,natural-afriswitch,7
audio/hausa/001145-odhogXZUoiM_chunk_512912-518720_49.wav,b97dec9b86a23807726009722bd5371c21a2297618e9e0522b89465db5d5e4a3,10.529999732971191,clean-16khz,5.808000087738037,Hausa-English,A matsina babu inda aka ce in yi maka ror proce dina wasa kawai ake son shi shi yawo,[[EN]]A[[/EN]] matsina babu inda aka ce in yi maka ror [[EN]]proce[[/EN]] dina wasa kawai ake son shi shi yawo,afriswitch-hausa-001145-odhogXZUoiM_chunk_512912-518720_49,odhogXZUoiM_chunk,natural-afriswitch,3
audio/hausa/001166-LeIqB_-hmQ0_chunk_2192832-2205344_215.wav,ba6eab7b8dcd3fb455e3223c5300ae35376ff3210a1b1a87a67700848685eab6,3.119999885559082,clean-16khz,12.51200008392334,Hausa-English,Mabaratan dadin kowa 'yankuci ku bamu albishirin ki goro albishirin ki goro kwana kwanan nan zaki je ki a bayan mota an kunna maki AC kina shan raba direba na tuqa ki,Mabaratan dadin kowa 'yankuci ku bamu albishirin ki goro albishirin ki goro kwana kwanan nan zaki je ki a bayan mota an kunna maki [[EN]]AC[[/EN]] kina shan raba direba na tuqa ki,afriswitch-hausa-001166-LeIqB_-hmQ0_chunk_2192832-2205344_215,LeIqB_,natural-afriswitch,2
audio/hausa/001197-WAVcH-nTgRY_chunk_244688-258912_21.wav,3c9033708f05db76392da3e702e58ce66b237632d554b75c1462a1e214e58636,12.899999618530273,clean-16khz,14.223999977111816,Hausa-English,Ka shiga makarantar kimiya da fisalin na karanta Ate and design to kace kai kwararre ne kenan aharkan taswiral Zane Zane hanzu haka da dan sanda da dan kadbom sai in,Ka shiga makarantar kimiya da fisalin na karanta [[EN]]Ate and design to[[/EN]] kace kai kwararre ne kenan aharkan taswiral Zane Zane hanzu haka da dan sanda da dan kadbom sai in,afriswitch-hausa-001197-WAVcH-nTgRY_chunk_244688-258912_21,WAVcH_nTgRY,natural-afriswitch,2
audio/hausa/001210-hX7qZ1MSZJo_chunk_467744-475056_51.wav,7e397967370813f4b570a74830edb73d19cb663c58ffdc062c3d0ab0f839a63c,47.369998931884766,clean-16khz,7.311999797821045,Hausa-English,So in essence abinda nake fadi shine ko a America democracy dinsu sanda suka samu irin wa'yannan gallops in,[[EN]]So in essence[[/EN]] abinda nake fadi [[EN]]shine[[/EN]] ko [[EN]]a America democracy[[/EN]] dinsu sanda suka samu irin wa'yannan [[EN]]gallops in[[/EN]],afriswitch-hausa-001210-hX7qZ1MSZJo_chunk_467744-475056_51,hX7qZ1MSZJo_chunk,natural-afriswitch,6
audio/hausa/001219-_fY-glHqvA0_chunk_1149072-1160128_119.wav,73ba1a5ff1ab64afb4b44afb5bd180d6659eb4b173107749243645714923d8f8,7.690000057220459,clean-16khz,11.055999755859375,Hausa-English,Sai dai laifin da ake zargin kwamandan general Army da aikatawa shine sace mutane fararen hula ya kuma tambayi kudade masu yawa a matsayin na fansa,Sai dai laifin da ake zargin kwamandan [[EN]]general Army[[/EN]] da aikatawa shine sace mutane fararen hula ya kuma tambayi kudade masu yawa a matsayin na fansa,afriswitch-hausa-001219-_fY-glHqvA0_chunk_1149072-1160128_119,_fY,natural-afriswitch,2
audio/hausa/001231-cDSsWSG4R0Y_chunk_2736256-2738208_273.wav,42fabeeb2122d0ca2ebd3acd9bda59f714ed9d384aaef86b3d4216c97274512f,14.289999961853027,clean-16khz,1.9520000219345093,Hausa-English,Moza ta fai da mu ta one,Moza ta fai da mu ta [[EN]]one[[/EN]],afriswitch-hausa-001231-cDSsWSG4R0Y_chunk_2736256-2738208_273,cDSsWSG4R0Y_chunk,natural-afriswitch,1
audio/hausa/001245-831_eYeytmA_chunk_376068-389884_27.wav,f0bd21c802f07dc2d9198f463c6967c1a26b80df4cec2e4f3d9264a681c99c13,45.83000183105469,clean-16khz,15.13599967956543,Hausa-English,"Wetin be shinge? To bara in gaya maka, shinge ko katanga yana nufin barrier. So Love has no barrier. Uhum Love has no barrier","Wetin be shinge? [[EN]]To[[/EN]] bara in gaya maka, shinge ko katanga yana nufin [[EN]]barrier. So Love has no barrier.[[/EN]] Uhum [[EN]]Love has no barrier[[/EN]]",afriswitch-hausa-001245-831_eYeytmA_chunk_376068-389884_27,831_eYeytmA,natural-afriswitch,5
audio/hausa/001249-M-nq8iRuf04_chunk_1385840-1398880_141.wav,a439473a90566ddd1502279d7463799394b806064e9d78a0685ef8c1dfbf39dd,15.380000114440918,clean-16khz,13.039999961853027,Hausa-English,Sarauta uku sarkin Mayu sarkin Bakawa kuma sarkin magani inda ta zo gaban karshe bida fa nake Niger state daga jihar Bida Niger state masu kallo,Sarauta uku sarkin Mayu sarkin Bakawa kuma sarkin magani inda ta zo gaban karshe bida fa nake [[EN]]Niger state[[/EN]] daga jihar Bida [[EN]]Niger state[[/EN]] masu kallo,afriswitch-hausa-001249-M-nq8iRuf04_chunk_1385840-1398880_141,M_nq8iRuf04,natural-afriswitch,4
audio/hausa/001259-AFwY2Tlyw38_chunk_755440-761696_69.wav,86587947c395e9022314ee7a9a6cce6bdcfe4f99398d0de3b91b39cdce9918be,15.789999961853027,clean-16khz,6.25600004196167,Hausa-English,"Eh, wannan galic wannan ginjan da galic da jinjan da wasu spices din wasu suna iya sawa dan kadan","Eh, wannan [[EN]]galic[[/EN]] wannan ginjan da [[EN]]galic[[/EN]] da jinjan da wasu [[EN]]spices[[/EN]] din wasu suna iya sawa dan kadan",afriswitch-hausa-001259-AFwY2Tlyw38_chunk_755440-761696_69,AFwY2Tlyw38_chunk,natural-afriswitch,6
audio/hausa/001273-z2AOFo3UJRA_chunk_187684-202576_24.wav,f3d8346928da90f3b8625d0a08922b16ef6f82a61c76683d2646d2ab9c4b8e98,13.510000228881836,clean-16khz,14.892000198364258,Hausa-English,malam Danladi na fahimci kana neman Kai ja'inja dani to Ina tabbatar makea in Kai jain ja'inja dani bazaka kai labari ba labarin film din headmaster Yana bayarda labarin shugaban wata makarantan firamare wacce take garin gangare,malam Danladi na fahimci kana neman Kai ja'inja dani [[EN]]to[[/EN]] Ina tabbatar makea [[EN]]in[[/EN]] Kai jain ja'inja dani bazaka kai labari ba labarin [[EN]]film[[/EN]] din [[EN]]headmaster[[/EN]] Yana bayarda labarin shugaban wata makarantan firamare wacce [[EN]]take[[/EN]] garin gangare,afriswitch-hausa-001273-z2AOFo3UJRA_chunk_187684-202576_24,z2AOFo3UJRA_chunk,natural-afriswitch,10
audio/hausa/001278-ExMMbnjpzmM_chunk_377216-393456_42.wav,22d4c6fc1f17a1aefd46210ad1b433914955ab20f206d6fec377b26a2cdc6ab4,37.5,clean-16khz,16.239999771118164,Hausa-English,Abu kowane abin da zaka yi a rayuwanka sai kayi daidai kuma da sauran Allah parcivarans is one dem patient is one of them,Abu kowane abin da zaka yi a rayuwanka sai kayi daidai kuma da sauran Allah [[EN]]parcivarans is one dem patient is one of them[[/EN]],afriswitch-hausa-001278-ExMMbnjpzmM_chunk_377216-393456_42,ExMMbnjpzmM_chunk,natural-afriswitch,1
audio/hausa/001283-a0b4UMQGaPI_chunk_1995856-2002080_222.wav,3ceebab54eb96c78161aa07b4e29aee6d4071aa12cb7d9b1ef064ba6ec685f1c,33.33000183105469,clean-16khz,6.223999977111816,Hausa-English,Kuma wannan council meeting -Federal council,Kuma wannan [[EN]]council meeting -Federal council[[/EN]],afriswitch-hausa-001283-a0b4UMQGaPI_chunk_1995856-2002080_222,a0b4UMQGaPI_chunk,natural-afriswitch,1
audio/hausa/001359-yAESHeKkRk0_chunk_176368-186384_19.wav,bf81577c5be937781ff410c3a243c84966fbdc91908799d7d07e63291eee33ae,31.81999969482422,clean-16khz,10.016009330749512,Hausa-English,"Wai su yan hip hop dinnan kullum sai sababbin abubuwa ne? Ai kasan hip hop, asalin hip hop, ai hio hop wato","Wai su yan [[EN]]hip hop[[/EN]] dinnan kullum sai sababbin abubuwa ne? Ai kasan [[EN]]hip hop,[[/EN]] asalin [[EN]]hip hop,[[/EN]] ai hio [[EN]]hop[[/EN]] wato",afriswitch-hausa-001359-yAESHeKkRk0_chunk_176368-186384_19,yAESHeKkRk0_chunk,natural-afriswitch,8
audio/hausa/001379-WAVcH-nTgRY_chunk_402400-411120_37.wav,78c9eaa60bde76f9dd51451784cd29ce6ec262e917a23ae7edc989cdfdb50c9c,19.229999542236328,clean-16khz,8.720000267028809,Hausa-English,"Eh shine fim dina na farko kuma mai bada umarni Hafizu Bello shine dalilin silak ka na shiga cikin harkar fina-finai, shine dalilin silata na shiga","[[EN]]Eh shine fim[[/EN]] dina na farko kuma mai bada umarni Hafizu Bello [[EN]]shine[[/EN]] dalilin silak ka na shiga cikin harkar fina-finai, [[EN]]shine[[/EN]] dalilin silata na shiga",afriswitch-hausa-001379-WAVcH-nTgRY_chunk_402400-411120_37,WAVcH_nTgRY,natural-afriswitch,5
audio/hausa/001385-H_OvKs9f458_chunk_311296-313056_34.wav,08049546c737539c0e592421e8351eb54189bbcb04d47ff48981df1b24e972d7,16.670000076293945,clean-16khz,1.7599999904632568,Hausa-English,To abin da ake so shine,To abin da ake so [[EN]]shine[[/EN]],afriswitch-hausa-001385-H_OvKs9f458_chunk_311296-313056_34,H_OvKs9f458,natural-afriswitch,1
audio/hausa/001399-5PCQc_VZAqs_chunk_1713648-1722896_190.wav,99e8178b130fd53843149a1b53dbeb369ce5c5314ff43d0994f1bb5cce1ef167,14.289999961853027,clean-16khz,9.248000144958496,Hausa-English,Idan a rediyo ne muna tare da ku idan kuma a shafukan sada zumunta ne za ku same mu a Facebook da Instagram da twitter da kuma YouTube.,Idan a rediyo ne muna tare da ku idan kuma a shafukan sada zumunta ne za ku same mu a [[EN]]Facebook[[/EN]] da [[EN]]Instagram[[/EN]] da [[EN]]twitter[[/EN]] da kuma [[EN]]YouTube.[[/EN]],afriswitch-hausa-001399-5PCQc_VZAqs_chunk_1713648-1722896_190,5PCQc_VZAqs,natural-afriswitch,7
audio/hausa/001421-_fY-glHqvA0_chunk_1603588-1613920_174.wav,c358648038a3ba5432881355490957904ea4ddbe8e7571a4e16c63c712118b37,11.760000228881836,clean-16khz,10.331999778747559,Hausa-English,Najeriya yana da matatun man fetur hudu to amma sun shafe kusan shekara arba'in ba sa aiki wani abu da ya zaburar da dangote wani attajirinan na Afirka ya kafa matatar dangote a kasar,Najeriya yana da matatun [[EN]]man fetur[[/EN]] hudu to amma sun shafe kusan shekara arba'in ba sa aiki wani abu da ya zaburar da [[EN]]dangote[[/EN]] wani attajirinan na Afirka ya kafa matatar [[EN]]dangote[[/EN]] a kasar,afriswitch-hausa-001421-_fY-glHqvA0_chunk_1603588-1613920_174,_fY,natural-afriswitch,6
audio/hausa/001429-jxZsyuTxVAI_chunk_157616-160572_16.wav,cd84d5caceb8962bf50965a1cdd85073c0de36ded21d32a229b3933487e448c6,11.109999656677246,clean-16khz,2.9560000896453857,Hausa-English,A nan ake tura shi a kulle da safe,A nan ake tura shi a kulle da [[EN]]safe[[/EN]],afriswitch-hausa-001429-jxZsyuTxVAI_chunk_157616-160572_16,jxZsyuTxVAI_chunk,natural-afriswitch,1
audio/hausa/001468-4iDa2Ap0eQA_chunk_21344-37468_2.wav,112d61779776028170f46b6abe4a14277f43dc74f2e673abbef696154f84f5a7,8.0,clean-16khz,16.22800064086914,Hausa-English,"Aka ce ni na miji Meye? Bayi zan shiga,lafiya na ganta a tube? Ba ruwanka,ba ruwanka,matsala nawa da shi nan,ka bar mu Meke faruwa ne?","Aka ce ni na miji Meye? Bayi zan shiga,lafiya na ganta [[EN]]a tube?[[/EN]] Ba ruwanka,ba ruwanka,matsala nawa da shi nan,ka bar mu Meke faruwa ne?",afriswitch-hausa-001468-4iDa2Ap0eQA_chunk_21344-37468_2,4iDa2Ap0eQA_chunk,natural-afriswitch,2
audio/hausa/001489-0KMuB4HvHLY_chunk_208612-222016_21.wav,ca6676f38ade7bfd07a4c1dbdd07ad79ff2da19ed2ed586b187bce5648d2a5e9,6.670000076293945,clean-16khz,13.404000282287598,Hausa-English,wani ma'aikacin kiwon lafiya a Gaza wanda ya tsani ke rijiya da baya a harda Isra'ila ta kai kan ayar motocin ungiyar agaji ta red trasant inda aka kashe ma'aikata a gaji goma sha biyar ya kalubalanci dalilin bue wuta da sojojin Isra'ila suka bayar,wani ma'aikacin kiwon lafiya a [[EN]]Gaza[[/EN]] wanda ya tsani ke rijiya da baya a harda Isra'ila ta kai kan ayar motocin ungiyar agaji ta [[EN]]red trasant[[/EN]] inda aka kashe ma'aikata a gaji goma sha biyar ya kalubalanci dalilin bue wuta da sojojin Isra'ila suka bayar,afriswitch-hausa-001489-0KMuB4HvHLY_chunk_208612-222016_21,0KMuB4HvHLY_chunk,natural-afriswitch,4
audio/hausa/001491-VDjdFeKbqaA_chunk_465936-472592_47.wav,c0832859315260a1f2a3b8fde4e42857a34b09a002500d993a0ac4af4a537d23,6.670000076293945,clean-16khz,6.656000137329102,Hausa-English,Yar jarida ta yura da ni ya sake yin tambaya faya barkon tsoya tune wurin,Yar jarida ta yura da ni ya sake yin tambaya faya barkon tsoya [[EN]]tune[[/EN]] wurin,afriswitch-hausa-001491-VDjdFeKbqaA_chunk_465936-472592_47,VDjdFeKbqaA_chunk,natural-afriswitch,2
audio/hausa/001498-Oy6a5MXUJP0_chunk_945104-954160_108.wav,2894fede011b70dbda9808901c3b96cd015f02e7ecb4c009e0b55505f2eed259,6.449999809265137,clean-16khz,9.055999755859375,Hausa-English,Suna neman irin su ibrahima bit har Wanda duk Yan wasa ne da in a dane ba zama ayi tinanin man city zama ta neme suba ko dama rade raden ne,Suna neman irin su ibrahima [[EN]]bit[[/EN]] har Wanda duk Yan wasa ne da in a dane ba zama ayi tinanin man [[EN]]city[[/EN]] zama ta neme suba ko dama rade raden ne,afriswitch-hausa-001498-Oy6a5MXUJP0_chunk_945104-954160_108,Oy6a5MXUJP0_chunk,natural-afriswitch,4
audio/hausa/001499-BQBAQKzk4Ic_chunk_1104784-1121216_105.wav,95aeea63713a0ba7330b8684702e02bef3323125f29feee9817d78377403f329,6.380000114440918,clean-16khz,16.43199920654297,Hausa-English,"Idan ya kama, akwai wasu haraji kamfanoni da suke nan da aka dakatar musu da haraji kowanne ya dawo da su sun isa ya rage mabukatar wannan nauyin harajin da aka dora kansu yadda aka sarrafa cocoa bod za a samu wani bod kuma haka da zai","Idan ya kama, akwai wasu haraji kamfanoni da suke nan da aka dakatar musu da haraji kowanne ya dawo da su sun isa ya rage mabukatar wannan nauyin harajin da aka dora kansu yadda aka sarrafa [[EN]]cocoa bod[[/EN]] za a samu wani [[EN]]bod[[/EN]] kuma haka da zai",afriswitch-hausa-001499-BQBAQKzk4Ic_chunk_1104784-1121216_105,BQBAQKzk4Ic_chunk,natural-afriswitch,4
audio/igbo/000003-LoLPh-PVyyc_chunk_1226560-1239184_138.wav,071c028f0c2919a35e3fcdeeea5da1e61ec1598acbd51810bfa7137dfb47de29,20.0,clean-16khz,12.62399959564209,Igbo-English,"Fere bia ha nso, and called them by their names, were kpo ha aha n'ofu n'ofu","Fere bia [[EN]]ha nso, and called them by their names, were[[/EN]] kpo [[EN]]ha[[/EN]] aha [[EN]]n'ofu n'ofu[[/EN]]",afriswitch-igbo-000003-LoLPh-PVyyc_chunk_1226560-1239184_138,LoLPh_PVyyc,natural-afriswitch,3
audio/igbo/000050-377qQqaCs8A_chunk_648068-654556_68.wav,3eb9fdf5013fdc68a599a99c82b3bc3a09083d86d5d1fadefda2559337e02e71,5.880000114440918,clean-16khz,6.48799991607666,Igbo-English,Wait let me block this eze thankgod Austin oyaa goodbye from this page you are an idiot,[[EN]]Wait let me block this eze thankgod Austin[[/EN]] oyaa [[EN]]goodbye from this page you are an idiot[[/EN]],afriswitch-igbo-000050-377qQqaCs8A_chunk_648068-654556_68,377qQqaCs8A_chunk,natural-afriswitch,2
audio/igbo/000069-L7fEHb6tafI_chunk_12388-28128_2.wav,d5257211b657ec2c5e15117ea0c751e9745b7287e239316c63b937392e585983,46.150001525878906,clean-16khz,15.739999771118164,Igbo-English,"It's dark, chi ejigo, chi ejigo. The moon is shining, ọnwa n'eti. Ọnwa","[[EN]]It's dark,[[/EN]] chi ejigo, chi ejigo. [[EN]]The moon is shining,[[/EN]] ọnwa n'eti. Ọnwa",afriswitch-igbo-000069-L7fEHb6tafI_chunk_12388-28128_2,L7fEHb6tafI_chunk,natural-afriswitch,3
audio/igbo/000071-_U2cSu8UNe8_chunk_220164-234320_27.wav,de1580552ddda6495d4763f15b39d18d29e0eda046d2308c566a17d27aa866ad,42.41999816894531,clean-16khz,14.156000137329102,Igbo-English,"Ka osi ka njo bu no ndi Igbo anyi You cannot do it to another outside police apart from ndi Igbo anyi, you cannot try it Eyinyeha unu gown, unu ana ezuzughari Okay","Ka osi ka njo bu [[EN]]no[[/EN]] ndi [[EN]]Igbo[[/EN]] anyi [[EN]]You cannot do it to another outside police apart from[[/EN]] ndi [[EN]]Igbo[[/EN]] anyi, [[EN]]you cannot try it[[/EN]] Eyinyeha unu [[EN]]gown,[[/EN]] unu ana ezuzughari [[EN]]Okay[[/EN]]",afriswitch-igbo-000071-_U2cSu8UNe8_chunk_220164-234320_27,_U2cSu8UNe8,natural-afriswitch,13
audio/igbo/000115-P-LVtnjfoYI_chunk_2954256-2962876_289.wav,934effe3c7b74172cca7b55a3cf1bb897e23288e9b69b8654f83cd78c19b6a89,35.709999084472656,clean-16khz,9.87600040435791,Igbo-English,Ma gwa ha ma ga za ndi ntopu give vo mu my own stegimenti and they explained everything to me that I got the whole thing messed up,Ma gwa ha ma ga za ndi ntopu [[EN]]give[[/EN]] vo mu [[EN]]my own stegimenti and they explained everything to me that I got the whole thing messed up[[/EN]],afriswitch-igbo-000115-P-LVtnjfoYI_chunk_2954256-2962876_289,P_LVtnjfoYI,natural-afriswitch,3
audio/igbo/000160-MXXlxkuCRjM_chunk_2920612-2926640_325.wav,298bf282b732d4bf3d2d8d18135d03e92bc7dfd3b2b28f61e47ee3e88366c122,25.0,clean-16khz,6.0279998779296875,Igbo-English,I ghotago? So o gbasaghị m ihe unu na-aplan; o gbasaghị m nke unu plan-a-plan ni,[[EN]]I[[/EN]] ghotago? [[EN]]So[[/EN]] o gbasaghị m ihe unu [[EN]]na-aplan;[[/EN]] o gbasaghị m nke unu [[EN]]plan-a-plan[[/EN]] ni,afriswitch-igbo-000160-MXXlxkuCRjM_chunk_2920612-2926640_325,MXXlxkuCRjM_chunk,natural-afriswitch,7
audio/igbo/000171-LoLPh-PVyyc_chunk_3332416-3349660_379.wav,b89d49b3a877286d576f3859115f2fe27222315f73bfe131c2bd291391983e0b,14.8100004196167,clean-16khz,17.423999786376953,Igbo-English,"To produce quality, fun, visual children's programs that can help our kids learn asusu Igbo, also enroll in our online Igbo school today. Ka Ndi obia lawachara.","[[EN]]To produce quality, fun, visual children's programs that can help our kids learn asusu Igbo, also enroll in our online Igbo school today.[[/EN]] Ka Ndi obia lawachara.",afriswitch-igbo-000171-LoLPh-PVyyc_chunk_3332416-3349660_379,LoLPh_PVyyc,natural-afriswitch,1
audio/igbo/000180-aRIK319lpS0_chunk_1689072-1703584_186.wav,6edad195892bc1894357a8839c5fe536b703fddcfac0b39cda6663da224a3eda,14.8100004196167,clean-16khz,14.51200008392334,Igbo-English,"Ugochi? uhhhhhhhhh! guys ok so the funny story about that one, I have met Ugochi she was in Atlanta for the Umuigbo unite convention. Who said Ugochi?","Ugochi? [[EN]]uhhhhhhhhh! guys ok so the funny story about that one, I have met[[/EN]] Ugochi [[EN]]she was in Atlanta for the[[/EN]] Umuigbo [[EN]]unite convention. Who said[[/EN]] Ugochi?",afriswitch-igbo-000180-aRIK319lpS0_chunk_1689072-1703584_186,aRIK319lpS0_chunk,natural-afriswitch,6
audio/igbo/000208-ItggUeiU68Q_chunk_361200-373456_46.wav,ce23c5c304017e4ca50a6e1519414ce57c4dfea7df61cc4034c18cbaf05092f9,5.880000114440918,clean-16khz,12.255999565124512,Igbo-English,"Na Before ikwo ikwo isi ya, wa Anyi otu ihe ojo nkwa mere gi ka Anyi mee peace Ogaju nwekw ozuru ochi onwyi ihe ojo omere ya, ole nwanu ihe ijiri cho inu ya.","Na [[EN]]Before[[/EN]] ikwo ikwo isi ya, wa Anyi otu ihe ojo nkwa mere gi ka Anyi mee [[EN]]peace[[/EN]] Ogaju nwekw ozuru ochi onwyi ihe ojo omere ya, ole nwanu ihe ijiri cho inu ya.",afriswitch-igbo-000208-ItggUeiU68Q_chunk_361200-373456_46,ItggUeiU68Q_chunk,natural-afriswitch,4
audio/igbo/000209-K6uLPexqTds_chunk_716720-721568_86.wav,0cf05c082d368cc633ec83ecafd826e92bd72639e88b9510696df5ae99a8cf93,42.11000061035156,clean-16khz,4.8480000495910645,Igbo-English,Soso ndi I ga afu na adi make this kind of rousy noise bu ndi enwero ife ha chere,[[EN]]Soso[[/EN]] ndi [[EN]]I[[/EN]] ga afu na adi [[EN]]make this kind of rousy noise[[/EN]] bu ndi enwero ife ha chere,afriswitch-igbo-000209-K6uLPexqTds_chunk_716720-721568_86,K6uLPexqTds_chunk,natural-afriswitch,5
audio/igbo/000218-OheRKSBwaaA_chunk_3931652-3944608_432.wav,191fcf70803d8dc1ec3b6449b2fffc46039eef49e0d664fb07339d7676471888,21.6200008392334,clean-16khz,12.956000328063965,Igbo-English,"A na gbudi ye, a na eti di, ebu di igba na eti onu? ehh? ekwuru m ya ebe si lee baa, ife a wu how many hectare, thousand hectares of land, ka e we je ufodu","A na gbudi ye, a na eti di, ebu di igba na eti onu? ehh? ekwuru m ya ebe si lee baa, ife a [[EN]]wu how many hectare, thousand hectares of land,[[/EN]] ka e we je ufodu",afriswitch-igbo-000218-OheRKSBwaaA_chunk_3931652-3944608_432,OheRKSBwaaA_chunk,natural-afriswitch,2
audio/igbo/000236-8eTjV4nVFOs_chunk_430592-441312_52.wav,8ca38b23daa003241db3be9dcd9c3a7f81030adee78eb9a1824798280e08547e,50.0,clean-16khz,10.720000267028809,Igbo-English,"i have never spoken about ka things si we ga afuma, soso ihe unu di after ya bu Ebuka siunu, Ebuka asiri unu, when his followers now responded...","[[EN]]i have never spoken about[[/EN]] ka [[EN]]things[[/EN]] si [[EN]]we[[/EN]] ga afuma, [[EN]]soso[[/EN]] ihe unu di [[EN]]after[[/EN]] ya bu Ebuka siunu, Ebuka asiri unu, [[EN]]when his followers now responded...[[/EN]]",afriswitch-igbo-000236-8eTjV4nVFOs_chunk_430592-441312_52,8eTjV4nVFOs_chunk,natural-afriswitch,10
audio/igbo/000247-rXOfcEFAD_w_chunk_1019904-1023632_121.wav,136f0d3f559f50fc8de8c792281ffd67c8e602edbc398bbf4fbdbb856fb85793,25.0,clean-16khz,3.7279999256134033,Igbo-English,Look at njo joribe today only seven people,[[EN]]Look at[[/EN]] njo joribe [[EN]]today only seven people[[/EN]],afriswitch-igbo-000247-rXOfcEFAD_w_chunk_1019904-1023632_121,rXOfcEFAD_w,natural-afriswitch,2
audio/igbo/000283-Ie9W0VvRBlU_chunk_445008-454928_46.wav,b2f76850b7c242cfaf521989d50acd951d94752006bf390d224845171a7667de,46.880001068115234,clean-16khz,9.920000076293945,Igbo-English,"I am telling you about bea'nyi, I am telling you about bea'nyi. She because na oluru ife n'Aguta, does that mean n'anyinwa bu ndi Nnewi ya di akuru aka. Iwu onye Nnewi?","[[EN]]I am telling you about bea'nyi, I am telling you about bea'nyi. She because[[/EN]] na oluru ife n'Aguta, [[EN]]does that mean[[/EN]] n'anyinwa bu ndi Nnewi ya di akuru aka. Iwu onye Nnewi?",afriswitch-igbo-000283-Ie9W0VvRBlU_chunk_445008-454928_46,Ie9W0VvRBlU_chunk,natural-afriswitch,3
audio/igbo/000284--_drJGeGoLg_chunk_405252-415836_33.wav,3c84616cc7038af16d2411b5b23f6cac342f0a8bb35669fd192cbc850fad395f,33.33000183105469,clean-16khz,10.847999572753906,Igbo-English,"Atu bekee, atu bekee, chewing stick.","Atu bekee, atu bekee, [[EN]]chewing stick.[[/EN]]",afriswitch-igbo-000284--_drJGeGoLg_chunk_405252-415836_33,_,natural-afriswitch,1
audio/igbo/000289-RMEU52LaM6s_chunk_460452-466608_46.wav,52e4aa68d6de7070af9cf4ed9537e3eec65f525a26ba069e835f91acf0a3d1b4,33.33000183105469,clean-16khz,6.156000137329102,Igbo-English,"Responded to me. Hei chineke. Ofu si ehn mummy, na o maka","[[EN]]Responded to me.[[/EN]] Hei chineke. Ofu si ehn [[EN]]mummy,[[/EN]] na o maka",afriswitch-igbo-000289-RMEU52LaM6s_chunk_460452-466608_46,RMEU52LaM6s_chunk,natural-afriswitch,3
audio/igbo/000293-MXXlxkuCRjM_chunk_313776-316528_34.wav,460baac76ad6d77f922fb2d1324fab7d86e9394ac6f9c9edb8da7138254f6045,42.86000061035156,clean-16khz,2.752000093460083,Igbo-English,"Eji tesla welcome m, brand new tesla","Eji tesla [[EN]]welcome m, brand new[[/EN]] tesla",afriswitch-igbo-000293-MXXlxkuCRjM_chunk_313776-316528_34,MXXlxkuCRjM_chunk,natural-afriswitch,2
audio/igbo/000304-PrqAqZJeL70_chunk_2795936-2812528_305.wav,73e7eadc179056347c85cc80a40f1f6e350cafde48287adf2c86324b0755eba0,40.0,clean-16khz,16.591999053955078,Igbo-English,"Nke ndi okenye na-ekwu na okuko isi n'odu ya na-ere oku chere, na ha na-asuputa mmanu. Okay. So let me read this slowly so I can understand what it means. Obughi nke ndi okenye na-ekwu","Nke ndi okenye na-ekwu na okuko isi n'odu ya na-ere oku chere, na ha na-asuputa mmanu. [[EN]]Okay. So let me read this slowly so I can understand what it means.[[/EN]] Obughi nke ndi okenye na-ekwu",afriswitch-igbo-000304-PrqAqZJeL70_chunk_2795936-2812528_305,PrqAqZJeL70_chunk,natural-afriswitch,2
audio/igbo/000311-P-LVtnjfoYI_chunk_3108708-3113852_310.wav,78ca900b2c36ea6db1619bdbd2d480a0a80b13f40f8501986f2c2ed1eab0064f,16.670000076293945,clean-16khz,5.144000053405762,Igbo-English,enwega problem generally network na Chicago. I don't know what's going on,enwega [[EN]]problem generally network[[/EN]] na [[EN]]Chicago. I don't know what's going on[[/EN]],afriswitch-igbo-000311-P-LVtnjfoYI_chunk_3108708-3113852_310,P_LVtnjfoYI,natural-afriswitch,3
audio/igbo/000318-5kUxvR9Qd7E_chunk_932676-936256_101.wav,26dad04084a5cd80dcd767bbe905cce3ac505b480a85f6edfb751e5ec0aee035,33.33000183105469,clean-16khz,3.5799999237060547,Igbo-English,"(In music background) Njọ aka, remember","[[EN]](In music background)[[/EN]] Njọ aka, [[EN]]remember[[/EN]]",afriswitch-igbo-000318-5kUxvR9Qd7E_chunk_932676-936256_101,5kUxvR9Qd7E_chunk,natural-afriswitch,2
audio/igbo/000333-FuCOVLjoOdU_chunk_262404-269852_34.wav,02679c24174dabad5b5a109a78a17835600807aab3d1197b27db4999c5ceff7d,31.25,clean-16khz,8.015999794006348,Igbo-English,debanye aha n'ụlọ akwụkwọ suba asụsụ gi initiative online Igbo school taa maka mmụta asụsụ Igbo,debanye aha n'ụlọ akwụkwọ suba asụsụ gi [[EN]]initiative online Igbo school[[/EN]] taa maka mmụta asụsụ [[EN]]Igbo[[/EN]],afriswitch-igbo-000333-FuCOVLjoOdU_chunk_262404-269852_34,FuCOVLjoOdU_chunk,natural-afriswitch,3
audio/igbo/000334-V8C5JCkdNuw_chunk_182384-190608_21.wav,e5a0d641f90684aa5cee3c0ae7d2ee4d31fe414bc264f765cedbcc177891500f,14.289999961853027,clean-16khz,8.223999977111816,Igbo-English,"nwaanyi muo nwa, nne ya abia omugo mana abia na okwu bekee english language","nwaanyi muo nwa, nne ya abia omugo mana abia na okwu bekee [[EN]]english language[[/EN]]",afriswitch-igbo-000334-V8C5JCkdNuw_chunk_182384-190608_21,V8C5JCkdNuw_chunk,natural-afriswitch,1
audio/igbo/000357-x-PZ2dOo0mI_chunk_520656-533536_62.wav,36774d32c36a05ceb495276203fc22da7032768e1b01c9354f51d43424e32019,33.33000183105469,clean-16khz,12.880000114440918,Igbo-English,Ha share ha share nye nke doctor ozuamaka Kwasi ọbara nke ya bụrụ ibu nke chinadu bukwara ibu ka anyi hugodi the percentage nwelite ya elu ka anyi fu ya share ndị mmadụ,[[EN]]Ha share ha share[[/EN]] nye nke [[EN]]doctor[[/EN]] ozuamaka Kwasi ọbara nke ya bụrụ ibu nke chinadu bukwara ibu ka anyi hugodi [[EN]]the percentage nwelite[[/EN]] ya elu ka anyi fu [[EN]]ya share ndị[[/EN]] mmadụ,afriswitch-igbo-000357-x-PZ2dOo0mI_chunk_520656-533536_62,x_PZ2dOo0mI,natural-afriswitch,7
audio/igbo/000368-LoLPh-PVyyc_chunk_1752900-1762640_190.wav,3936f86875a86599b3dc226a1170091ff63e4f344f367cee712124ab63697396,33.33000183105469,clean-16khz,9.739999771118164,Igbo-English,"Hello mister pig,maazi ezi ndeewo,maazi ezi","[[EN]]Hello mister[[/EN]] pig,maazi ezi ndeewo,maazi ezi",afriswitch-igbo-000368-LoLPh-PVyyc_chunk_1752900-1762640_190,LoLPh_PVyyc,natural-afriswitch,1
audio/igbo/000381-DNbXW-gnneQ_chunk_406240-419644_46.wav,82d7adda5677f33566d2bec8f6aabfaf3fc000dd2653a48e0189053e8d409cc3,48.939998626708984,clean-16khz,14.276000022888184,Igbo-English,"O buru mua choro ikwu that kind of thing, if I decide to, like enwere mgbe m na ekwu, m na eme video si na, if I decided to fight, inusa ndi father ogu n'ihe ha na eme na socal media, I will team up with Mathais","O buru mua choro ikwu [[EN]]that kind of thing, if I decide to, like enwere[[/EN]] mgbe m na ekwu, m na eme [[EN]]video[[/EN]] si na, [[EN]]if I decided to fight,[[/EN]] inusa ndi [[EN]]father[[/EN]] ogu n'ihe ha na eme na [[EN]]socal media, I will team up with[[/EN]] Mathais",afriswitch-igbo-000381-DNbXW-gnneQ_chunk_406240-419644_46,DNbXW_gnneQ,natural-afriswitch,10
audio/igbo/000384-C83wKOwbQlE_chunk_510608-520176_58.wav,06b99c12264273ffc7515247cdea368eeacdf4073899c5aca8b2e4f6f096ae48,16.670000076293945,clean-16khz,9.567999839782715,Igbo-English,"Ka anyi tulee ya. Inwere ike dee nke gi ma gbakwunye m na ya na Instagram, were akara ederede Instagram m nke bu slybeauty","Ka anyi tulee ya. [[EN]]Inwere[[/EN]] ike dee nke gi ma gbakwunye m na ya na [[EN]]Instagram,[[/EN]] were akara ederede [[EN]]Instagram[[/EN]] m nke bu [[EN]]slybeauty[[/EN]]",afriswitch-igbo-000384-C83wKOwbQlE_chunk_510608-520176_58,C83wKOwbQlE_chunk,natural-afriswitch,7
audio/igbo/000385-V8C5JCkdNuw_chunk_387088-393936_46.wav,49a7575735a4087dd55f89262b988e032d7653636da475d29a5ef425cdb74b88,21.43000030517578,clean-16khz,6.8480000495910645,Igbo-English,Chukwu gozie gi. Chetakwa na anyi no na Fesbuk suba asusu gi initiative sag 2,Chukwu gozie gi. Chetakwa na anyi [[EN]]no[[/EN]] na [[EN]]Fesbuk[[/EN]] suba asusu gi [[EN]]initiative[[/EN]] sag 2,afriswitch-igbo-000385-V8C5JCkdNuw_chunk_387088-393936_46,V8C5JCkdNuw_chunk,natural-afriswitch,6
audio/igbo/000392-yAvGtVL_y0w_chunk_121888-135088_15.wav,1bb4ebfcbbf45ba20e34aa0c2de3d5e86758c2b1d081eb643c78fa74fcba00d7,7.690000057220459,clean-16khz,13.199999809265137,Igbo-English,"maka na egwu mkpokiti abughi egwu achuta ba naka agba suba asusu gi ozi a si n'aka ndi suba asusu gi initiative,otu na-akwalite asusu n'omenala Igbo","maka na egwu mkpokiti abughi egwu achuta ba naka agba suba asusu gi ozi a si n'aka ndi suba asusu gi initiative,otu [[EN]]na-akwalite[[/EN]] asusu n'omenala [[EN]]Igbo[[/EN]]",afriswitch-igbo-000392-yAvGtVL_y0w_chunk_121888-135088_15,yAvGtVL_y0w,natural-afriswitch,3
audio/igbo/000427--_drJGeGoLg_chunk_24256-31708_4.wav,a37f0d02a750df1701f4545c58f43355f9e60c53f1e837cc97e9995ecde31a10,44.439998626708984,clean-16khz,8.003999710083008,Igbo-English,"Once, odi mma Ka anyi bido. Okay let's start","[[EN]]Once, odi[[/EN]] mma Ka anyi bido. [[EN]]Okay let's start[[/EN]]",afriswitch-igbo-000427--_drJGeGoLg_chunk_24256-31708_4,_,natural-afriswitch,2
audio/igbo/000444-ZXeJYCBOx-s_chunk_738896-748000_88.wav,dd6486169bf7a4b1835a44913a09384c2dfbb7a8e886f4010ac6f408083681fc,15.380000114440918,clean-16khz,9.104000091552734,Igbo-English,"or must. O buru na odiro na akaraaka gi, o buru na odiro na calling gi maobukwara na akporo gi oku chacha. Because ihe mmere mmadu","[[EN]]or must.[[/EN]] O buru na odiro na akaraaka gi, o buru na odiro na [[EN]]calling[[/EN]] gi maobukwara na akporo gi oku chacha. [[EN]]Because[[/EN]] ihe mmere mmadu",afriswitch-igbo-000444-ZXeJYCBOx-s_chunk_738896-748000_88,ZXeJYCBOx_s,natural-afriswitch,5
audio/igbo/000485-TGM0sB7iWrc_chunk_2294704-2302640_119.wav,7c5f6dd84d01313ca23cbfb390c571b433ef3dbd2a1f247bab02e9e99edda57a,44.439998626708984,clean-16khz,7.935999870300293,Igbo-English,"Binye bes na ihe, has it happened before, yes","Binye bes na ihe, [[EN]]has it happened before, yes[[/EN]]",afriswitch-igbo-000485-TGM0sB7iWrc_chunk_2294704-2302640_119,TGM0sB7iWrc_chunk,natural-afriswitch,1
audio/igbo/000494-LoLPh-PVyyc_chunk_2121732-2133648_241.wav,83799d7710a0d94fb0e43714448ab2cb3cd32c613fc5e17966130b9bf3f6da04,5.880000114440918,clean-16khz,11.916000366210938,Igbo-English,Are you truly saying that you cannot see this dirty stagnant water over here? I na-ekwu n'ezie,[[EN]]Are you truly saying that you cannot see this dirty stagnant water over here? I[[/EN]] na-ekwu [[EN]]n'ezie[[/EN]],afriswitch-igbo-000494-LoLPh-PVyyc_chunk_2121732-2133648_241,LoLPh_PVyyc,natural-afriswitch,2
audio/igbo/000498-NsQDmdHr6Bc_chunk_116512-126896_14.wav,d7dc9a8504b29c96964ad80e51a86c55afb9be15c173f74e5db8cd6808c5362f,40.90999984741211,clean-16khz,10.383999824523926,Igbo-English,"Ee, tebl l n'ala Igbo na-emezi omenala ighota, ha na-eji ya bavk to their root. Mathias weputa trouble and kingdom of God","Ee, [[EN]]tebl l[[/EN]] n'ala [[EN]]Igbo[[/EN]] na-emezi omenala ighota, ha na-eji ya [[EN]]bavk to their root. Mathias[[/EN]] weputa [[EN]]trouble and kingdom of God[[/EN]]",afriswitch-igbo-000498-NsQDmdHr6Bc_chunk_116512-126896_14,NsQDmdHr6Bc_chunk,natural-afriswitch,7
audio/igbo/000499-gx-neGaedNI_chunk_395104-406656_39.wav,429b4e5168bf76b1d80d3142fb349ee8ca1e9c9c3d6733d39e40685c7f2962cf,40.0,clean-16khz,11.552000045776367,Igbo-English,"Enwe ife a na-akpo fact findings. People aga go na fact findings, wee choputa na ebea, na ebe a based on evidence, based on evidence","[[EN]]Enwe ife a[[/EN]] na-akpo [[EN]]fact findings. People[[/EN]] aga [[EN]]go[[/EN]] na [[EN]]fact findings,[[/EN]] wee choputa na ebea, na ebe a [[EN]]based on evidence, based on evidence[[/EN]]",afriswitch-igbo-000499-gx-neGaedNI_chunk_395104-406656_39,gx_neGaedNI,natural-afriswitch,8
audio/igbo/000507-muHyYTHQq70_chunk_2054640-2068192_211.wav,3374c25e3550eaac690b8f0757b707d33640f7a1a0f70595e81f5ad4ee260a8d,30.43000030517578,clean-16khz,13.552000045776367,Igbo-English,stra novin Kpridi nwaany nwaany unu sere sere We have a long way to go and an example of tat will be someone,[[EN]]stra[[/EN]] novin Kpridi nwaany nwaany unu sere sere [[EN]]We have a long way to go and an example of tat will be someone[[/EN]],afriswitch-igbo-000507-muHyYTHQq70_chunk_2054640-2068192_211,muHyYTHQq70_chunk,natural-afriswitch,2
audio/igbo/000516-WpzbiXNc3h4_chunk_2529536-2541792_291.wav,bfc214cae4a15840c5bd5e5443f967958344ddab315b8a6ecc380387c6c4a7b1,25.709999084472656,clean-16khz,12.255999565124512,Igbo-English,"Na enwe ka osi wee mee ya, na oburokwa like that. Enwe my friend no obodo a, nwunye ya bu onye poland, nwanne nwunye bu fada. So mu si that guy biko jugodu nwunye gi","Na enwe ka osi wee mee ya, na oburokwa [[EN]]like that.[[/EN]] Enwe [[EN]]my friend no[[/EN]] obodo a, nwunye ya bu onye [[EN]]poland,[[/EN]] nwanne nwunye bu fada. [[EN]]So[[/EN]] mu si [[EN]]that guy[[/EN]] biko jugodu nwunye gi",afriswitch-igbo-000516-WpzbiXNc3h4_chunk_2529536-2541792_291,WpzbiXNc3h4_chunk,natural-afriswitch,10
audio/igbo/000521-sL3jEtQbP1k_chunk_885508-974992_31.wav,2e35dd7ce5936cf458d038db955cefa42beda3721b66818fa93f5456282299d5,39.130001068115234,clean-16khz,11.779999732971191,Igbo-English,They can value an open soul of course I am an open soul ha Adeyeye Adeyeye ihe m bu nti nyara n oku,[[EN]]They can value an open soul of course I am an open soul[[/EN]] ha Adeyeye Adeyeye ihe m bu nti nyara [[EN]]n[[/EN]] oku,afriswitch-igbo-000521-sL3jEtQbP1k_chunk_885508-974992_31,sL3jEtQbP1k_chunk,natural-afriswitch,3
audio/igbo/000558-BMZCGEro1Vo_chunk_50576-62640_7.wav,a86b161d93e1512abb1444d4d8055cb046f6db9d6c5429ca3393a8b6a4623a93,29.729999542236328,clean-16khz,12.064000129699707,Igbo-English,"Mama is greeting you, say good evening ma. Ọ tụgharịa sị mama good evening ma. Ihe ahụ o kwesịrị ekwesị? Gị nwa na-eme ya, ọkwa i mere ya obi wee dị gị mma. Ị bụrụ nwatakịrị ahụ","[[EN]]Mama is greeting you, say good evening[[/EN]] ma. Ọ tụgharịa sị [[EN]]mama good evening[[/EN]] ma. Ihe ahụ o kwesịrị ekwesị? Gị nwa na-eme ya, ọkwa [[EN]]i[[/EN]] mere ya obi wee dị gị mma. Ị bụrụ nwatakịrị ahụ",afriswitch-igbo-000558-BMZCGEro1Vo_chunk_50576-62640_7,BMZCGEro1Vo_chunk,natural-afriswitch,5
audio/igbo/000563-qCZ0G1BEAQE_chunk_1210064-1223772_108.wav,e426f8ba0dbb782f4cc4f128c855d30e53fee7a94c9eee14fd3ef091576ae03c,40.540000915527344,clean-16khz,13.907999992370605,Igbo-English,Ogufo do nonso nkwa nati meihe onweni hemu hoka ena ha hoka hon. I am telling you. Onweni lot of things nonso nkwa kulu le that came to pass when many of you are not seeing it,Ogufo do [[EN]]nonso[[/EN]] nkwa nati meihe onweni hemu hoka ena ha hoka hon. [[EN]]I am telling you. Onweni lot of things nonso[[/EN]] nkwa kulu le [[EN]]that came to pass when many of you are not seeing it[[/EN]],afriswitch-igbo-000563-qCZ0G1BEAQE_chunk_1210064-1223772_108,qCZ0G1BEAQE_chunk,natural-afriswitch,5
audio/igbo/000614-TjdfhyD3QrA_chunk_263728-269536_29.wav,f9be49c21887d94b31ba0c2870ad5bb3413cc54670a9eba98071a77433d6a3b2,20.0,clean-16khz,5.808000087738037,Igbo-English,Onye omenala mara omenala Igbo ekwesighi ịdị n'ere ala especially ala dị n'ala Igbo anyị,Onye omenala mara omenala [[EN]]Igbo[[/EN]] ekwesighi ịdị n'ere ala [[EN]]especially[[/EN]] ala dị n'ala [[EN]]Igbo[[/EN]] anyị,afriswitch-igbo-000614-TjdfhyD3QrA_chunk_263728-269536_29,TjdfhyD3QrA_chunk,natural-afriswitch,6
audio/igbo/000651-_HOK6-UD84o_chunk_3218884-3223456_232.wav,3b4b9ec4127180af3f51ffa7995536d11cc97d4063b2ddaa228bead85b3c3d50,13.329999923706055,clean-16khz,4.572000026702881,Igbo-English,"Azu Anyi na-akpo ya fish n'oyibo Anyi na-akpo ya fish n'oyibo ngwa, tupere m oku","Azu Anyi na-akpo ya [[EN]]fish[[/EN]] n'oyibo Anyi na-akpo ya [[EN]]fish[[/EN]] n'oyibo ngwa, tupere m oku",afriswitch-igbo-000651-_HOK6-UD84o_chunk_3218884-3223456_232,_HOK6,natural-afriswitch,4
audio/igbo/000676--353hm2SB8c_chunk_168996-176112_18.wav,b260ca087e0b334a617e4f025698310e94af3d2ba93ac27861d08f44d5aa4a2a,31.25,clean-16khz,7.116000175476074,Igbo-English,"Anyi nwere men of God kpagoro Ike Chinese jigoro mee ihe, ruo oru ebube kara aka","Anyi [[EN]]nwere men of God[[/EN]] kpagoro Ike [[EN]]Chinese[[/EN]] jigoro mee ihe, ruo oru ebube kara aka",afriswitch-igbo-000676--353hm2SB8c_chunk_168996-176112_18,_353hm2SB8c,natural-afriswitch,4
audio/igbo/000698-Fl3Hgw5n278_chunk_897104-900384_98.wav,d63b205448f3d61d799a0015c34627c967d1d785ec0ebbdd15ad34b158fa6f77,33.33000183105469,clean-16khz,3.2799999713897705,Igbo-English,Ozudilo mbambam people de disturbing me,Ozudilo [[EN]]mbambam people[[/EN]] de [[EN]]disturbing me[[/EN]],afriswitch-igbo-000698-Fl3Hgw5n278_chunk_897104-900384_98,Fl3Hgw5n278_chunk,natural-afriswitch,3
audio/igbo/000731-WpzbiXNc3h4_chunk_3242116-3246032_375.wav,306ec4ff4110fe019eaf94223baecd4d04e25b1d8b33aa085ad8d618372be37d,22.219999313354492,clean-16khz,3.9159998893737793,Igbo-English,Ifuru Ifuru kmshon kmshon g na mgbara nd a,Ifuru Ifuru kmshon kmshon g na mgbara [[EN]]nd a[[/EN]],afriswitch-igbo-000731-WpzbiXNc3h4_chunk_3242116-3246032_375,WpzbiXNc3h4_chunk,natural-afriswitch,1
audio/igbo/000737-vJx7W71crIA_chunk_1053700-1058672_108.wav,825901dc18f7ab74a7ba3654c7bad4ad15ea33d4fe4ac86d2a96fe6cb17a4b15,13.329999923706055,clean-16khz,4.9720001220703125,Igbo-English,"There is a bible verse to back up what you did, o wee si kwa","[[EN]]There is a bible verse to back up what you did, o wee[[/EN]] si kwa",afriswitch-igbo-000737-vJx7W71crIA_chunk_1053700-1058672_108,vJx7W71crIA_chunk,natural-afriswitch,1
audio/igbo/000753-qCZ0G1BEAQE_chunk_1155552-1164624_103.wav,04dfc9364e38deb55a286d26abd4340db6369621de998be6a1a88a747365ad5b,40.0,clean-16khz,9.071999549865723,Igbo-English,Batde moi otu onye n'ime nd ah ime in trak gbatara egbe Chukwu d d,Batde moi otu onye [[EN]]n'ime nd ah ime in trak[[/EN]] gbatara egbe Chukwu d d,afriswitch-igbo-000753-qCZ0G1BEAQE_chunk_1155552-1164624_103,qCZ0G1BEAQE_chunk,natural-afriswitch,2
audio/igbo/000757-_HOK6-UD84o_chunk_2216676-2225244_161.wav,5b8a51715038210ebd44a72f87292b5821e762f33230788d3ea0e48fc8788050,18.18000030517578,clean-16khz,8.67199993133545,Igbo-English,oche tupu ere m oche any na-akp ya chi n'oyibo n'ime,oche tupu ere m oche [[EN]]any[[/EN]] na-akp ya chi n'oyibo [[EN]]n'ime[[/EN]],afriswitch-igbo-000757-_HOK6-UD84o_chunk_2216676-2225244_161,_HOK6,natural-afriswitch,3
audio/igbo/000767-POee7nL19dk_chunk_1981476-1997436_240.wav,4b3624b16a41010ba575e543f86ef1fc3c23dc5cf19e937aeff738b046178e39,19.350000381469727,clean-16khz,16.09600067138672,Igbo-English,"Ilo n'ile ogbalu wee bata bem a, to completely damaged. o di damaged, onwe ebe ke karu kuru ume wee bata ruo ebea yet achukwea a na pu kwa ya ego.","Ilo n'ile ogbalu wee bata bem [[EN]]a, to completely damaged.[[/EN]] o di [[EN]]damaged,[[/EN]] onwe ebe ke karu kuru ume wee bata ruo ebea [[EN]]yet[[/EN]] achukwea a na pu kwa ya ego.",afriswitch-igbo-000767-POee7nL19dk_chunk_1981476-1997436_240,POee7nL19dk_chunk,natural-afriswitch,6
audio/igbo/000783-5R7JAPF354Y_chunk_1558464-1567664_184.wav,34149e741c6186d6e3e468fed13d3d40bc9b30ac9f604f64d71a8acec75cf824,22.729999542236328,clean-16khz,9.199999809265137,Igbo-English,Ndi Governor anyi na ndi umu anyi nwere bomb action bunye anyi. Nna a o na bu necha bomb action ahu anya.,Ndi [[EN]]Governor[[/EN]] anyi na ndi umu anyi nwere [[EN]]bomb action[[/EN]] bunye anyi. Nna a o na bu necha [[EN]]bomb action[[/EN]] ahu anya.,afriswitch-igbo-000783-5R7JAPF354Y_chunk_1558464-1567664_184,5R7JAPF354Y_chunk,natural-afriswitch,6
audio/igbo/000795-_HOK6-UD84o_chunk_1488928-1493372_107.wav,5c921ad41178ab0ce4b3cc51c5bbcb75d1a27eb6d369e30b76d1178e942046a0,26.670000076293945,clean-16khz,5.892000198364258,Igbo-English,Supeere m ọkụ Ọ-k-ụ ọkụ Anyị na-akpọ ya fire n'oyibo Anyị na-akpọ ya fire n'oyibo,[[EN]]Supeere m[[/EN]] ọkụ Ọ-k-ụ ọkụ Anyị na-akpọ ya [[EN]]fire[[/EN]] n'oyibo Anyị na-akpọ ya [[EN]]fire[[/EN]] n'oyibo,afriswitch-igbo-000795-_HOK6-UD84o_chunk_1488928-1493372_107,_HOK6,natural-afriswitch,5
audio/igbo/000798-MXXlxkuCRjM_chunk_2071728-2078816_234.wav,2d7dca5c258ea947c69cc2d9c0f1fa2bc97e59e988c622cef3d11038631ae6a9,41.18000030517578,clean-16khz,7.0879998207092285,Igbo-English,"Obukwa na ichoro e send m extra money, as onye si nga, as nwa nga tara afufu","Obukwa na ichoro [[EN]]e send m extra money, as[[/EN]] onye si nga, [[EN]]as[[/EN]] nwa nga tara afufu",afriswitch-igbo-000798-MXXlxkuCRjM_chunk_2071728-2078816_234,MXXlxkuCRjM_chunk,natural-afriswitch,4
audio/igbo/000799-IBnRwPNILaU_chunk_2576-17824_2.wav,e26aff3a29cf0c6a216ec0a75c97954094e57aef5ede4dd2dd8431bce4a981c4,17.649999618530273,clean-16khz,15.248000144958496,Igbo-English,Tta any kara sentral squul d n'ime obodo etiti obela gu mana a nke d n'okpuru chch ezigo d n'ime Enugwu steeti any gara zute maka any maka na ha mere mmemme gradu ha,Tta [[EN]]any[[/EN]] kara [[EN]]sentral squul[[/EN]] d n'ime obodo etiti obela gu mana a nke d n'okpuru chch ezigo d [[EN]]n'ime[[/EN]] Enugwu steeti [[EN]]any[[/EN]] gara zute maka [[EN]]any[[/EN]] maka na ha mere mmemme gradu ha,afriswitch-igbo-000799-IBnRwPNILaU_chunk_2576-17824_2,IBnRwPNILaU_chunk,natural-afriswitch,10
audio/igbo/000807-9ZzG01BG_6o_chunk_310628-322300_36.wav,4c5c19383aacd365d56090cbb9262d42e425833ee24b94874d0c05b934a0ff6c,50.0,clean-16khz,13.312000274658203,Igbo-English,What are you doing? We are listening to music. Kedu ihe unu na eme? Anyi na ege egwu.,[[EN]]What are you doing? We are listening to music.[[/EN]] Kedu ihe unu na eme? Anyi na ege egwu.,afriswitch-igbo-000807-9ZzG01BG_6o_chunk_310628-322300_36,9ZzG01BG_6o,natural-afriswitch,1
audio/igbo/000829-oJ8BVNATnhM_chunk_571396-575744_65.wav,83a1436bcf52fb4119f7a01954428ebb2e27a9350282a727e99d48e68a734fcb,41.66999816894531,clean-16khz,4.3480000495910645,Igbo-English,it's not ibiazi na villages ịhụ ka a na-emegide mmadụ maka na,[[EN]]it's not[[/EN]] ibiazi na [[EN]]villages[[/EN]] ịhụ ka [[EN]]a na-emegide[[/EN]] mmadụ maka na,afriswitch-igbo-000829-oJ8BVNATnhM_chunk_571396-575744_65,oJ8BVNATnhM_chunk,natural-afriswitch,5
audio/igbo/000833-DqEmk35fIXg_chunk_217072-242080_17.wav,cb3fe350dec7b0e4d260f146509531fe0ede7bde62078be5d748f0ee568821d7,45.45000076293945,clean-16khz,13.640000343322754,Igbo-English,"Mmiri, ñuo Example; I am big, adi m nnukwu, adi m","Mmiri, ñuo [[EN]]Example; I am big,[[/EN]] adi [[EN]]m[[/EN]] nnukwu, adi [[EN]]m[[/EN]]",afriswitch-igbo-000833-DqEmk35fIXg_chunk_217072-242080_17,DqEmk35fIXg_chunk,natural-afriswitch,5
audio/igbo/000842-NsQDmdHr6Bc_chunk_186624-193952_21.wav,426bb8f0fc9f0f57005665e53b3132fc4cc213d9775f22682b9ddabdc70972da,18.18000030517578,clean-16khz,7.328000068664551,Igbo-English,"bosi akpolu crusade a, onwelu onye afulu? Ma o bu ndi no n'Enugwu ma o ndi Enugwu chapter, onwelo onye afuru, ighotago?","bosi akpolu [[EN]]crusade[[/EN]] a, onwelu onye afulu? Ma o bu ndi [[EN]]no n'Enugwu[[/EN]] ma o ndi Enugwu [[EN]]chapter,[[/EN]] onwelo onye afuru, ighotago?",afriswitch-igbo-000842-NsQDmdHr6Bc_chunk_186624-193952_21,NsQDmdHr6Bc_chunk,natural-afriswitch,6
audio/igbo/000846-k7ZlslgIySM_chunk_738784-752988_94.wav,6a243d35cd5ef7329dff1273d6a9220f0cf6e9cacfd51faf91c874fc9664c220,44.68000030517578,clean-16khz,14.463000297546387,Igbo-English,"If na ha amaro na such thing ga eme, Ihe my na agwa gi am giving you history. You should go and check. For ndi na-asi gi na Amerika bata na ha ga ami mmanu gi mee nke ozo, America is not coming to imi mmanu gi","[[EN]]If[[/EN]] na ha amaro na [[EN]]such thing[[/EN]] ga eme, [[EN]]Ihe my[[/EN]] na agwa gi [[EN]]am giving you history. You should go and check. For[[/EN]] ndi na-asi gi na [[EN]]Amerika[[/EN]] bata na ha ga ami mmanu gi mee nke ozo, [[EN]]America is not coming to[[/EN]] imi mmanu gi",afriswitch-igbo-000846-k7ZlslgIySM_chunk_738784-752988_94,k7ZlslgIySM_chunk,natural-afriswitch,11
audio/igbo/000863-POee7nL19dk_chunk_1942048-1956352_235.wav,755e178c9fd54d3f6397a4fe35a2187e61d7ff5653642f6856c412e9ac0b3353,46.150001525878906,clean-16khz,14.303999900817871,Igbo-English,"A na-akụ aka, ee, ife a ọbụrọ aghụghọ, ife a ọbụrọ cheating, with the kind of money government na-eri na-erifutu from Nnewi a. Ebe itinyelu isi ịfụ ndị yo uniform, eburuwo tile na Motor mmadụ, ebutuo wine mmadụ bụ","[[EN]]A[[/EN]] na-akụ aka, ee, [[EN]]ife a[[/EN]] ọbụrọ aghụghọ, [[EN]]ife a[[/EN]] ọbụrọ [[EN]]cheating, with the kind of money government[[/EN]] na-eri na-erifutu [[EN]]from[[/EN]] Nnewi [[EN]]a.[[/EN]] Ebe itinyelu isi ịfụ ndị yo [[EN]]uniform,[[/EN]] eburuwo [[EN]]tile[[/EN]] na [[EN]]Motor[[/EN]] mmadụ, ebutuo [[EN]]wine[[/EN]] mmadụ bụ",afriswitch-igbo-000863-POee7nL19dk_chunk_1942048-1956352_235,POee7nL19dk_chunk,natural-afriswitch,19
audio/igbo/000880-wJtqrre_SoM_chunk_930832-944448_103.wav,be0595f7460fbba6d05b2f67271912dd3fbf4a35a09306f72fda07d62936079a,29.40999984741211,clean-16khz,13.616000175476074,Igbo-English,"Otu otu is 1 then we have otu, otu that is a group or an association so otu","Otu otu [[EN]]is[[/EN]] 1 [[EN]]then we have[[/EN]] otu, otu [[EN]]that is a group or an association so[[/EN]] otu",afriswitch-igbo-000880-wJtqrre_SoM_chunk_930832-944448_103,wJtqrre_SoM,natural-afriswitch,4
audio/igbo/000885-RxbKEQiNYGg_chunk_19072-23712_5.wav,e20d781f464680807465c0bd54757d96055f8bcc970c8514ce4a004fd02db78e,38.459999084472656,clean-16khz,4.639999866485596,Igbo-English,"Staff nursery and primary school, nke di na ime ya bu ulo akwukwo","[[EN]]Staff nursery and primary school,[[/EN]] nke di na ime ya bu ulo akwukwo",afriswitch-igbo-000885-RxbKEQiNYGg_chunk_19072-23712_5,RxbKEQiNYGg_chunk,natural-afriswitch,1
audio/igbo/000887-vkHPQYUvyq4_chunk_214560-223136_33.wav,64133dc388503b54c4f4ba36f39515bcd8126fc8b94ee345fce030d7bbf2e551,33.33000183105469,clean-16khz,8.576000213623047,Igbo-English,Anyị na-amalite online Igbo school nke ndị Subè Asụsụ Gị Initiative na mkpụrụ ụbọchị itoolu n’ọnwa September afọ 2023.,Anyị [[EN]]na-amalite online Igbo school[[/EN]] nke ndị Subè Asụsụ Gị [[EN]]Initiative[[/EN]] na mkpụrụ ụbọchị itoolu n’ọnwa [[EN]]September[[/EN]] afọ 2023.,afriswitch-igbo-000887-vkHPQYUvyq4_chunk_214560-223136_33,vkHPQYUvyq4_chunk,natural-afriswitch,6
audio/igbo/000938-2W-B2PxkpDU_chunk_594256-605724_60.wav,12e43eccf433c92eeb8eae71636d3b8949e20fbb1754f9bdc6ae655b95eb84e1,21.6200008392334,clean-16khz,11.923999786376953,Igbo-English,ana m egbu ndu madu mgbe m soro ofu onye South Africa ye no ebe ya na adina m aka that time m bidoro n ime so akwa n kaka ana agwe ebe ana alo na agba mbam mbam,ana m egbu ndu madu mgbe m soro ofu onye [[EN]]South Africa[[/EN]] ye no ebe ya na adina m aka [[EN]]that time[[/EN]] m bidoro [[EN]]n ime so[[/EN]] akwa [[EN]]n[[/EN]] kaka ana agwe ebe ana alo na agba mbam mbam,afriswitch-igbo-000938-2W-B2PxkpDU_chunk_594256-605724_60,2W_B2PxkpDU,natural-afriswitch,8
audio/igbo/000987-POee7nL19dk_chunk_3201744-3207040_382.wav,fe084804d2d5b23aae53906560deb2c3fad9aecb8a4b7e9fd55f342b6cec94b7,42.86000061035156,clean-16khz,5.296000003814697,Igbo-English,Nee nu state that road di every year anyị ana ata the same afufu,Nee nu [[EN]]state that road[[/EN]] di [[EN]]every year anyị[[/EN]] ana ata [[EN]]the same[[/EN]] afufu,afriswitch-igbo-000987-POee7nL19dk_chunk_3201744-3207040_382,POee7nL19dk_chunk,natural-afriswitch,6
audio/igbo/001026-7N_zFjHn32I_chunk_616976-626448_71.wav,da8de0c7a1ce1c8a045bd5e84a7177571402d0203578c04a8310d838aed4d739,9.680000305175781,clean-16khz,9.472000122070312,Igbo-English,"Ofudu sef aburo members ya. Ofudu just bu ndi huru iberibe unu decide ibia kwue kunu kana agbara tika tika, kedu Ka oga bu ubosi onye a ga emeghe puo onu","Ofudu sef aburo [[EN]]members[[/EN]] ya. Ofudu [[EN]]just[[/EN]] bu ndi huru iberibe unu [[EN]]decide[[/EN]] ibia kwue kunu kana agbara tika tika, kedu Ka oga bu ubosi onye a ga emeghe puo onu",afriswitch-igbo-001026-7N_zFjHn32I_chunk_616976-626448_71,7N_zFjHn32I,natural-afriswitch,6
audio/igbo/001043-O6If9aEzvvc_chunk_916896-923548_104.wav,89ee14b7e5216bd257d492831f06dfc0d2aabb27727e6e4d500b9d60d98095d2,45.0,clean-16khz,6.763000011444092,Igbo-English,"Mgbe ahu o tiri m na most wanted list, m mee my own, tinye ya. But I ignore these things","[[EN]]Mgbe[[/EN]] ahu o tiri m na [[EN]]most wanted list,[[/EN]] m mee [[EN]]my own,[[/EN]] tinye ya. [[EN]]But I ignore these things[[/EN]]",afriswitch-igbo-001043-O6If9aEzvvc_chunk_916896-923548_104,O6If9aEzvvc_chunk,natural-afriswitch,6
audio/igbo/001065-MWuTXFRtCs8_chunk_355216-372064_34.wav,51a73d012eb65367d3b642f53921a87c8bd4bca0d17913e9870ed34f5a8b23ca,35.290000915527344,clean-16khz,16.847999572753906,Igbo-English,"That is it is white, here's a fruit. Gini ka ọ na-acha? Ọ na-acha ododo, ọ na-acha ododo that means","[[EN]]That is it is white, here's a fruit.[[/EN]] Gini ka ọ na-acha? Ọ na-acha ododo, ọ na-acha [[EN]]ododo that means[[/EN]]",afriswitch-igbo-001065-MWuTXFRtCs8_chunk_355216-372064_34,MWuTXFRtCs8_chunk,natural-afriswitch,2
audio/igbo/001091-_OhWyhG7dpQ_chunk_449840-455968_52.wav,578594ef6fb0bd82e11cd71572a120758f5d82339ed45fbf7d4440f83340d883,20.0,clean-16khz,6.127999782562256,Igbo-English,Jee bee nke nwanyi unu na-enye nwanyi ego nwanne unu nwanyi because o di easy nwanyi e tolerate nne ya,Jee bee nke nwanyi unu na-enye nwanyi [[EN]]ego[[/EN]] nwanne unu nwanyi [[EN]]because[[/EN]] o di [[EN]]easy[[/EN]] nwanyi e [[EN]]tolerate[[/EN]] nne ya,afriswitch-igbo-001091-_OhWyhG7dpQ_chunk_449840-455968_52,_OhWyhG7dpQ,natural-afriswitch,8
audio/igbo/001096-2W-B2PxkpDU_chunk_3896768-3906544_448.wav,8e503de3904e2742333975b54d13f0144d519164bb6734608720ccbcc7820bcf,16.1299991607666,clean-16khz,9.776000022888184,Igbo-English,Ebe a na-enelecha unu eme government esi n'azu kpo the girl si ya ọ maka ụgwọ a iji ya oburu onye ijiro ụgwọ chacha fa akpọ ya si ya onwere problem ọ needi,Ebe a na-enelecha unu eme [[EN]]government[[/EN]] esi n'azu kpo [[EN]]the girl[[/EN]] si ya ọ maka ụgwọ a iji ya oburu onye ijiro ụgwọ chacha fa akpọ ya si ya [[EN]]onwere problem[[/EN]] ọ needi,afriswitch-igbo-001096-2W-B2PxkpDU_chunk_3896768-3906544_448,2W_B2PxkpDU,natural-afriswitch,6
audio/igbo/001175-9xeSG8SwoNE_chunk_19552-29840_3.wav,eca59f01a8002cb270b37bc8d50b31e1303562a2ba66ea0d5209e2e1413812bd,19.049999237060547,clean-16khz,10.288000106811523,Igbo-English,Obubra is called obubra. A na akpo nkea obara ofuu. A na akpo nkea osisi utara ede. Nkea na ado ado,Obubra [[EN]]is called[[/EN]] obubra. [[EN]]A[[/EN]] na akpo nkea obara ofuu. [[EN]]A[[/EN]] na akpo nkea osisi utara ede. Nkea na ado ado,afriswitch-igbo-001175-9xeSG8SwoNE_chunk_19552-29840_3,9xeSG8SwoNE_chunk,natural-afriswitch,6
audio/igbo/001190-MQt6CN5vlDs_chunk_3418096-3435996_375.wav,34b4036bac4122f6a982e70b219152d6be97024e49586394665abf272497dff3,17.649999618530273,clean-16khz,6.380000114440918,Igbo-English,what song do you think so someone someone said ugochi mmu onu boy gba gotte elu now,[[EN]]what song do you think so someone someone said[[/EN]] ugochi mmu onu [[EN]]boy gba gotte elu now[[/EN]],afriswitch-igbo-001190-MQt6CN5vlDs_chunk_3418096-3435996_375,MQt6CN5vlDs_chunk,natural-afriswitch,2
audio/igbo/001224-fQaNa7GGrB8_chunk_1114532-1125440_106.wav,bfd0b6a840c1aa5d065a7c6ded5b83ee7502da842468aff37984131189680375,8.0,clean-16khz,10.907999992370605,Igbo-English,"Can any of you do that? can any, this religious bigot, idiot and foolish bloggers from the eastern extraction or Nigeria here, majorly ndi Igbo","[[EN]]Can any of you do that? can any, this religious bigot, idiot and foolish bloggers from the eastern extraction or Nigeria here, majorly[[/EN]] ndi Igbo",afriswitch-igbo-001224-fQaNa7GGrB8_chunk_1114532-1125440_106,fQaNa7GGrB8_chunk,natural-afriswitch,1
audio/igbo/001261-gx-neGaedNI_chunk_263440-271984_24.wav,d5c4603c333c60f0103c2829d0a5de31326a30177163579abeb86e245e4fcdc5,7.139999866485596,clean-16khz,8.543999671936035,Igbo-English,dara ngosi karr ghta Enugwu steeti d profmasi iwu na nwoke nwere ngalaba hi,dara ngosi karr ghta Enugwu steeti d [[EN]]profmasi[[/EN]] iwu na nwoke nwere ngalaba hi,afriswitch-igbo-001261-gx-neGaedNI_chunk_263440-271984_24,gx_neGaedNI,natural-afriswitch,2
audio/igbo/001296-P-LVtnjfoYI_chunk_3872240-3880224_391.wav,4ce5ada1ca4cc754c4b024c3d2ecec45af27d6b50cd31e3902e49ac8b5094943,33.33000183105469,clean-16khz,7.984000205993652,Igbo-English,"Imaro na onye otu unucha bu, do you know her story? Why can't you mind your business because","Imaro na onye otu unucha bu, [[EN]]do you know her story? Why can't you mind your business because[[/EN]]",afriswitch-igbo-001296-P-LVtnjfoYI_chunk_3872240-3880224_391,P_LVtnjfoYI,natural-afriswitch,1
audio/igbo/001308-2Et_dsxYCqQ_chunk_85408-92800_11.wav,5e9061420f9ea2afe77c9ba4fa3f17c080fba1a706df7a4ee6d1e4be96a6bd2d,18.75,clean-16khz,7.392000198364258,Igbo-English,Ebe ha nr ya n'ass nke ha nr etinye n'ime nke ha mana ebe kpsatara ekele,Ebe ha nr [[EN]]ya n'ass[[/EN]] nke ha nr etinye [[EN]]n'ime[[/EN]] nke ha mana ebe kpsatara ekele,afriswitch-igbo-001308-2Et_dsxYCqQ_chunk_85408-92800_11,2Et_dsxYCqQ,natural-afriswitch,4
audio/igbo/001309-1R5oAsBmofc_chunk_356080-368128_36.wav,8ae487936ed6d4a8040f982a12d5c09125099fb68d6a3db95b844518f210c51d,38.459999084472656,clean-16khz,12.04800033569336,Igbo-English,"From a reliable, from a reliable source. Ana m agwa unu na agwasi unu nike si unu, for you to take me away, for you to","[[EN]]From a reliable, from a reliable source.[[/EN]] Ana m agwa unu na agwasi unu nike si unu, [[EN]]for you to take me away, for you to[[/EN]]",afriswitch-igbo-001309-1R5oAsBmofc_chunk_356080-368128_36,1R5oAsBmofc_chunk,natural-afriswitch,2
audio/igbo/001350-mcYaoOV2ojI_chunk_834208-848608_104.wav,30ea7854227493dab64b021c206516f2be1d1cb70dec3916c76f8f0806e53361,8.329999923706055,clean-16khz,14.399999618530273,Igbo-English,Iy maka if chemd months daps nst be restd hest be get,[[EN]]Iy[[/EN]] maka [[EN]]if chemd months daps nst be restd hest be get[[/EN]],afriswitch-igbo-001350-mcYaoOV2ojI_chunk_834208-848608_104,mcYaoOV2ojI_chunk,natural-afriswitch,2
audio/igbo/001392-lpiot9T9atE_chunk_477984-494624_49.wav,f2b3a1cabac2d258c015fc00f8ff59f56bc23f4cfd94281bbf013756de6d5098,10.529999732971191,clean-16khz,16.639999389648438,Igbo-English,On Twitter. Number 9: suba asusu gi SAG Tv. This channel was started 2 years ago and already has some great contact. One of my favorite videos is their learn how to set the time in Igbo language video. Ojirila,[[EN]]On Twitter. Number[[/EN]] 9: suba asusu gi [[EN]]SAG Tv. This channel was started[[/EN]] 2 [[EN]]years ago and already has some great contact. One of my favorite videos is their learn how to set the time in Igbo language video.[[/EN]] Ojirila,afriswitch-igbo-001392-lpiot9T9atE_chunk_477984-494624_49,lpiot9T9atE_chunk,natural-afriswitch,3
audio/igbo/001415-5da10c30d7219987cdf43c035c243d3a_sEgzCpNC.wav,006b9469f7d3077bd268dba83947a02f2a2745a64e343f80ea8ae67da7fcd9d5,40.0,clean-16khz,2.184999942779541,Igbo-English,Kziere nwa g ass Igbo,Kziere nwa [[EN]]g ass Igbo[[/EN]],afriswitch-igbo-001415-5da10c30d7219987cdf43c035c243d3a_sEgzCpNC,5da10c30d7219987cdf43c035c243d3a_sEgzCpNC,natural-afriswitch,1
audio/igbo/001462-WpzbiXNc3h4_chunk_2715012-2722128_310.wav,9ac7b818517692c29b0e121b61b4f41088a41692f41c84c183aa526a79b9a526,26.09000015258789,clean-16khz,7.116000175476074,Igbo-English,"So o ife di iche, ife m na agwa gi now bu ife di iche na Nigerian Christians na ndi christain no ebea","[[EN]]So[[/EN]] o ife di iche, ife m na agwa gi [[EN]]now[[/EN]] bu ife di iche na [[EN]]Nigerian Christians[[/EN]] na ndi [[EN]]christain no[[/EN]] ebea",afriswitch-igbo-001462-WpzbiXNc3h4_chunk_2715012-2722128_310,WpzbiXNc3h4_chunk,natural-afriswitch,7
audio/igbo/001464-MXXlxkuCRjM_chunk_4278288-4292368_471.wav,fc3604bc53ffec8677c2bba9c7b2be76f996bcb1f21c5bc04fa41eced8972bca,29.6299991607666,clean-16khz,14.079999923706055,Igbo-English,"Did you guys change when I was inside, did you all fucking, you bitches change? mad woman, ikpu nne gi wu mad, umu nna gi wu mad","[[EN]]Did you guys change when I was inside, did you all fucking, you bitches change? mad woman,[[/EN]] ikpu nne gi wu [[EN]]mad,[[/EN]] umu nna gi wu [[EN]]mad[[/EN]]",afriswitch-igbo-001464-MXXlxkuCRjM_chunk_4278288-4292368_471,MXXlxkuCRjM_chunk,natural-afriswitch,4
audio/igbo/001468-slbvlq9gNwM_chunk_194852-210588_23.wav,786b3aab298deef165399c5f15a57655ec0b50b9fd21424574ad332506e38e38,3.569999933242798,clean-16khz,16.256000518798828,Igbo-English,Diffusion a wee buzie mgbe ahu ihe ndi akpakotara onu si ebe ahu a kpakotara onu noro na esi ebe gbasa na kusa ma di ole na ole.,[[EN]]Diffusion[[/EN]] a wee buzie mgbe ahu ihe ndi akpakotara onu si ebe ahu a kpakotara onu noro na esi ebe gbasa na kusa ma di ole na ole.,afriswitch-igbo-001468-slbvlq9gNwM_chunk_194852-210588_23,slbvlq9gNwM_chunk,natural-afriswitch,1
audio/igbo/001499-YbiCL-E9edE_chunk_966464-980848_109.wav,312126a2e99e8a91eb13616a1fe200637d57196eaa9cd4bc13350756689a9331,21.049999237060547,clean-16khz,14.383999824523926,Igbo-English,"Ya buna okwe gi omume,iweputa oge na mbochi iga ebute mgbo odee,bodu,mkpisi odee,marker maobu chalk.Nke obula I were.Ibute ya,idosa","Ya buna okwe gi omume,iweputa oge na mbochi iga ebute mgbo odee,bodu,mkpisi [[EN]]odee,marker[[/EN]] maobu [[EN]]chalk.Nke[[/EN]] obula [[EN]]I were.Ibute[[/EN]] ya,idosa",afriswitch-igbo-001499-YbiCL-E9edE_chunk_966464-980848_109,YbiCL_E9edE,natural-afriswitch,6
audio/igbo/001539-_OhWyhG7dpQ_chunk_640000-649696_76.wav,2f1d8883fbd5b936cef65960139b1dd2d3ae0f5fdae628bfdb66cb8392f75f49,21.049999237060547,clean-16khz,9.696000099182129,Igbo-English,"Ị ma na movie anyị na-ekiri, Chineke, ị mara na nwoke nwe change movie mu na nwunye ya na-ekiri.","Ị ma na [[EN]]movie[[/EN]] anyị na-ekiri, Chineke, ị mara na nwoke [[EN]]nwe change movie[[/EN]] mu na nwunye ya na-ekiri.",afriswitch-igbo-001539-_OhWyhG7dpQ_chunk_640000-649696_76,_OhWyhG7dpQ,natural-afriswitch,4
audio/igbo/001549-2W-B2PxkpDU_chunk_6260016-6267072_736.wav,9b6bc314762752d37a68670a4b8261bc0a0f09a384b3102a035371af768c8104,41.66999816894531,clean-16khz,7.056000232696533,Igbo-English,"Tinye 10 tinye 10,000 na account okafor Esther, union bank. Tii 10,000 na account a","Tinye 10 tinye 10,000 na [[EN]]account[[/EN]] okafor [[EN]]Esther, union bank.[[/EN]] Tii 10,000 na [[EN]]account[[/EN]] a",afriswitch-igbo-001549-2W-B2PxkpDU_chunk_6260016-6267072_736,2W_B2PxkpDU,natural-afriswitch,6
audio/igbo/001571-roglrYXurYg_chunk_289280-293536_34.wav,6f76af5e720bd4e3b364da2e7f2c50308674586ec0c8223223a3a6a339cb0522,12.5,clean-16khz,4.25600004196167,Igbo-English,Do you take this man to honor to love with your body with nka with nkozo,[[EN]]Do you take this man to honor to love with your body with[[/EN]] nka [[EN]]with[[/EN]] nkozo,afriswitch-igbo-001571-roglrYXurYg_chunk_289280-293536_34,roglrYXurYg_chunk,natural-afriswitch,3
audio/igbo/001575-OWD5PHX3IdA_chunk_2845520-2857564_325.wav,748b8cb98b783ea05808ba73dedf152aa5f44a83cfcf5172e490eaad72695c4c,25.0,clean-16khz,12.055000305175781,Igbo-English,"ịma na i wu nu iwu nu iwu nu utobo, you are hiding behind a fake account, I know you are you are you know exactly what you are doing okay, I know you know exactly what you are doing","ịma na i wu nu iwu nu iwu nu utobo, [[EN]]you are hiding behind a fake account, I know you are you are you know exactly what you are doing okay, I know you know exactly what you are doing[[/EN]]",afriswitch-igbo-001575-OWD5PHX3IdA_chunk_2845520-2857564_325,OWD5PHX3IdA_chunk,natural-afriswitch,1
audio/igbo/001587-CUBrJdmWt8E_chunk_275968-281120_32.wav,716fc52d50681bfa4024658a5783868e40cfcf0956fc9055f8c2bb72ae09742f,33.33000183105469,clean-16khz,5.1519999504089355,Igbo-English,Then kedezi ihe iji mee expect na iro na I ga afu mmadu? Nna nwanne,[[EN]]Then[[/EN]] kedezi ihe iji mee [[EN]]expect[[/EN]] na iro na [[EN]]I[[/EN]] ga afu mmadu? [[EN]]Nna nwanne[[/EN]],afriswitch-igbo-001587-CUBrJdmWt8E_chunk_275968-281120_32,CUBrJdmWt8E_chunk,natural-afriswitch,6
audio/igbo/001595-PrqAqZJeL70_chunk_5136580-5148156_579.wav,53d73688ba0660677984bfcc8be6984c0b64d68c3764765ebe1bf677d733e4d8,10.529999732971191,clean-16khz,11.968000411987305,Igbo-English,"are related to duru, who's duru? I don't know. Ite ofe is part of soup but I don't know","[[EN]]are related to[[/EN]] duru, [[EN]]who's[[/EN]] duru? [[EN]]I don't know. Ite ofe is part of soup but I don't know[[/EN]]",afriswitch-igbo-001595-PrqAqZJeL70_chunk_5136580-5148156_579,PrqAqZJeL70_chunk,natural-afriswitch,4
audio/igbo/001603-0-qTZ4jpyqw_chunk_111648-112956_13.wav,1db69482cdb2c649487c12075151049612411f253f02c2a396543ec0eb55d3f0,33.33000183105469,clean-16khz,4.09099817276001,Igbo-English,Ebe a grape,Ebe a [[EN]]grape[[/EN]],afriswitch-igbo-001603-0-qTZ4jpyqw_chunk_111648-112956_13,0_qTZ4jpyqw,natural-afriswitch,1
audio/igbo/001652-GasKqmjkKZw_chunk_948160-966972_33.wav,6bb246e085bdb38067665a94708cac56840b93911469b95633b253c8bf9c153b,28.56999969482422,clean-16khz,12.603967666625977,Igbo-English,kwa nla ass na-as izite ka elele,kwa nla [[EN]]ass na-as[[/EN]] izite ka elele,afriswitch-igbo-001652-GasKqmjkKZw_chunk_948160-966972_33,GasKqmjkKZw_chunk,natural-afriswitch,2
audio/igbo/001665-W5Y21IkT_ig_chunk_11396-18300_4.wav,82f915e243673b04bd84a15b9df2dab6c72be0fda0347197426b4d2fcd964304,50.0,clean-16khz,6.974013805389404,Igbo-English,ikike a na-esitekwanu n'd r ubi any n'ar,ikike a na-esitekwanu [[EN]]n'd r[[/EN]] ubi [[EN]]any n'ar[[/EN]],afriswitch-igbo-001665-W5Y21IkT_ig_chunk_11396-18300_4,W5Y21IkT_ig,natural-afriswitch,3
audio/igbo/001696-_HOK6-UD84o_chunk_3189392-3204828_229.wav,7527a6d5e3e090c6d9f7471c4e7242a036386f50b5abc2af31e15ea24e670118,44.439998626708984,clean-16khz,16.34000015258789,Igbo-English,ture m l tupu any na-agba ya n'oyibote tupu,[[EN]]ture m l[[/EN]] tupu [[EN]]any[[/EN]] na-agba ya n'oyibote tupu,afriswitch-igbo-001696-_HOK6-UD84o_chunk_3189392-3204828_229,_HOK6,natural-afriswitch,3
audio/igbo/001705-pgHv1cJgsYE_chunk_312576-315708_34.wav,a24934128f1b5185407118d54c70a36f6fcd898743887f21f21af01681f5febd,42.86000061035156,clean-16khz,3.1319949626922607,Igbo-English,Eso ass g na nd nkwadona onyonyo,Eso [[EN]]ass g na nd[[/EN]] nkwadona onyonyo,afriswitch-igbo-001705-pgHv1cJgsYE_chunk_312576-315708_34,pgHv1cJgsYE_chunk,natural-afriswitch,2
audio/igbo/001727-EzW0RLDrSY8_chunk_1314992-1330976_54.wav,f5e9ac339a4550a56f8821d6c6ee1c40e40dfb3c0e0c89f3f632b0dd03d2e623,40.0,clean-16khz,15.983990669250488,Igbo-English,kpa ka nne zuru ezukwa ebe ago nd be any,kpa ka nne zuru ezukwa ebe [[EN]]ago nd be any[[/EN]],afriswitch-igbo-001727-EzW0RLDrSY8_chunk_1314992-1330976_54,EzW0RLDrSY8_chunk,natural-afriswitch,1
audio/igbo/001731-Lej12rkjYlk_chunk_373040-486464_19.wav,d8e068edc107e9ae5bcc600fc23020466aa49788060cb31212349609ac7a45f8,38.459999084472656,clean-16khz,5.255986213684082,Igbo-English,nyekwuo n'k ka any na eche ka an ad ka any saa kw,nyekwuo [[EN]]n'k[[/EN]] ka [[EN]]any[[/EN]] na eche ka [[EN]]an ad[[/EN]] ka [[EN]]any[[/EN]] saa kw,afriswitch-igbo-001731-Lej12rkjYlk_chunk_373040-486464_19,Lej12rkjYlk_chunk,natural-afriswitch,8
audio/igbo/001740-kg78a6XZXKI_chunk_80400-89664_12.wav,e48505bb32b71311ed2361ca589eb2e3a2d3367c451dbd40d77f64ecf9d2f046,36.84000015258789,clean-16khz,9.263991355895996,Igbo-English,otu a ka any ga-esi wee biri ya bugara nd any chptara na ihe nd a d ezigbote mkpa,otu a ka [[EN]]any[[/EN]] ga-esi wee biri ya bugara [[EN]]nd any[[/EN]] chptara na ihe [[EN]]nd a d ezigbote[[/EN]] mkpa,afriswitch-igbo-001740-kg78a6XZXKI_chunk_80400-89664_12,kg78a6XZXKI_chunk,natural-afriswitch,6
audio/igbo/001751-7VpIyJ-8EBY_chunk_12848-27648_3.wav,d0fae4b1ed07e30b387e48a60074864e11c71dcabc3b5916cc4ffec2c46c7506,33.33000183105469,clean-16khz,14.800000190734863,Igbo-English,gaa ndtion any na-ekene unu maka ihe nrite nke unu nyere any a nabata ya n'obi cha daal na-akwalite ass Igbo dise na ike ass anya mana,[[EN]]gaa ndtion any[[/EN]] na-ekene unu maka ihe [[EN]]nrite[[/EN]] nke unu nyere [[EN]]any a[[/EN]] nabata ya n'obi cha daal [[EN]]na-akwalite ass Igbo[[/EN]] dise na ike ass anya mana,afriswitch-igbo-001751-7VpIyJ-8EBY_chunk_12848-27648_3,7VpIyJ_8EBY,natural-afriswitch,7
audio/igbo/001765-3d9BBgrtATY_chunk_0-15728_1.wav,fac6620495c2c27d745e32f73eeca9181281aa7d12794e4327dd3b95f3f5bfd3,30.770000457763672,clean-16khz,15.727981567382812,Igbo-English,rzina ka any n n'oruba bi bi bi n'ad na m na sh,rzina ka [[EN]]any n n'oruba[[/EN]] bi bi bi [[EN]]n'ad[[/EN]] na m na sh,afriswitch-igbo-001765-3d9BBgrtATY_chunk_0-15728_1,3d9BBgrtATY_chunk,natural-afriswitch,4
audio/igbo/001789-bdde47c246db454aa035f5d28b472e32_xPpZ1sZA.wav,b45238f74121059e49ba621df0e541ad54e323bfd03bb6ea9b1604d28cef9771,27.270000457763672,clean-16khz,9.196999549865723,Igbo-English,Tinyekwu n'm n'ihe gbasara nka na ihe niile mere any ji br nd Igbo oge any ga-emekwa ha ka br ihe ga-ad,Tinyekwu [[EN]]n'm n'ihe[[/EN]] gbasara nka na ihe niile mere [[EN]]any[[/EN]] ji br [[EN]]nd Igbo[[/EN]] oge [[EN]]any[[/EN]] ga-emekwa ha ka br ihe ga-ad,afriswitch-igbo-001789-bdde47c246db454aa035f5d28b472e32_xPpZ1sZA,bdde47c246db454aa035f5d28b472e32_xPpZ1sZA,natural-afriswitch,8
audio/igbo/001829-rV0gyiJk91c_chunk_595440-603392_56.wav,9b4c1f44f356017bae0c719d8755d3ee0da77b7ab192c293e40ead880a8395ce,22.219999313354492,clean-16khz,7.951994895935059,Igbo-English,fd adgh mma ya mere ka any na-ehi n'anya tupu ayara ka ama m na any mtara ihe,[[EN]]fd adgh[[/EN]] mma ya mere ka [[EN]]any[[/EN]] na-ehi n'anya tupu ayara ka ama m na [[EN]]any[[/EN]] mtara ihe,afriswitch-igbo-001829-rV0gyiJk91c_chunk_595440-603392_56,rV0gyiJk91c_chunk,natural-afriswitch,5
audio/pidgin/000005-QarC174FuRo_chunk_1107696-1119536_134.wav,2312f39ae9cb23ded5a6d73ad5268e042d587705e6fb8f1f5d513a498ee2d1fb,22.729999542236328,clean-16khz,11.84000015258789,Pidgin-English,"The truth be say whatever it is you believe in everybody believes in a supernatural force and that's why as a life coach or a psychotherapist we come from from that point of view and know say God, God, God. Yes I be Christian","The truth be say [[EN]]whatever it is you believe in everybody believes in a supernatural force and that's why as a life coach or a psychotherapist we come from from that point of view and[[/EN]] know say [[EN]]God, God, God[[/EN]]. Yes I be Christian",afriswitch-pidgin-000005-QarC174FuRo_chunk_1107696-1119536_134,QarC174FuRo_chunk,natural-afriswitch,4
audio/pidgin/000010-L1MCggay07I_chunk_1315184-1330320_118.wav,30136ee494d956477eaa3f548a1aea6dd1b540815ba7df60a319cedf34579dd1,25.530000686645508,clean-16khz,15.13599967956543,Pidgin-English,Now we still come out to say no do this so that this will not happen. Do this. That's to tell you how great minded Nigerians are. It gives you something that there's still an human side of the Nigerian people. And I feel that a reappraisal,Now we still come out to say no do this so that [[EN]]this will not happen. Do this. That's to tell you how great minded Nigerians are. It gives you something that there's still an human side of the Nigerian people. And I feel that a reappraisal[[/EN]],afriswitch-pidgin-000010-L1MCggay07I_chunk_1315184-1330320_118,L1MCggay07I_chunk,natural-afriswitch,1
audio/pidgin/000012-No6f5wUO9Bw_chunk_1262048-1276416_149.wav,adcf7820633af846a81ed41b1a18512279a26a8169809b36367f8a133c9e0687,38.709999084472656,clean-16khz,14.368000030517578,Pidgin-English,information goes to. It's like a warehouse. They say do you have a warehouse in Somolu? We say yes we get warehouse for Somolu. Na electoral materials we dey keep there.,[[EN]]information goes to. It's like a warehouse. They say do you have a warehouse in Somolu?[[/EN]] [[EN]]We say yes[[/EN]] we get warehouse for Somolu. Na electoral materials we dey keep there.,afriswitch-pidgin-000012-No6f5wUO9Bw_chunk_1262048-1276416_149,No6f5wUO9Bw_chunk,natural-afriswitch,1
audio/pidgin/000051-itLGJ3jaA2c_chunk_1979556-1989916_199.wav,aaf647d43d1076b46e445fbf76c770937d3f2f7dc9d6912d91bce6b126cbe512,9.520000457763672,clean-16khz,11.755000114440918,Pidgin-English,O ya we hear you talk charies fit dey hear you We we dey year you ya tongue turn Good morning,O ya we hear you talk charies fit dey hear you We we dey year you ya tongue turn [[EN]]Good morning[[/EN]],afriswitch-pidgin-000051-itLGJ3jaA2c_chunk_1979556-1989916_199,itLGJ3jaA2c_chunk,natural-afriswitch,1
audio/pidgin/000079-gyrgg1rg_ww_chunk_1275824-1291024_99.wav,31e32e003c78a770ce69d178973b157237503e4a119a79fe5a8bfcac12daa589,22.809999465942383,clean-16khz,15.199999809265137,Pidgin-English,"Make we ask her people wey dey house This time last year how much you dey buy a cup of Garri? How much you dey buy one mudu of Garri and the people wey dey hear us from the other side wey bin dem no dey abuja wey dem dey use kongo, how much be 10 kongo 10 cups","Make we ask her people wey dey house [[EN]]This time last year[[/EN]] how much you dey buy [[EN]]a cup of Garri[[/EN]]? How much you dey buy [[EN]]one mudu of Garri[[/EN]] and the people wey dey hear us from the other side wey bin dem no dey abuja wey dem dey use kongo, how much be 10 kongo [[EN]]10 cups[[/EN]]",afriswitch-pidgin-000079-gyrgg1rg_ww_chunk_1275824-1291024_99,gyrgg1rg_ww,natural-afriswitch,7
audio/pidgin/000123-KLwiP6pOqo0_chunk_795472-805872_87.wav,c2fbe42669762d1a125ff81fa3b928cf99f3aaea86cde6542e3f84d882515d9b,13.640000343322754,clean-16khz,10.399999618530273,Pidgin-English,I dey show my face for everywhere I dey go I dey go make I ask me question Wetin I wan make we do Wh kind wed do I was in a community recently na two the yous I swallow a lot of dem,I dey show my face for everywhere I dey go I dey go make I ask me question Wetin I wan make we do Wh kind wed do [[EN]]I was in a community recently[[/EN]] na two the yous I swallow a lot of dem,afriswitch-pidgin-000123-KLwiP6pOqo0_chunk_795472-805872_87,KLwiP6pOqo0_chunk,natural-afriswitch,2
audio/pidgin/000184-Fu5d_Zn6kP8_chunk_1149152-1155280_118.wav,25c395c5cb5002c77be87bfbf40d14907bdc49d952d2cedf99df061876010aa5,31.25,clean-16khz,6.127999782562256,Pidgin-English,Alright thank you well well So the better oish you come out and pain non your,[[EN]]Alright thank you well well[[/EN]] So the better oish you come out and pain non your,afriswitch-pidgin-000184-Fu5d_Zn6kP8_chunk_1149152-1155280_118,Fu5d_Zn6kP8,natural-afriswitch,1
audio/pidgin/000185-Vg9bFTXw3pE_chunk_2443312-2458608_285.wav,b2bc3b6bebe22ee83160a898e4d715356ae54e6b1b4998e068f18eabecaecf74,5.260000228881836,clean-16khz,15.295999526977539,Pidgin-English,be like ke 30 or 28 29 30. She fit don reach it's possible say she go don. By her face sef you go know say this one don know. See ehn na_my mother dey always do one proverb. E go say,be like ke 30 or 28 29 30. She fit don reach [[EN]]it's possible[[/EN]] say she go don. By her face sef you go know say this one don know. See ehn na_my mother dey always do one proverb. E go say,afriswitch-pidgin-000185-Vg9bFTXw3pE_chunk_2443312-2458608_285,Vg9bFTXw3pE_chunk,natural-afriswitch,2
audio/pidgin/000189-No6f5wUO9Bw_chunk_1614528-1627328_184.wav,96fe460819e78085ac063f65836dd03f66a8bd2b34e0ebe86218b4e48f205a40,43.75,clean-16khz,12.800000190734863,Pidgin-English,Do wet we call disa for climb ojections Do wet we call Duation to remove the people wey give them alcohol registation We go send message to every person wey don register,Do wet we call disa for [[EN]]climb ojections[[/EN]] Do wet we call Duation [[EN]]to remove the people[[/EN]] wey give them [[EN]]alcohol registation[[/EN]] We go [[EN]]send message to every person[[/EN]] wey don [[EN]]register[[/EN]],afriswitch-pidgin-000189-No6f5wUO9Bw_chunk_1614528-1627328_184,No6f5wUO9Bw_chunk,natural-afriswitch,9
audio/pidgin/000203-wQf0qBuB7Uo_chunk_878416-891248_98.wav,6e12a541b3673285153d581eee7b25ab712993cd8ba7381ee6a24410393e1ad4,42.5,clean-16khz,12.831999778747559,Pidgin-English,This initative and seeing how they care move award as the government bin involved in this or if not how can dey or what you dey do or hold private seconds can do to come in to push this new,[[EN]]This initative and seeing how they care move award as the government[[/EN]] bin involved in this or if not how can dey or what you dey do or hold [[EN]]private seconds can do to come in to push this new[[/EN]],afriswitch-pidgin-000203-wQf0qBuB7Uo_chunk_878416-891248_98,wQf0qBuB7Uo_chunk,natural-afriswitch,2
audio/pidgin/000218-yAGZmZ7ZZ3I_chunk_1119088-1130880_111.wav,15c20c433f1d2d5ca41c7873f17035695f1e6dc0a28f20650c64fca7b3d51a43,26.190000534057617,clean-16khz,11.791999816894531,Pidgin-English,How low the country to you Also e dey pain plenty for body wey you know say The effort wey I get I no fit use am 100 I no even fit use am 80 or even 70 while because the instrument when I need,How low the country to you Also e dey pain plenty for body wey you know say [[EN]]The effort[[/EN]] wey I get I no fit use am [[EN]]100[[/EN]] I no even fit use am [[EN]]80 or even 70[[/EN]] [[EN]]while because the instrument when I need[[/EN]],afriswitch-pidgin-000218-yAGZmZ7ZZ3I_chunk_1119088-1130880_111,yAGZmZ7ZZ3I_chunk,natural-afriswitch,3
audio/pidgin/000284-No6f5wUO9Bw_chunk_976640-984672_107.wav,e48fb1c2a5021e9236d2983152d5f018468970debc3f70b0eb17a8e0f0434a02,28.56999969482422,clean-16khz,8.031999588012695,Pidgin-English,PVC registation date online day oa other one na questions wey Dey ask you from online oga Say if una fit extend primarys one I no fit extend,[[EN]]PVC registation date online[[/EN]] day oa other one na questions wey Dey ask you from online oga Say [[EN]]if[[/EN]] una fit extend [[EN]]primarys one[[/EN]] [[EN]]I[[/EN]] no fit extend,afriswitch-pidgin-000284-No6f5wUO9Bw_chunk_976640-984672_107,No6f5wUO9Bw_chunk,natural-afriswitch,5
audio/pidgin/000319-K-kjfSxpotY_chunk_2037056-2044816_232.wav,56119147ccc310f32ae4d7ce838a7431c8bb06a970a3a9e1061b1c6a09667868,35.709999084472656,clean-16khz,7.760000228881836,Pidgin-English,And we stay here we die together year here dey think deep think am,[[EN]]And we stay here we die together year here[[/EN]] dey think deep think am,afriswitch-pidgin-000319-K-kjfSxpotY_chunk_2037056-2044816_232,K_kjfSxpotY,natural-afriswitch,1
audio/pidgin/000334-9kGFaX23hdE_chunk_1387712-1398688_86.wav,dcdc552c8e4fdbf1bf3169f58d9f0caabc1997b49dcd30c67e917543d707397f,21.8799991607666,clean-16khz,10.97599983215332,Pidgin-English,Beta beta co we get for inside studo so na Dr Efi oquena Him be the oga peta patter of safe democrey group with better solute give you Welcome this evening sir,Beta beta co we get for inside studo so na Dr Efi oquena Him be the oga peta patter of [[EN]]safe democrey group[[/EN]] with better solute give you [[EN]]Welcome this evening sir[[/EN]],afriswitch-pidgin-000334-9kGFaX23hdE_chunk_1387712-1398688_86,9kGFaX23hdE_chunk,natural-afriswitch,3
audio/pidgin/000337-utWohxqAAhk_chunk_138256-146672_16.wav,1752a3a1e85cd32b48ac9a6db64bd413045f7f8b768892428e30d9d9a3ccaf23,22.860000610351562,clean-16khz,8.416000366210938,Pidgin-English,Everybody just dey do tick talk as if dis tick talk sef make I come read and low thick talk come start do am Now as I start do am but my videos come dey,[[EN]]Everybody just[[/EN]] dey do tick talk as if dis tick talk sef make I come [[EN]]read[[/EN]] and [[EN]]low thick talk[[/EN]] come start do am [[EN]]Now[[/EN]] as I start do am but my [[EN]]videos[[/EN]] come dey,afriswitch-pidgin-000337-utWohxqAAhk_chunk_138256-146672_16,utWohxqAAhk_chunk,natural-afriswitch,9
audio/pidgin/000380-e3cxVBSOEc4_chunk_180548-193440_19.wav,c6e89a9f7c10c67af713aaa8cbeeee9c48b0c60704854ac363a658c357e9b2a1,28.56999969482422,clean-16khz,12.892000198364258,Pidgin-English,Thank the tradional cleaning e use to be very regorous cumes no very last some of with the ear learning parum wey you use be now you have,[[EN]]Thank the tradional cleaning[[/EN]] e use to be [[EN]]very regorous cumes no very last some of with the ear learning parum[[/EN]] wey you use be [[EN]]now you have[[/EN]],afriswitch-pidgin-000380-e3cxVBSOEc4_chunk_180548-193440_19,e3cxVBSOEc4_chunk,natural-afriswitch,4
audio/pidgin/000435-ywJo4WJqWks_chunk_372192-379776_41.wav,26ea9197a1888b3937410f09b6fd115a8b284e0e241763241af4d6a990d237d6,46.43000030517578,clean-16khz,7.584000110626221,Pidgin-English,around the creation of this comit and the reason why dey create the comity Na a lot of people dey talk say yes na good step forward now,[[EN]]around the creation of this[[/EN]] comit [[EN]]and the reason why[[/EN]] dey create the comity Na a lot of people dey talk say yes na [[EN]]good step forward now[[/EN]],afriswitch-pidgin-000435-ywJo4WJqWks_chunk_372192-379776_41,ywJo4WJqWks_chunk,natural-afriswitch,4
audio/pidgin/000466-VFsw6RskKjc_chunk_674672-679568_70.wav,847061531586a479c67bbb77ef2e1d5c2f1cc691cd0891f02a341b34419ece8e,42.86000061035156,clean-16khz,4.895999908447266,Pidgin-English,So we no need dey talk am for social media Even if we wan to complain complain in a different way,So we no need dey talk am for [[EN]]social media Even if we[[/EN]] wan to complain complain [[EN]]in a different way[[/EN]],afriswitch-pidgin-000466-VFsw6RskKjc_chunk_674672-679568_70,VFsw6RskKjc_chunk,natural-afriswitch,3
audio/pidgin/000496-IUl9bk19QlE_chunk_670464-675568_63.wav,d2ed5ffa2b129100820fd8a1e6e023d2ac98f7ece9c188a0d4e94306c0f6f2e8,25.0,clean-16khz,5.104000091552734,Pidgin-English,"Like, like Precious wan just talk na, na that part I even wan go the will","[[EN]]Like, like Precious[[/EN]] wan [[EN]]just talk[[/EN]] na, na [[EN]]that part I even[[/EN]] wan [[EN]]go the will[[/EN]]",afriswitch-pidgin-000496-IUl9bk19QlE_chunk_670464-675568_63,IUl9bk19QlE_chunk,natural-afriswitch,6
audio/pidgin/000499-LrvpZEWIMHg_chunk_323104-325536_28.wav,7392a8ce681e8e2837a918006e4665201229743cf6fae0b7a1cd67169eab9c86,44.439998626708984,clean-16khz,2.431999921798706,Pidgin-English,My dad di veri naish man dey call am,[[EN]]My dad[[/EN]] di [[EN]]veri naish man[[/EN]] dey call am,afriswitch-pidgin-000499-LrvpZEWIMHg_chunk_323104-325536_28,LrvpZEWIMHg_chunk,natural-afriswitch,3
audio/pidgin/000505-H1lM_t02-04_chunk_122288-133600_10.wav,a4e65290d93c6e379e61622184ae9d2cfb3f48736324d9a6666cda2779287103,19.049999237060547,clean-16khz,11.312000274658203,Pidgin-English,"Na struggle na en we dey. Shey na sey na teachers dem no dey teach well? Abi na sey the children dem dey no dey understand? Abi na sey our education patapata, e don reach for us to carry am go mechanic?","Na [[EN]]struggle[[/EN]] na en we dey. Shey na sey na [[EN]]teachers[[/EN]] dem no dey [[EN]]teach well[[/EN]]? Abi na sey the [[EN]]children[[/EN]] dem dey no dey [[EN]]understand[[/EN]]? Abi na sey our [[EN]]education[[/EN]] patapata, e don reach for us to carry am go [[EN]]mechanic[[/EN]]?",afriswitch-pidgin-000505-H1lM_t02-04_chunk_122288-133600_10,H1lM_t02,natural-afriswitch,13
audio/pidgin/000509--PfM0XyVYp8_chunk_335044-338492_37.wav,797556cde64f467daa76841aee585e037656808cbb47329fdc84ff069603f807,50.0,clean-16khz,3.447999954223633,Pidgin-English,Oga your TV dey on abeg,Oga [[EN]]your TV[[/EN]] dey [[EN]]on[[/EN]] abeg,afriswitch-pidgin-000509--PfM0XyVYp8_chunk_335044-338492_37,_PfM0XyVYp8,natural-afriswitch,4
audio/pidgin/000521-hYAH9m4_QCw_chunk_1238272-1242448_87.wav,ed123c193a927f10233806475c35dadf83e82a711b55de4cb54dd81a6f64cb02,25.0,clean-16khz,4.176000118255615,Pidgin-English,So everywhere dem design am dem arrange am,[[EN]]So everywhere[[/EN]] dem design am dem arrange am,afriswitch-pidgin-000521-hYAH9m4_QCw_chunk_1238272-1242448_87,hYAH9m4_QCw,natural-afriswitch,1
audio/pidgin/000522-OQSy5_Nv_fo_chunk_654052-667040_70.wav,59c98513bf11f0a446da3fa5bace7e259a660879fa86d552450da62ae452e9b5,9.520000457763672,clean-16khz,12.98799991607666,Pidgin-English,Hey okay well go start OK Alright no worry well they go poo poo OK wet 1st bash name na right,[[EN]]Hey okay well go start OK Alright no worry well they go poo poo OK[[/EN]] wet [[EN]]1st bash name[[/EN]] na [[EN]]right[[/EN]],afriswitch-pidgin-000522-OQSy5_Nv_fo_chunk_654052-667040_70,OQSy5_Nv,natural-afriswitch,4
audio/pidgin/000524-xZ2eOUH-3s8_chunk_2430272-2440304_245.wav,45b733161ea012e92414c72fda8d6abefd904345f61c039aafbd4986cc314521,37.5,clean-16khz,10.031999588012695,Pidgin-English,And protectioning a common main from all these good try amo e really recommended na Spirerable,[[EN]]And[[/EN]] protectioning [[EN]]a common main from all these good[[/EN]] try amo e [[EN]]really recommended[[/EN]] na Spirerable,afriswitch-pidgin-000524-xZ2eOUH-3s8_chunk_2430272-2440304_245,xZ2eOUH_3s8,natural-afriswitch,5
audio/pidgin/000540-7HJVodnEhoo_chunk_107728-118464_14.wav,d11b36419c24d5328c695ca749c5121633795e1cbfb6d4df82e4a36a29aef8fe,11.430000305175781,clean-16khz,10.736000061035156,Pidgin-English,No let give it any cooration And is not to falt of ease He as a health challenge we have the one of the hand shaking we have the one of a bit of incerence,No let [[EN]]give it any cooration[[/EN]] [[EN]]And is not to falt of ease[[/EN]] He as [[EN]]a health challenge[[/EN]] [[EN]]we have the one of the hand shaking we have the one of a bit of incerence[[/EN]],afriswitch-pidgin-000540-7HJVodnEhoo_chunk_107728-118464_14,7HJVodnEhoo_chunk,natural-afriswitch,3
audio/pidgin/000547-ZAdPPeTJJ5s_chunk_258384-263536_28.wav,18d04ca780a1dfd18038b1ad1271abce2e19e03d11fb74985eb3172f67675506,18.75,clean-16khz,5.1519999504089355,Pidgin-English,"But I dey think say we still need more brands, more serious brands for Nigeria today.","[[EN]]But I[[/EN]] dey [[EN]]think[[/EN]] say [[EN]]we still need more brands, more serious brands for[[/EN]] Nigeria [[EN]]today[[/EN]].",afriswitch-pidgin-000547-ZAdPPeTJJ5s_chunk_258384-263536_28,ZAdPPeTJJ5s_chunk,natural-afriswitch,6
audio/pidgin/000555-Tnuqs_hHhrU_chunk_573808-589024_61.wav,64d5060dee1020136cfd7588175942c0e3b47ad017cfa9af2d495815773d4387,7.139999866485596,clean-16khz,15.215999603271484,Pidgin-English,If there are no information on blocks and websites on that particular filings for Nigeria expecially you are not going to find anything or you say your foreign don tire and everything and if somebody that does not have the right information,[[EN]]If there are no information on blocks and websites on that particular filings for[[/EN]] Nigeria [[EN]]expecially you are not going to find anything or you say your foreign[[/EN]] don tire [[EN]]and everything and if somebody that does not have the right information[[/EN]],afriswitch-pidgin-000555-Tnuqs_hHhrU_chunk_573808-589024_61,Tnuqs_hHhrU,natural-afriswitch,4
audio/pidgin/000580-J0WK3BjHwdM_chunk_2674148-2685632_297.wav,ce474027ed0f917d6f874bd61c3df7ed325515525a10630f7781f80787f7f16c,12.5,clean-16khz,11.484000205993652,Pidgin-English,I go like to ask To been going to visit the padent why cal the predent car with the nation that my question alra,I go [[EN]]like to ask[[/EN]] [[EN]]To been going to visit the padent[[/EN]] [[EN]]why cal the predent car with the nation that my question[[/EN]] alra,afriswitch-pidgin-000580-J0WK3BjHwdM_chunk_2674148-2685632_297,J0WK3BjHwdM_chunk,natural-afriswitch,2
audio/pidgin/000588-A2hGL6mAVHQ_chunk_166944-170704_13.wav,5a2d1a34cd8da1576c0c3f000e719233f8d3933d98024e5d13317f7cdc37db31,42.86000061035156,clean-16khz,3.759999990463257,Pidgin-English,163 days after the budget suppose don dey,[[EN]]163 days after the budget[[/EN]] suppose don dey,afriswitch-pidgin-000588-A2hGL6mAVHQ_chunk_166944-170704_13,A2hGL6mAVHQ_chunk,natural-afriswitch,1
audio/pidgin/000601-Xd1qSmsxVHY_chunk_613840-626912_69.wav,dea26b5a4285201a93c47a870a7cfcb39917a96c7be902dfffcb1fd5f2bbd162,31.709999084472656,clean-16khz,13.071999549865723,Pidgin-English,Popular party and until now I never hear any new say that investigation oh here dem don reach oh wetin dem don get be this So we need say no be just make him tell us say na dis na that,[[EN]]Popular party and until now I never hear any new say that investigation[[/EN]] oh here dem don reach oh wetin dem don get be this So we need say no be just make him tell us say na dis na that,afriswitch-pidgin-000601-Xd1qSmsxVHY_chunk_613840-626912_69,Xd1qSmsxVHY_chunk,natural-afriswitch,1
audio/pidgin/000608-yAGZmZ7ZZ3I_chunk_1289248-1296624_130.wav,c8e37a9030f29c43a26fd7ba0cd8ddc2f4dee50ab5fb610a0812a522f7e6dfaf,29.6299991607666,clean-16khz,7.375999927520752,Pidgin-English,Then 5 years later 10 years later dem say the machine no dey work again I wan ask you wetin we go put in place to use emure say,[[EN]]Then 5 years later 10 years later[[/EN]] dem say the [[EN]]machine[[/EN]] no dey work again I wan ask you wetin we go put [[EN]]in place[[/EN]] to use emure say,afriswitch-pidgin-000608-yAGZmZ7ZZ3I_chunk_1289248-1296624_130,yAGZmZ7ZZ3I_chunk,natural-afriswitch,5
audio/pidgin/000609-z4Lo33Zj7cU_chunk_278864-284160_31.wav,5108988bcad49b64fa13e5daa1e1a35f9a02a4c7332b5b5799d47f92cd0df1b2,18.18000030517578,clean-16khz,5.296000003814697,Pidgin-English,Hello and you no I think I think I solve this torry and the way the man even put the call through,[[EN]]Hello[[/EN]] and you no [[EN]]I think I think I solve this[[/EN]] torry [[EN]]and the way the man even put the call through[[/EN]],afriswitch-pidgin-000609-z4Lo33Zj7cU_chunk_278864-284160_31,z4Lo33Zj7cU_chunk,natural-afriswitch,4
audio/pidgin/000634-tjWi5Z68sCM_chunk_174384-180352_16.wav,a3b78ee91e35c3d428aedeaf011b15eb5a62c207b8ed54ef2ff315993ada780e,11.760000228881836,clean-16khz,5.9679999351501465,Pidgin-English,The process of selling it to anybody is communicating of value that product of service wey actm,[[EN]]The process of selling it to anybody is communicating of value that product of service[[/EN]] wey actm,afriswitch-pidgin-000634-tjWi5Z68sCM_chunk_174384-180352_16,tjWi5Z68sCM_chunk,natural-afriswitch,1
audio/pidgin/000653-sUFEQs_lQbA_chunk_230640-240096_32.wav,9fd29b95607cb168b00a934ae2068860591ff83dd838610caba97e2aca91de77,44.7400016784668,clean-16khz,9.456000328063965,Pidgin-English,Now him too Dey use the mal use they control the movement to inside If fall in to us we dey [[ENEN]]laugh we go talk say disease najeriia na argeriia we dey E go dey very very important,[[EN]]Now[[/EN]] him too Dey [[EN]]use[[/EN]] the mal [[EN]]use[[/EN]] they [[EN]]control the movement to inside[[/EN]] If [[EN]]fall in to us[[/EN]] we dey [[ENEN]]laugh[[/EN]] we go [[EN]]talk[[/EN]] say [[EN]]disease[[/EN]] najeriia na argeriia we dey E go dey [[EN]]very very important[[/EN]],afriswitch-pidgin-000653-sUFEQs_lQbA_chunk_230640-240096_32,sUFEQs_lQbA,natural-afriswitch,14
audio/pidgin/000663-HOVWi6z4k0Q_chunk_319904-326000_35.wav,c88464f1a07c50e9097ca0a6147ac199e852733da3f83b516be25a0a10d705cb,11.109999656677246,clean-16khz,6.0960001945495605,Pidgin-English,E even know the thoughts of my heart So the question be the way am treating this person,E [[EN]]even know the thoughts of my heart[[/EN]] [[EN]]So the question[[/EN]] be [[EN]]the way am treating this person[[/EN]],afriswitch-pidgin-000663-HOVWi6z4k0Q_chunk_319904-326000_35,HOVWi6z4k0Q_chunk,natural-afriswitch,3
audio/pidgin/000686-v57KDLPaMTk_chunk_431520-437244_50.wav,5104b60788ed5c69d88f0fb95570e77bc86d7c919ab6245ec5fd18cdc6999bd3,44.439998626708984,clean-16khz,6.308000087738037,Pidgin-English,With all dis different frustration we go sit down with different people dem go begin dey complain say,[[EN]]With all[[/EN]] dis [[EN]]different frustration[[/EN]] we go [[EN]]sit down with different people[[/EN]] dem go begin dey [[EN]]complain[[/EN]] say,afriswitch-pidgin-000686-v57KDLPaMTk_chunk_431520-437244_50,v57KDLPaMTk_chunk,natural-afriswitch,7
audio/pidgin/000699-hYAH9m4_QCw_chunk_3205744-3216416_308.wav,d31af5721ef412b00ee6ddf0268fd82d2aa4e0fb6b50465148111f46d642a0e7,22.219999313354492,clean-16khz,10.67199993133545,Pidgin-English,As we dey try conclude with our gar wey don hear with us this issue of migration wey I ask you wey be say waka from one state enter the other one Eh fall out join conclude until all the things wey we dey people,As we dey try conclude with our gar wey don hear with us [[EN]]this issue of migration[[/EN]] wey I ask you wey be say waka from one state enter the other one Eh [[EN]]fall out[[/EN]] join conclude [[EN]]until all the things[[/EN]] wey we dey people,afriswitch-pidgin-000699-hYAH9m4_QCw_chunk_3205744-3216416_308,hYAH9m4_QCw,natural-afriswitch,6
audio/pidgin/000718-nd_x-tUy0CI_chunk_32976-38320_3.wav,e4a4c0fdc8c6d37b4829593d0ebd89391c689f93722ea49f0555db9c29f4dc72,8.329999923706055,clean-16khz,5.343999862670898,Pidgin-English,His wonder dey address and focus attention There is a welcome development,[[EN]]His wonder[[/EN]] dey [[EN]]address and focus attention[[/EN]] [[EN]]There is a welcome development[[/EN]],afriswitch-pidgin-000718-nd_x-tUy0CI_chunk_32976-38320_3,nd_x,natural-afriswitch,2
audio/pidgin/000721-QJUOy3vsPy0_chunk_457760-460624_36.wav,742fbed22ea4c314455cb05328126a991bd71fe251b0aaafafdcddb77f74f59b,14.289999961853027,clean-16khz,2.864000082015991,Pidgin-English,"fit show some kind stubbornness, But then","fit [[EN]]show some kind stubbornness, But then[[/EN]]",afriswitch-pidgin-000721-QJUOy3vsPy0_chunk_457760-460624_36,QJUOy3vsPy0_chunk,natural-afriswitch,1
audio/pidgin/000723-K-kjfSxpotY_chunk_2724400-2728064_316.wav,ba7f2c8c2b3148848f72029d7ce85020b7de84a8215b91772974cd138fd41bc8,40.0,clean-16khz,3.6640000343322754,Pidgin-English,Hand our btile odes God bless oloan clamp for herself,[[EN]]Hand our[[/EN]] btile odes [[EN]]God bless[[/EN]] oloan clamp [[EN]]for herself[[/EN]],afriswitch-pidgin-000723-K-kjfSxpotY_chunk_2724400-2728064_316,K_kjfSxpotY,natural-afriswitch,4
audio/pidgin/000724-iun0yRWpl4A_chunk_138432-154544_12.wav,1253448fa902e8685221974e5d4467699b01a97604c79169b19cddf15d84d4a2,28.56999969482422,clean-16khz,16.11199951171875,Pidgin-English,But it be mad and characterized by a lot of money spending money speaking Or use Branus is generalist give brown because our pockets no really deep But if you wan go give a delate,But it be mad [[EN]]and characterized by a lot of money spending money speaking[[/EN]] Or use Branus is generalist give brown because our pockets no really deep But if you wan go give a delate,afriswitch-pidgin-000724-iun0yRWpl4A_chunk_138432-154544_12,iun0yRWpl4A_chunk,natural-afriswitch,2
audio/pidgin/000743-dT2QmZ0611M_chunk_185824-201088_17.wav,7d2a5a4a41a47503bb4e0a4de17a022bd40fc97642e5544842b3bc3b6996038e,34.880001068115234,clean-16khz,15.263999938964844,Pidgin-English,Dr gland you come your brother don come with some ex to me I know say no be 7 result say is just there gaps and laps in our clinical laboratory. So because of that I say okay the best option to come home,Dr gland you come your brother don come [[EN]]with some ex to me[[/EN]] I know say no be 7 result say [[EN]]is just there gaps and laps in our clinical laboratory. So because of that I say okay the best option to come home[[/EN]],afriswitch-pidgin-000743-dT2QmZ0611M_chunk_185824-201088_17,dT2QmZ0611M_chunk,natural-afriswitch,3
audio/pidgin/000781-88ibNUUOWJ0_chunk_129952-142432_15.wav,36fc1c87bfbc107e50f04ef66a3406eb7f4cb84b3b64657b3a733cc4f8bf1900,41.18000030517578,clean-16khz,12.479999542236328,Pidgin-English,and them more exposed to the mosquito a child sleeping without the benefit of a net You probry get like double the number of mosquito bice on the dters cause the child know wetin,and them [[EN]]more exposed to the mosquito a child sleeping without the benefit of a net[[/EN]] You probry get like double the number of mosquito bice on the dters cause the child know wetin,afriswitch-pidgin-000781-88ibNUUOWJ0_chunk_129952-142432_15,88ibNUUOWJ0_chunk,natural-afriswitch,2
audio/pidgin/000797-X9pupuZZhiA_chunk_2207824-2215824_235.wav,c58d0e9de005a98680e8c96ba78ff3e5a341b5edf8e6f77e968622b959696b51,24.0,clean-16khz,8.0,Pidgin-English,Because of wetin things happening in the country honestly make I shake you know say Election na the time wey be say you get power,Because of wetin [[EN]]things happening in the country honestly[[/EN]] make I shake you know say Election na the time wey be say you get power,afriswitch-pidgin-000797-X9pupuZZhiA_chunk_2207824-2215824_235,X9pupuZZhiA_chunk,natural-afriswitch,2
audio/pidgin/000798-6y72GLjOhlU_chunk_658464-671664_67.wav,c2f134637633420e3ac78a5578be43ef9710a0208a159603186647fa8705c661,47.060001373291016,clean-16khz,13.199999809265137,Pidgin-English,So like Abeg bir the next day So she was very very like cues I remember I give me should hope I forget I fit tell So um she give to me and she,So like Abeg bir [[EN]]the next day[[/EN]] [[EN]]So she was very very like cues[[/EN]] I remember I give me should hope I forget I fit tell [[EN]]So um she give to me and she[[/EN]],afriswitch-pidgin-000798-6y72GLjOhlU_chunk_658464-671664_67,6y72GLjOhlU_chunk,natural-afriswitch,3
audio/pidgin/000813-t5HLkDCnOWA_chunk_78064-84256_8.wav,d68d4b53dbaf56e81e656cebf53fb0116c4a8cb79372ef8c021aa4c708edea38,39.130001068115234,clean-16khz,6.191999912261963,Pidgin-English,Space for inside budone na angia why you decide we always like start to this but why you decide to go forency sit,[[EN]]Space[[/EN]] for inside budone na angia [[EN]]why you decide[[/EN]] we [[EN]]always like start to this[[/EN]] but [[EN]]why you decide to go[[/EN]] forency sit,afriswitch-pidgin-000813-t5HLkDCnOWA_chunk_78064-84256_8,t5HLkDCnOWA_chunk,natural-afriswitch,7
audio/pidgin/000833-1_1fTDdED8c_chunk_1366352-1371824_135.wav,8e1170f1957c52664943c882a32c4fa39273e8f8b7b9b7bd19c83782a9662eae,33.33000183105469,clean-16khz,5.4720001220703125,Pidgin-English,Me am not a fan of you borrowing more more cause we don borrow enough now also Wetin,Me [[EN]]am not a fan of you borrowing more more[[/EN]] cause we don borrow [[EN]]enough now also[[/EN]] Wetin,afriswitch-pidgin-000833-1_1fTDdED8c_chunk_1366352-1371824_135,1_1fTDdED8c,natural-afriswitch,4
audio/pidgin/000848-C0iDsPp6JrQ_chunk_262976-275312_24.wav,9e6d92f6ba94521ec1daeb002f9b48618060c2d6fc620a11c614a71236e093f0,37.13999938964844,clean-16khz,12.336000442504883,Pidgin-English,She loves eating anything her heart don nut treatal value She house don dae chop my while eat small wey we have enough things head her I still think common in law things and help,[[EN]]She loves eating anything[[/EN]] her heart don nut treatal value She house don dae chop my while eat small wey we have enough things head her [[EN]]I still think common in law things and help[[/EN]],afriswitch-pidgin-000848-C0iDsPp6JrQ_chunk_262976-275312_24,C0iDsPp6JrQ_chunk,natural-afriswitch,2
audio/pidgin/000866-Z9L1VHZB_S0_chunk_386464-393072_45.wav,44b0403413ce635aff263fcd21a66cc2f88618318cb538a390f8c87456d67b22,31.579999923706055,clean-16khz,6.607999801635742,Pidgin-English,I dey read for their office to tell dem wetin dey wrong with you and dem go come. Now,[[EN]]I[[/EN]] dey read for their [[EN]]office[[/EN]] to tell dem wetin dey [[EN]]wrong with you[[/EN]] and dem go come. [[EN]]Now[[/EN]],afriswitch-pidgin-000866-Z9L1VHZB_S0_chunk_386464-393072_45,Z9L1VHZB_S0,natural-afriswitch,6
audio/pidgin/000868-kn79DscHayw_chunk_171088-176064_20.wav,b29646f60e557dfd94344e47af93b750db3b6276877a207f100f5d4bab1c5db4,23.530000686645508,clean-16khz,4.97599983215332,Pidgin-English,Because I know say people dey suffer I don decide say I wan dey collect only 10 cobour,[[EN]]Because I know[[/EN]] say people dey suffer I don decide say I wan dey collect [[EN]]only 10[[/EN]] cobour,afriswitch-pidgin-000868-kn79DscHayw_chunk_171088-176064_20,kn79DscHayw_chunk,natural-afriswitch,3
audio/pidgin/000899-K-kjfSxpotY_chunk_912016-919344_102.wav,e5450a7f8361c09c403190acd172b54e393ce72a713335479e235d80887581af,33.33000183105469,clean-16khz,7.328000068664551,Pidgin-English,Limatches na the guy come vex enter inside studio go release another one wey him call bugarga and that one come,Limatches na the guy come vex enter [[EN]]inside studio[[/EN]] go [[EN]]release another one[[/EN]] wey him [[EN]]call bugarga[[/EN]] and that one come,afriswitch-pidgin-000899-K-kjfSxpotY_chunk_912016-919344_102,K_kjfSxpotY,natural-afriswitch,6
audio/pidgin/000914-agcYS5eX-OI_chunk_428496-437216_47.wav,68f6ad1c0e0be56c812b4f85bbe56d68cb9387cc4675c81688915ca044395124,6.900000095367432,clean-16khz,8.720000267028809,Pidgin-English,Wetin happen at that time is it ann historical thing we need to keep in the for front of our new democracy so that people can know the heroes,Wetin happen [[EN]]at that time is it ann historical thing we need to keep in the for front of our new democracy so that people can know the heroes[[/EN]],afriswitch-pidgin-000914-agcYS5eX-OI_chunk_428496-437216_47,agcYS5eX_OI,natural-afriswitch,1
audio/pidgin/000922-v57KDLPaMTk_chunk_2557616-2571152_285.wav,360039e8bff5ead348a3c2b9ccf082927ee3f230b8bbfeef2341922ae2ceae08,17.780000686645508,clean-16khz,13.53600025177002,Pidgin-English,Pobic holiday people go 1st call their friends say is really to dey really public holiday go believe say goent dey lie E trust deficit dey too high E get anything wey you dey plan to use say okay o way we go take correct,[[EN]]Pobic holiday[[/EN]] people go 1st call their friends say [[EN]]is really[[/EN]] to dey really [[EN]]public holiday[[/EN]] go believe say goent dey lie E [[EN]]trust deficit[[/EN]] dey too high E get anything wey you dey plan to use say okay o way we go take correct,afriswitch-pidgin-000922-v57KDLPaMTk_chunk_2557616-2571152_285,v57KDLPaMTk_chunk,natural-afriswitch,7
audio/pidgin/000926-4_AyeqXMUGk_chunk_1241728-1251440_109.wav,8c4f54e18bdd170f4a3b7f220c64ab6f35c4914d1c55e712facd260bb44cd605,24.0,clean-16khz,9.711999893188477,Pidgin-English,Hey if her this one dae so massive I no even know how to start Most people addicted to poography I mean you think about,[[EN]]Hey if her this one[[/EN]] dae so [[EN]]massive[[/EN]] I no even know [[EN]]how to start[[/EN]] [[EN]]Most people addicted to poography I mean you think about[[/EN]],afriswitch-pidgin-000926-4_AyeqXMUGk_chunk_1241728-1251440_109,4_AyeqXMUGk,natural-afriswitch,4
audio/pidgin/000928-WtNRR-6liOc_chunk_2676000-2691248_304.wav,1abddf28e9cc0a4773f8fa322fc9df72e3f46370f09d86fa6915dc6ea8347d4d,25.0,clean-16khz,15.248000144958496,Pidgin-English,Ele go line up face me One person go stand face me the other person go stand for the back of that person for face the opposite direction Those remaining 5 everybody get heads for hand so now music go dey play for una ear,Ele go line up face me [[EN]]One person[[/EN]] go stand face me [[EN]]the other person[[/EN]] go stand for the back of that person for face [[EN]]the opposite direction[[/EN]] [[EN]]Those remaining 5 everybody[[/EN]] get heads for hand so now music go dey play for una ear,afriswitch-pidgin-000928-WtNRR-6liOc_chunk_2676000-2691248_304,WtNRR_6liOc,natural-afriswitch,6
audio/pidgin/000966-iAd6G_uxm3A_chunk_515872-532416_54.wav,9457848d6499f41985d6a4b373f6ab42b05a337b094139e00468b68c8404a33f,48.38999938964844,clean-16khz,16.54400062561035,Pidgin-English,"painful. I want ask you one very very crucial question, very important question. Okay. How many followers do you have on Instagram? Omoh, e dey increase everyday I no even know I no fit count. You no fit count. I no fit count right now. E don increase. At the moment I no fit count am but last I checked, 1 thousand something","[[EN]]painful. I want ask you one very very crucial question, very important question. Okay. How many followers do you have on Instagram?[[/EN]] Omoh, e dey increase everyday I no even know I no fit count. You no fit count. I no fit count right now. E don increase. [[EN]]At the moment[[/EN]] I no fit count am but [[EN]]last I checked, 1 thousand something[[/EN]]",afriswitch-pidgin-000966-iAd6G_uxm3A_chunk_515872-532416_54,iAd6G_uxm3A,natural-afriswitch,4
audio/pidgin/001020-1zBz4CVEogs_chunk_930336-939024_94.wav,4b82c427897db25a4a920f982aa8ea7a17de87e6061bfd33fecd5fd82cc6c978,31.25,clean-16khz,8.687999725341797,Pidgin-English,We dey try do jan level he jump out Jan e jump out from window na private hospital when dem carry am go We need to dey tell our sef the truth,We dey try do jan level [[EN]]he jump out[[/EN]] Jan e jump out [[EN]]from window[[/EN]] na [[EN]]private hospital[[/EN]] when dem carry am go [[EN]]We need to[[/EN]] dey tell our sef the truth,afriswitch-pidgin-001020-1zBz4CVEogs_chunk_930336-939024_94,1zBz4CVEogs_chunk,natural-afriswitch,8
audio/pidgin/001032-JOFivO3qn0U_chunk_1126448-1133808_130.wav,4b78222e27dedd6f495a5c9a157e115c27dea46c12b73e86957baefb609abf44,45.83000183105469,clean-16khz,7.360000133514404,Pidgin-English,E go see dr E go see motivation e go see the lifestyle So na wetin else e motivate all these things join together,E go see [[EN]]dr[[/EN]] E go see [[EN]]motivation[[/EN]] e go see [[EN]]the lifestyle[[/EN]] So na wetin [[EN]]else[[/EN]] e [[EN]]motivate[[/EN]] [[EN]]all these things join together[[/EN]],afriswitch-pidgin-001032-JOFivO3qn0U_chunk_1126448-1133808_130,JOFivO3qn0U_chunk,natural-afriswitch,9
audio/pidgin/001037-YPsvoZ2qhIc_chunk_44704-49856_6.wav,01b7c9e9af038fd7147624b87b106105373862fdf233dbb542ee0025a053a5d8,12.0,clean-16khz,5.1519999504089355,Pidgin-English,But e get one top wey we hear today and I dey sure say as a loose story person go don get this talk Eh,[[EN]]But[[/EN]] e get one top wey we hear [[EN]]today[[/EN]] [[EN]]and[[/EN]] I dey sure say as a loose story person go don get this talk Eh,afriswitch-pidgin-001037-YPsvoZ2qhIc_chunk_44704-49856_6,YPsvoZ2qhIc_chunk,natural-afriswitch,3
audio/pidgin/001045-GudBnL-CIdk_chunk_1024528-1028128_125.wav,75e15392d61a58fd8941b51d33fb4bee4475a135f44b9d4d7c8f86c496395e48,30.770000457763672,clean-16khz,3.5999999046325684,Pidgin-English,Dem still fit use those evidence wey dem don see later after the,Dem still fit use those [[EN]]evidence[[/EN]] wey dem don see [[EN]]later after the[[/EN]],afriswitch-pidgin-001045-GudBnL-CIdk_chunk_1024528-1028128_125,GudBnL_CIdk,natural-afriswitch,3
audio/pidgin/001056-fayv63sQvDA_chunk_908112-920416_94.wav,99a176aad3cf7be95939a292f1638eef808caca369c9d3803e84d3ef4a5da0de,22.860000610351562,clean-16khz,12.303999900817871,Pidgin-English,"Now dey say if you dey look the number of candidate wey actually come outside and write this JAMB, between April 11 and April 17 across 698 Computer based test center for the 36 state plus including the federal","Now dey say if you dey look [[EN]]the number of candidate[[/EN]] wey [[EN]]actually come outside and write this JAMB, between April 11 and April 17 across 698 Computer based test center for the 36 state plus including the federal[[/EN]]",afriswitch-pidgin-001056-fayv63sQvDA_chunk_908112-920416_94,fayv63sQvDA_chunk,natural-afriswitch,3
audio/pidgin/001084-t4LM1_sm8sU_chunk_312352-319712_34.wav,f1924941a7e4acf76014442624708c23c39b970a0ee78ab17e97008d0153c943,35.290000915527344,clean-16khz,7.360000133514404,Pidgin-English,Small kind problem wetin dem suppose don resolve pant come cast the entire place problem come dey,[[EN]]Small kind problem[[/EN]] wetin dem suppose don resolve pant come cast [[EN]]the entire place[[/EN]] problem come dey,afriswitch-pidgin-001084-t4LM1_sm8sU_chunk_312352-319712_34,t4LM1_sm8sU,natural-afriswitch,3
audio/pidgin/001088-n9A00SM22G8_chunk_1715472-1726944_209.wav,b206b8c69981f9e167a43e715b97b3448776300f000f87afa8375f396da0eea7,39.529998779296875,clean-16khz,11.472000122070312,Pidgin-English,To dis new one now wey get belle which girl dey rush you more that time abi na now I don cold am sef You don cold am No na you cold am abi na don cold am Na me hide myself now,To dis [[EN]]new one[[/EN]] now wey get belle [[EN]]which girl[[/EN]] dey rush you [[EN]]more[[/EN]] [[EN]]that time[[/EN]] abi na now I don [[EN]]cold am[[/EN]] sef You don [[EN]]cold am[[/EN]] No na you [[EN]]cold am[[/EN]] abi na don [[EN]]cold am[[/EN]] Na me [[EN]]hide myself[[/EN]] now,afriswitch-pidgin-001088-n9A00SM22G8_chunk_1715472-1726944_209,n9A00SM22G8_chunk,natural-afriswitch,16
audio/pidgin/001116-Xd1qSmsxVHY_chunk_2055600-2067040_228.wav,9d2d6981236678b925ca28445bec8e1e5cab932b2f375590df3571dbfacab927,44.189998626708984,clean-16khz,11.4399995803833,Pidgin-English,Wh women dey if women wan do something dem dey do am and get am very right Even for home if woman like she rightly side if woman wan maintain peace e go just measure down like say no know wetin dey happen,Wh [[EN]]women[[/EN]] dey if [[EN]]women[[/EN]] wan do [[EN]]something[[/EN]] dem dey do am and get am [[EN]]very right[[/EN]] [[EN]]Even for home if woman like she rightly side[[/EN]] if [[EN]]woman[[/EN]] wan [[EN]]maintain peace[[/EN]] e go just [[EN]]measure down[[/EN]] like say no know wetin dey happen,afriswitch-pidgin-001116-Xd1qSmsxVHY_chunk_2055600-2067040_228,Xd1qSmsxVHY_chunk,natural-afriswitch,14
audio/pidgin/001125-lm4xjILr7B4_chunk_60368-65920_10.wav,31c60a64ac265ca43595fe46a4eeb3a7a3e6ae7a6b8ea5fb635ed0c809b430af,30.43000030517578,clean-16khz,5.552000045776367,Pidgin-English,The fact say e be like say dem dey run government like secret cut na im dey make people not dey get confidence,[[EN]]The fact[[/EN]] say e be like say dem dey run [[EN]]government[[/EN]] like [[EN]]secret cut[[/EN]] na im dey make [[EN]]people[[/EN]] not dey get [[EN]]confidence[[/EN]],afriswitch-pidgin-001125-lm4xjILr7B4_chunk_60368-65920_10,lm4xjILr7B4_chunk,natural-afriswitch,8
audio/pidgin/001128-Upb9eqybQYc_chunk_1812384-1820240_194.wav,49a765fac8bc2bc5debec781d6066f0e3798d0aa07ee9d4b098bc3d6246f9891,40.7400016784668,clean-16khz,7.855999946594238,Pidgin-English,Something from this person movie take something from another person moview join am You never see am make am turn am to one movie and na well,[[EN]]Something from this person movie take something from another person moview[[/EN]] join am You never see am make am turn am to one movie and na well,afriswitch-pidgin-001128-Upb9eqybQYc_chunk_1812384-1820240_194,Upb9eqybQYc_chunk,natural-afriswitch,1
audio/pidgin/001139-vXSbgAccebk_chunk_1573376-1580592_171.wav,7d9dd7bc91cd56fc54ba2c122ea0080e8e3ec0b5ae86ea0ce82c5be1cf9c8911,20.829999923706055,clean-16khz,7.216000080108643,Pidgin-English,"so now I go appeal to leaders, no be competition wey una go dey see am, no be your predecessor una go dey look.","so now I go [[EN]]appeal to leaders[[/EN]], no be [[EN]]competition[[/EN]] wey una go dey see am, no be your [[EN]]predecessor[[/EN]] una go dey look.",afriswitch-pidgin-001139-vXSbgAccebk_chunk_1573376-1580592_171,vXSbgAccebk_chunk,natural-afriswitch,6
audio/pidgin/001142-1fytSAw_5GY_chunk_441456-451552_38.wav,2eb463ca2ca7726985333cc599dfc26259af2209f7a44241bf7e56cb3559cfed,39.38999938964844,clean-16khz,10.095999717712402,Pidgin-English,Now there's a new thing now phone get some kind phone wey you fit just open YouTube for the children to just dey watch some some videos You feel say e dey right,[[EN]]Now there's a new thing now[[/EN]] [[EN]]phone[[/EN]] get some kind [[EN]]phone[[/EN]] wey you fit just open YouTube for the [[EN]]children[[/EN]] to just dey watch some some [[EN]]videos[[/EN]] [[EN]]You feel[[/EN]] say e dey [[EN]]right[[/EN]],afriswitch-pidgin-001142-1fytSAw_5GY_chunk_441456-451552_38,1fytSAw_5GY,natural-afriswitch,8
audio/pidgin/001148-yAGZmZ7ZZ3I_chunk_2663248-2672736_290.wav,8b100a10b3a38c60e5d43e7980640a6031563d5a6485d90158f63c0346623ebe,41.66999816894531,clean-16khz,9.48799991607666,Pidgin-English,"dem say prevention is better than cure abi? But the way wey Nigerian situation dey, you need a lot of cure first because people","dem say [[EN]]prevention is better than cure[[/EN]] abi? But the way wey Nigerian situation dey, [[EN]]you need a lot of cure first because people[[/EN]]",afriswitch-pidgin-001148-yAGZmZ7ZZ3I_chunk_2663248-2672736_290,yAGZmZ7ZZ3I_chunk,natural-afriswitch,3
audio/pidgin/001175-CWZqAv0xLAM_chunk_219088-228256_29.wav,0a52bb6102068082c70c64f7997c3888a54039b2c0b5a0918d33a8f97eed422c,39.290000915527344,clean-16khz,9.168000221252441,Pidgin-English,And Dr Bukal Sarki for the legative am of government e be like say understanding no really dey and people dey try show say na me pass you,[[EN]]And Dr Bukal Sarki for the legative am of government[[/EN]] e be like say [[EN]]understanding[[/EN]] no really dey and people dey try show say na me pass you,afriswitch-pidgin-001175-CWZqAv0xLAM_chunk_219088-228256_29,CWZqAv0xLAM_chunk,natural-afriswitch,3
audio/pidgin/001198-88Ai7DiLs_A_chunk_1437584-1451760_149.wav,23a493d0b26be0bfd4b27fd934d5d27f7118cc3c795ea26509ac0a561738cb08,39.38999938964844,clean-16khz,14.175999641418457,Pidgin-English,The US Dey display different different planant for the visit wey they do Na general begin yam Expot to UK and US come June 29 a good one If you start to get impot,The US Dey display different different planant for the [[EN]]visit[[/EN]] wey they do Na [[EN]]general[[/EN]] begin yam [[EN]]Expot[[/EN]] to UK and US come [[EN]]June 29[[/EN]] [[EN]]a good one[[/EN]] [[EN]]If you start to get impot[[/EN]],afriswitch-pidgin-001198-88Ai7DiLs_A_chunk_1437584-1451760_149,88Ai7DiLs_A,natural-afriswitch,7
audio/pidgin/001211-1fytSAw_5GY_chunk_1248592-1255600_124.wav,468272e00f5ffaced864ec6fdd22010d29ec14a31e74383b99359e26dcbdd6cb,35.709999084472656,clean-16khz,7.007999897003174,Pidgin-English,i tell you I no fit wait As you know wetin even dey funny about am na even the tight one because e dey very hard to find,[[EN]]i tell you[[/EN]] I no fit wait [[EN]]As you know[[/EN]] wetin even dey [[EN]]funny about am[[/EN]] na even the [[EN]]tight one because e dey very hard to find[[/EN]],afriswitch-pidgin-001211-1fytSAw_5GY_chunk_1248592-1255600_124,1fytSAw_5GY,natural-afriswitch,6
audio/pidgin/001235-V_-P1bSy9tU_chunk_451296-458096_45.wav,03f65dc2364fc20f29ff837b8e1d391bb3113de698ea122fb0d991a83ffa6464,28.0,clean-16khz,6.800000190734863,Pidgin-English,Which is very true We don hear am on top the show when people wey dey go some supermacket or some stors dem see milk,[[EN]]Which is very true[[/EN]] We don hear am on top the show when people wey dey go some [[EN]]supermacket[[/EN]] or some [[EN]]stors[[/EN]] dem see [[EN]]milk[[/EN]],afriswitch-pidgin-001235-V_-P1bSy9tU_chunk_451296-458096_45,V_,natural-afriswitch,6
audio/pidgin/001243-kUq6rSa8xng_chunk_610144-619168_69.wav,606de1d92fe6d6f845d74433ffcc624f5221c0cef742e1e0ae242907928ac455,19.440000534057617,clean-16khz,9.02400016784668,Pidgin-English,Tren go even dey encouraged to dey go school Because you don see children wey say dem dey self for road now Because their parents no fit take care of dem dey self for road Eh,Tren go even dey [[EN]]encouraged[[/EN]] to dey go [[EN]]school[[/EN]] Because you don see [[EN]]children[[/EN]] wey say dem dey self for road now Because their [[EN]]parents[[/EN]] no fit [[EN]]take care of[[/EN]] dem dey self for road Eh,afriswitch-pidgin-001243-kUq6rSa8xng_chunk_610144-619168_69,kUq6rSa8xng_chunk,natural-afriswitch,10
audio/pidgin/001245-n9A00SM22G8_chunk_1252816-1263088_155.wav,ccc6dddaf2f556e746475da4de02ff98c9b5c2e1cb61681af9f285990c6a6a03,42.86000061035156,clean-16khz,10.272000312805176,Pidgin-English,gats continue with the person how long you inten to do music for now course I dey do am professionally now How long you wan do am for,gats [[EN]]continue[[/EN]] with the [[EN]]person how long[[/EN]] you [[EN]]inten to do music[[/EN]] for now [[EN]]course[[/EN]] I dey do am [[EN]]professionally[[/EN]] now [[EN]]How long[[/EN]] you wan do am for,afriswitch-pidgin-001245-n9A00SM22G8_chunk_1252816-1263088_155,n9A00SM22G8_chunk,natural-afriswitch,12
audio/pidgin/001270-UcQ-wZV2O_k_chunk_2234480-2240752_251.wav,9b7f866e69a06c1c92bfdd4b61b589f5212d044c778ff7eebf1c9144a641c3bb,42.86000061035156,clean-16khz,6.271999835968018,Pidgin-English,"Do, our movie industry go dey better, the films wey we dey bring out","[[EN]]Do[[/EN]], our [[EN]]movie industry[[/EN]] go dey [[EN]]better[[/EN]], [[EN]]the films[[/EN]] wey we dey [[EN]]bring out[[/EN]]",afriswitch-pidgin-001270-UcQ-wZV2O_k_chunk_2234480-2240752_251,UcQ_wZV2O,natural-afriswitch,6
audio/pidgin/001285-AHfWe18LmBo_chunk_109632-118368_9.wav,2b7b410be876846772076e969bd1de302020042101cd1759834da657ee68453a,50.0,clean-16khz,8.736000061035156,Pidgin-English,one time Now them say you need to get positive replacement from family members friends and even co workers wey go talk about making and trying to stick,one time Now them say [[EN]]you need to get positive replacement from family members friends and even co workers[[/EN]] wey go talk about making and trying to stick,afriswitch-pidgin-001285-AHfWe18LmBo_chunk_109632-118368_9,AHfWe18LmBo_chunk,natural-afriswitch,2
audio/pidgin/001315-hYAH9m4_QCw_chunk_652112-666176_48.wav,4fa3976ce4f539e2e60ae464cf67bcf7710d5e940fd37bba15e51b6dd8d4b6a5,23.90999984741211,clean-16khz,14.064000129699707,Pidgin-English,E dey talk and na inside cano ni dey talk this one according to dis Agal Predol for inside hip he say the management of NPC Nine carry this warning draw better here after one meeting wey dem get with os for hip for inside A,E dey talk and na inside cano ni dey talk this one [[EN]]according to[[/EN]] dis Agal Predol for inside hip he say the [[EN]]management of NPC Nine[[/EN]] carry [[EN]]this warning[[/EN]] draw better here [[EN]]after one meeting[[/EN]] wey dem get with os for hip for inside A,afriswitch-pidgin-001315-hYAH9m4_QCw_chunk_652112-666176_48,hYAH9m4_QCw,natural-afriswitch,8
audio/pidgin/001351-uiIYEUXLgRs_chunk_127760-135872_13.wav,c5b80ed769e89c9322685a202b5b1e342faca96ebc430f877075ae0b029f1bd0,40.0,clean-16khz,8.112000465393066,Pidgin-English,OK at least I bin to imstate I bin give her I bin tow myself cause she should happen to,[[EN]]OK at least[[/EN]] I bin to imstate I bin give her I bin tow myself [[EN]]cause she should happen to[[/EN]],afriswitch-pidgin-001351-uiIYEUXLgRs_chunk_127760-135872_13,uiIYEUXLgRs_chunk,natural-afriswitch,2
audio/pidgin/001375-uN9KEwwQ36A_chunk_274384-276656_26.wav,f82841b8e9f00099ad0dbf283175d884d200a2afac2584f51cb5cd02cd0abb1e,27.270000457763672,clean-16khz,2.2720000743865967,Pidgin-English,or the one wey dey wear agbada dey tell them say,[[EN]]or the one[[/EN]] wey dey wear agbada dey tell them say,afriswitch-pidgin-001375-uN9KEwwQ36A_chunk_274384-276656_26,uN9KEwwQ36A_chunk,natural-afriswitch,1
audio/pidgin/001380-9X_G1w_c0yU_chunk_655760-661920_75.wav,4997b52d574d6554f74a7845e04b73a78c08ae624ab23ddc749626e0a87313cf,16.670000076293945,clean-16khz,6.159999847412109,Pidgin-English,You get dem to be moody sometimes.Sometimes dey cooperate with you dey take their medicines sometimes the don't,[[EN]]You get[[/EN]] dem [[EN]]to be moody sometimes.Sometimes[[/EN]] dey [[EN]]cooperate with you[[/EN]] dey [[EN]]take their medicines sometimes the don't[[/EN]],afriswitch-pidgin-001380-9X_G1w_c0yU_chunk_655760-661920_75,9X_G1w,natural-afriswitch,6
audio/pidgin/001385-eqppWbpPpVs_chunk_430576-431936_48.wav,cc50b147366282c96624d66c21f508d2d88a6e868a943ebc85a9e2a9b9b96fa3,50.0,clean-16khz,1.3600000143051147,Pidgin-English,I bin five daughters,I bin [[EN]]five daughters[[/EN]],afriswitch-pidgin-001385-eqppWbpPpVs_chunk_430576-431936_48,eqppWbpPpVs_chunk,natural-afriswitch,1
audio/pidgin/001405-yAGZmZ7ZZ3I_chunk_1746752-1761744_180.wav,9b6ea99a43f1118e1a1d6ac43ad1f11cc4bce031fafaf35ffe8483e8b2374b01,47.16999816894531,clean-16khz,14.991999626159668,Pidgin-English,"You go dey look as your oga dey take do am. You sef go do am like that with the background theoritical knowledledge wey you don get. So it depends, there are different kind of systems, there is the British system, there is American system. The university of Ibadan wey me I go.","You go dey look as your oga dey take do am. You sef go do am like that with the [[EN]]background theoritical knowledledge[[/EN]] wey you don get. [[EN]]So it depends, there are different kind of systems, there is the British system, there is American system[[/EN]]. [[EN]]The university of Ibadan[[/EN]] wey me I go.",afriswitch-pidgin-001405-yAGZmZ7ZZ3I_chunk_1746752-1761744_180,yAGZmZ7ZZ3I_chunk,natural-afriswitch,4
audio/pidgin/001406-Nq9gJX0tPn4_chunk_1246720-1251920_147.wav,2f1ec262e00e30e0dbc7023911a759eb716f60ed3f374a5c340139164dd0c331,30.0,clean-16khz,5.199999809265137,Pidgin-English,As part of dem also maybe if this time I go try treat am to the angle of the teacher,[[EN]]As part of[[/EN]] dem [[EN]]also maybe if this time[[/EN]] I go try treat am [[EN]]to the angle of the teacher[[/EN]],afriswitch-pidgin-001406-Nq9gJX0tPn4_chunk_1246720-1251920_147,Nq9gJX0tPn4_chunk,natural-afriswitch,4
audio/pidgin/001492-HCfdZOgJsDA_chunk_139104-147872_13.wav,2948fd1cd86364301e54b49cc30d477e9e7f6383d94253e655f3240cc2dd625e,31.81999969482422,clean-16khz,8.767999649047852,Pidgin-English,He be wrong But he bin his bin go into severe medial plastfums with evidentia do improve wetin he say he wrong,He be wrong But he bin his bin go into [[EN]]severe medial plastfums with evidentia do improve[[/EN]] wetin he say he wrong,afriswitch-pidgin-001492-HCfdZOgJsDA_chunk_139104-147872_13,HCfdZOgJsDA_chunk,natural-afriswitch,2
audio/pidgin/001509-nOrWm2840iA_chunk_810724-823280_68.wav,55c33ee77493817eb4e66488d2c5584584019b589f6211484f81536b828c740d,47.83000183105469,clean-16khz,12.555999755859375,Pidgin-English,I you na go relationship Na yes wey happen because you at risk OK En then say fle from all appearances of evle,I you na go relationship Na yes wey happen [[EN]]because you at risk OK[[/EN]] En then say [[EN]]fle from all appearances of evle[[/EN]],afriswitch-pidgin-001509-nOrWm2840iA_chunk_810724-823280_68,nOrWm2840iA_chunk,natural-afriswitch,3
audio/pidgin/001536-tWpY60x3Ico_chunk_185568-194876_21.wav,fb1f1b19f95b4f052e8be01ed0a88a5ffe90f093f0bdb3ebfdce4c6762e1e7a3,28.56999969482422,clean-16khz,10.312999725341797,Pidgin-English,"kept me in the house, I really appreciate it. Even if I won the HOH, and you know, ultimate HOH as some people go call dem ultimate Vito","[[EN]]kept me in the house, I really appreciate it. Even if I won the HOH, and you know, ultimate HOH[[/EN]] as some people go call dem ultimate Vito",afriswitch-pidgin-001536-tWpY60x3Ico_chunk_185568-194876_21,tWpY60x3Ico_chunk,natural-afriswitch,1
audio/pidgin/001576-cRK8Xh4B4RY_chunk_32544-35248_3.wav,ccf239ab4acfa19d845178fc33ec592d3a06fa6739eb69f9b971188fc9392cba,37.5,clean-16khz,2.7039999961853027,Pidgin-English,Yea this nut her like the 1st single,[[EN]]Yea[[/EN]] this nut her [[EN]]like the 1st single[[/EN]],afriswitch-pidgin-001576-cRK8Xh4B4RY_chunk_32544-35248_3,cRK8Xh4B4RY_chunk,natural-afriswitch,2
audio/pidgin/001583-itLGJ3jaA2c_chunk_876272-885376_80.wav,510b45e289515ab670b43e7f701333fe358e9f3aaaea448b2214d2b5e7792a61,40.0,clean-16khz,9.104000091552734,Pidgin-English,And we need to also look research instution in Angia di need to for brid in research institution Those at,[[EN]]And we need to also look research instution[[/EN]] in Angia di need to for brid in [[EN]]research institution[[/EN]] [[EN]]Those at[[/EN]],afriswitch-pidgin-001583-itLGJ3jaA2c_chunk_876272-885376_80,itLGJ3jaA2c_chunk,natural-afriswitch,2
audio/pidgin/001606-_5FhaAtPisA_chunk_669040-673840_64.wav,0b7810c121bbde9d8b3e9ca280280a2e06af18fea0a3be00af3590ff3a50b972,46.150001525878906,clean-16khz,4.800000190734863,Pidgin-English,In the nuria suose kind of values like politic lice holders go into,In the nuria suose [[EN]]kind of values like politic lice holders[[/EN]] go into,afriswitch-pidgin-001606-_5FhaAtPisA_chunk_669040-673840_64,_5FhaAtPisA,natural-afriswitch,2
audio/pidgin/001607-7jFamrkDuh0_chunk_1911856-1919760_210.wav,a5a558ebd67febd4a24110710fb04a38d81b924aaa8187cf16907528d6d0e37a,35.709999084472656,clean-16khz,7.9039998054504395,Pidgin-English,Um dis na high take of this is in the knot Hi The intake,[[EN]]Um[[/EN]] dis na high take of [[EN]]this is in the knot Hi The intake[[/EN]],afriswitch-pidgin-001607-7jFamrkDuh0_chunk_1911856-1919760_210,7jFamrkDuh0_chunk,natural-afriswitch,2
audio/pidgin/001654-88Ai7DiLs_A_chunk_299840-303168_26.wav,30f60f17106ced3be800f4c255908f13f458a371d775b5789ce4f175455f0a9f,37.5,clean-16khz,3.328000068664551,Pidgin-English,Yeah so dem possibility say along the line,[[EN]]Yeah[[/EN]] so dem [[EN]]possibility[[/EN]] say [[EN]]along the line[[/EN]],afriswitch-pidgin-001654-88Ai7DiLs_A_chunk_299840-303168_26,88Ai7DiLs_A,natural-afriswitch,4
audio/pidgin/001681-1zBz4CVEogs_chunk_1139280-1154720_109.wav,539e34cab049d6ca030a9a4c14084f47a2f912ecac6bfbe3fc924db6ee22fc3e,36.66999816894531,clean-16khz,15.4399995803833,Pidgin-English,Them go dey fear you because you get money now but he say the 2nd one na numbers E say if we look money who how many people get money wey go make government do the needful then e go talk about numbers E stay say those wey dey government if dem realize say we get the largent number Nigerian's...,Them go dey fear you [[EN]]because you get money now but he say the 2nd one na numbers[[/EN]] E say if we [[EN]]look money[[/EN]] who [[EN]]how many people get money[[/EN]] wey go make [[EN]]government do the needful[[/EN]] then e go [[EN]]talk about numbers[[/EN]] E stay say those wey dey [[EN]]government if dem realize say we get the largent number Nigerian's...[[/EN]],afriswitch-pidgin-001681-1zBz4CVEogs_chunk_1139280-1154720_109,1zBz4CVEogs_chunk,natural-afriswitch,11
audio/pidgin/001733-qp53iNWVzn8_chunk_677584-688064_64.wav,0b66d5bcf6f2ee264433ef70167135f1df5baed4b4949a6bd25977654be308dd,21.43000030517578,clean-16khz,10.479999542236328,Pidgin-English,On2 day tenor and till the 364 day tenor go still offer 93 92 bilion for suption,[[EN]]On2 day tenor and till the 364 day tenor[[/EN]] go still offer [[EN]]93 92 bilion for suption[[/EN]],afriswitch-pidgin-001733-qp53iNWVzn8_chunk_677584-688064_64,qp53iNWVzn8_chunk,natural-afriswitch,2
audio/pidgin/001745-1bG7s-eE77k_chunk_529664-536668_51.wav,15a2490c20d40636d1af2913ea891096aa969a9959f00b53a10708b090577ead,50.0,clean-16khz,11.302000045776367,Pidgin-English,Lots of things we need to do tips and whena bing things for your baby who dey watch out for don go anywhere where the doctors wey go write back,[[EN]]Lots of things we need to do tips and whena bing things for your baby[[/EN]] who dey watch out for don go anywhere where the doctors wey go write back,afriswitch-pidgin-001745-1bG7s-eE77k_chunk_529664-536668_51,1bG7s_eE77k,natural-afriswitch,1
audio/pidgin/001770-Dhlx7bsPnwY_chunk_278896-281488_30.wav,dd1a8a0681a7d5e102de3cf085461940b436f1547df962432bd17b6b5dd4d591,50.0,clean-16khz,2.5920000076293945,Pidgin-English,My papa dey talk say he who fails to plan,My papa dey talk say [[EN]]he who fails to plan[[/EN]],afriswitch-pidgin-001770-Dhlx7bsPnwY_chunk_278896-281488_30,Dhlx7bsPnwY_chunk,natural-afriswitch,1
audio/pidgin/001771-2eSPTGe-QiU_chunk_644400-654416_73.wav,7e52a880dc8cfc0c71f5ab5489fe5b4ee422cea3a56fa3cfc1675fb2bd1a8735,21.43000030517578,clean-16khz,10.015999794006348,Pidgin-English,Let me tell you something before you build the house you go draw the architectural plans Before you carry the patient to theater you go do pre theater,[[EN]]Let me tell you something before you build the house[[/EN]] you go draw [[EN]]the architectural plans[[/EN]] [[EN]]Before you carry the patient to theater[[/EN]] you go do [[EN]]pre theater[[/EN]],afriswitch-pidgin-001771-2eSPTGe-QiU_chunk_644400-654416_73,2eSPTGe_QiU,natural-afriswitch,4
audio/pidgin/001784-fzf7XW76dKY_chunk_104384-117696_8.wav,bd64977b855a2c2cb5a1eb174606293f733d7b16cbec18f08a4871d72ea7da96,32.650001525878906,clean-16khz,13.312000274658203,Pidgin-English,"You wey be say you do well As governor you no go need wan even stress yourself again because as governor, you don do well Exactly And the people don see say you don do well, now make you go house go dey take care of your grand children","You wey be say you [[EN]]do well[[/EN]] As governor you no go need wan even [[EN]]stress yourself again[[/EN]] because as governor, you don [[EN]]do well[[/EN]] [[EN]]Exactly[[/EN]] And the people don see say you don [[EN]]do well[[/EN]], now make you go house go dey [[EN]]take care of your grand children[[/EN]]",afriswitch-pidgin-001784-fzf7XW76dKY_chunk_104384-117696_8,fzf7XW76dKY_chunk,natural-afriswitch,9
audio/pidgin/001788-fZgLV4dMdcI_chunk_1773776-1777600_186.wav,1abfde41cd1475915f2ca74975471d7bb73c736f490b836b114b183548bdc42d,20.0,clean-16khz,3.8239998817443848,Pidgin-English,To you see say dem really improve education inside nda,To you see say dem really [[EN]]improve education[[/EN]] inside nda,afriswitch-pidgin-001788-fZgLV4dMdcI_chunk_1773776-1777600_186,fZgLV4dMdcI_chunk,natural-afriswitch,2
audio/yoruba/000000-YsdtabkxjaM_chunk_4840080-4849184_402.wav,2e7bf3a1e6f3039eabfcac10b69032b8cdd0ff403aa5cf97e7dd7f9466c6a4db,18.18000030517578,clean-16khz,9.104000091552734,Yoruba-English,"E ni toripe obinrin kan se nkan to dun yin abi to se nkan ti o da fun yin, ka ro pe gbogbo obinrin ni o da o you need to base your","E ni toripe obinrin kan se nkan to dun yin abi to se nkan ti o da [[EN]]fun[[/EN]] yin, ka ro pe gbogbo obinrin ni o da o [[EN]]you need to base your[[/EN]]",afriswitch-yoruba-000000-YsdtabkxjaM_chunk_4840080-4849184_402,YsdtabkxjaM_chunk,natural-afriswitch,3
audio/yoruba/000037-HO57QfZ9tFk_chunk_2199632-2209776_184.wav,f5650150aae70473a4d49e399c076459c8fda979d9ff2ceb804135de28fb4f8b,47.060001373291016,clean-16khz,10.144000053405762,Yoruba-English,"Oh He did, hmm okay okay no problem, mi ni gbenu le Oro idile yin mo, Okay!","[[EN]]Oh He did, hmm okay okay no problem,[[/EN]] mi ni gbenu le Oro idile yin mo, [[EN]]Okay![[/EN]]",afriswitch-yoruba-000037-HO57QfZ9tFk_chunk_2199632-2209776_184,HO57QfZ9tFk_chunk,natural-afriswitch,2
audio/yoruba/000043-XQhraio2VZY_chunk_1903136-1906576_223.wav,5b502a33f337176c0a33b00f0d0fdc7d9a9b7c4883eddc91a9f8113849e350fe,22.219999313354492,clean-16khz,3.440000057220459,Yoruba-English,"Anything tan ba ta fun yin, ateyin atawon, hun!","[[EN]]Anything[[/EN]] tan ba ta [[EN]]fun[[/EN]] yin, ateyin atawon, hun!",afriswitch-yoruba-000043-XQhraio2VZY_chunk_1903136-1906576_223,XQhraio2VZY_chunk,natural-afriswitch,3
audio/yoruba/000056-jV3T5qAvw4Y_chunk_6350948-6368080_588.wav,fc2777a753bdf7a44d367f4b7f206076178f3157842ee3504eceb12422e3af71,12.199999809265137,clean-16khz,17.131999969482422,Yoruba-English,Se bohun ni mo sen wu gbogbo iwa palapala ti mo n wu kiri not until igba ti yusuf to tun wa wonu aye wa Ha ha Won nu aye eyin melo Ki lo kilo mean pe wo nu aye wa Folake,Se bohun ni mo sen wu gbogbo iwa palapala ti mo [[EN]]n[[/EN]] wu kiri [[EN]]not until[[/EN]] igba ti yusuf [[EN]]to[[/EN]] tun wa wonu aye wa Ha ha Won nu aye eyin melo Ki lo kilo [[EN]]mean[[/EN]] pe wo nu aye wa Folake,afriswitch-yoruba-000056-jV3T5qAvw4Y_chunk_6350948-6368080_588,jV3T5qAvw4Y_chunk,natural-afriswitch,8
audio/yoruba/000078-HeVZ7fQSY6U_chunk_4708096-4713424_492.wav,6b5af349180fa91726db2b600e7a73df65d3317a7ebc42d3bfa60df033c2588f,38.459999084472656,clean-16khz,5.328000068664551,Yoruba-English,"It's about Lolade, ọrọ e ni mowa rí yín fún. Excuse me, please","[[EN]]It's about[[/EN]] Lolade, ọrọ e ni mowa rí yín fún. [[EN]]Excuse me, please[[/EN]]",afriswitch-yoruba-000078-HeVZ7fQSY6U_chunk_4708096-4713424_492,HeVZ7fQSY6U_chunk,natural-afriswitch,2
audio/yoruba/000079-CJy_V_ysdPA_chunk_1081412-1096512_128.wav,51ab7ba6cb72a4e9b3c8026bf90de5bdeb74ca71ca2c4f3cdb8210e6aa2f6e2d,10.0,clean-16khz,15.100000381469727,Yoruba-English,Ese wo mofe se mo j'eyan ti o responsible gan ti mo je ni ibowo f'obirin gaan gan to je pe iwonba nkan ti agbara mi baka ti mo man se but t'ogun ba de kosi nibe ta se fese,Ese wo mofe se mo j'eyan ti o [[EN]]responsible[[/EN]] gan ti mo je ni ibowo [[EN]]f'obirin[[/EN]] gaan gan [[EN]]to[[/EN]] je pe iwonba nkan ti agbara mi baka ti mo man se [[EN]]but[[/EN]] t'ogun ba de kosi nibe ta se fese,afriswitch-yoruba-000079-CJy_V_ysdPA_chunk_1081412-1096512_128,CJy_V,natural-afriswitch,8
audio/yoruba/000135-Mj3DyVQoW9E_chunk_1649312-1657360_166.wav,c794ebdb2aa7a6c691cabf0c87c4a823369f6b9c59aa8ca5b7f077632699f7d6,13.15999984741211,clean-16khz,8.04800033569336,Yoruba-English,"Mo de bi se yin lago Olopa, won le si ni ile ooo. Mo ba bawo ja reke reke ki won to je un won inu office yin mi o ba enikankan ni be. Won wa gbo wipe","Mo de bi se yin lago Olopa, won le si ni ile ooo. Mo ba bawo ja reke reke ki won to je un [[EN]]won[[/EN]] inu [[EN]]office[[/EN]] yin mi o ba enikankan ni be. [[EN]]Won[[/EN]] wa [[EN]]gbo wipe[[/EN]]",afriswitch-yoruba-000135-Mj3DyVQoW9E_chunk_1649312-1657360_166,Mj3DyVQoW9E_chunk,natural-afriswitch,7
audio/yoruba/000144-fFCg8K3D2HU_chunk_48464-56572_5.wav,a0fd5b7b93df78a6aaf2c8baba8713d37696dc2528da34a089ae8c5f7bf74365,22.219999313354492,clean-16khz,8.432999610900879,Yoruba-English,"Each time i see you like this o ma ndun mi, because i saw it coming Madam, madam","[[EN]]Each time i see you like this[[/EN]] o ma ndun mi, [[EN]]because i saw it coming Madam, madam[[/EN]]",afriswitch-yoruba-000144-fFCg8K3D2HU_chunk_48464-56572_5,fFCg8K3D2HU_chunk,natural-afriswitch,2
audio/yoruba/000146-302BK-fzjC0_chunk_5361472-5370172_499.wav,871fc906d8b6b848288d2706a830ee3ecd5b3f774a7e94a9c08a7d8411669687,37.5,clean-16khz,8.767000198364258,Yoruba-English,"how soon ni daddy pe? ah, very soon ni o. very soon? ko ti e nipe rara ati rara. ehn, no problem. kosi wahala.","[[EN]]how soon[[/EN]] ni [[EN]]daddy[[/EN]] pe? ah, [[EN]]very soon[[/EN]] ni o. [[EN]]very soon?[[/EN]] ko ti e nipe rara ati rara. ehn, [[EN]]no problem.[[/EN]] kosi wahala.",afriswitch-yoruba-000146-302BK-fzjC0_chunk_5361472-5370172_499,302BK_fzjC0,natural-afriswitch,9
audio/yoruba/000175-LheozNkL0KA_chunk_3205984-3218416_208.wav,fc97482ce55ddb04dcc3302eb409379144b9566409f8044e6c8ca743a0d47b0e,45.83000183105469,clean-16khz,12.432000160217285,Yoruba-English,"O ma pada ni tedry Ko si wahala, you can go, satisfy yourself, satisfty your work place, satisfy your government, but emi mo pe","O ma pada ni tedry Ko si wahala, [[EN]]you can go, satisfy yourself, satisfty your work place, satisfy your government, but[[/EN]] emi mo pe",afriswitch-yoruba-000175-LheozNkL0KA_chunk_3205984-3218416_208,LheozNkL0KA_chunk,natural-afriswitch,2
audio/yoruba/000179-XndHx5V2joo_chunk_3620384-3627616_359.wav,332ad45f2b2f8decd9297180a43840223e4c4a75bac75875373f437fbef64764,10.0,clean-16khz,7.23199987411499,Yoruba-English,Ati eekan lo tin so gbogbo trash yen o òun fi cream kan sibeyen òun o ri mo èmi àti òun lo wa nibi kilo kan mi pelu gbogbo iyen,Ati eekan lo tin [[EN]]so[[/EN]] gbogbo [[EN]]trash[[/EN]] yen o òun fi [[EN]]cream[[/EN]] kan sibeyen òun o ri mo èmi àti òun lo wa nibi kilo kan mi pelu gbogbo iyen,afriswitch-yoruba-000179-XndHx5V2joo_chunk_3620384-3627616_359,XndHx5V2joo_chunk,natural-afriswitch,6
audio/yoruba/000200-wjnLi-P4Vuo_chunk_473028-482524_46.wav,a1f783b33630a9e703ec41ddbc05ba9f346de4ff52b6a9ba914dafa58e1d9085,22.219999313354492,clean-16khz,10.46399974822998,Yoruba-English,but bawo lo se sele now emi ro pe o ti wo menopause now. Ko ye emi na,[[EN]]but[[/EN]] bawo lo se sele [[EN]]now[[/EN]] emi ro pe o ti wo [[EN]]menopause now.[[/EN]] Ko ye emi na,afriswitch-yoruba-000200-wjnLi-P4Vuo_chunk_473028-482524_46,wjnLi_P4Vuo,natural-afriswitch,5
audio/yoruba/000216-cDemNY31NZk_chunk_3052624-3065504_214.wav,b78cef7cdf01328f279400991a9004c066255c32e34b0843fbb84bf812fb9cc0,13.510000228881836,clean-16khz,12.880000114440918,Yoruba-English,"my dear mi rindin olohun o ko emi ati e po ni, t'olohun ba kowa po smith o ni fimile otipe now haha koni fimile Olohun o koyin po o gba e nipa t'ara o gba e nipa t'owo","[[EN]]my dear[[/EN]] mi rindin olohun o ko emi ati e po ni, t'olohun ba kowa po [[EN]]smith[[/EN]] o ni fimile otipe [[EN]]now haha[[/EN]] koni fimile Olohun o koyin po o gba e nipa t'ara o gba e nipa t'owo",afriswitch-yoruba-000216-cDemNY31NZk_chunk_3052624-3065504_214,cDemNY31NZk_chunk,natural-afriswitch,5
audio/yoruba/000229-rVgEWselff8_chunk_1141476-1155004_96.wav,92814f0ee72cc0f242626cd2c81c81a838bf4563719bffcfc49f9dacc256e028,11.760000228881836,clean-16khz,13.90999984741211,Yoruba-English,"hun, nothing sha are you sure yeah you're high, yes wo colour eye balls e, same eyes","hun, [[EN]]nothing[[/EN]] sha [[EN]]are you sure yeah you're high, yes wo colour eye balls e, same eyes[[/EN]]",afriswitch-yoruba-000229-rVgEWselff8_chunk_1141476-1155004_96,rVgEWselff8_chunk,natural-afriswitch,3
audio/yoruba/000232--g1clxSWpMQ_chunk_399808-414672_39.wav,120a1e8f904afa88bb1bbfd914e10b11feacf86e07a049897fa6daf08f16feda,20.93000030517578,clean-16khz,14.86400032043457,Yoruba-English,"Gbogbo ibi to le wa lati de, ko de si anybody to ba won ri E wo mo ti so tele, to baya ibi to ba gba lo a pada wa am tired brother taju bo le se n soro bayi n sin","Gbogbo ibi to le wa lati de, ko de si [[EN]]anybody to[[/EN]] ba [[EN]]won[[/EN]] ri E wo mo ti [[EN]]so[[/EN]] tele, to baya ibi to ba gba lo a pada wa [[EN]]am tired brother[[/EN]] taju bo le se [[EN]]n[[/EN]] soro bayi [[EN]]n[[/EN]] sin",afriswitch-yoruba-000232--g1clxSWpMQ_chunk_399808-414672_39,_g1clxSWpMQ,natural-afriswitch,12
audio/yoruba/000252-bAH7Tzizu8c_chunk_1762240-1772400_199.wav,ae05998f8682bc8ef674e8538f9f977d5ff295341095ea6097acbe418234deb5,13.329999923706055,clean-16khz,10.15999984741211,Yoruba-English,kí ló ṣe fún ẹ? Ṣé ó má pé o ṣe ájò fún mi ni? Ṣé òùngbẹ gbẹ dé ọ̀dọ̀ ẹ ni. Ìwọ é ẹ̀ gbé omi sílè ó é kìí mọ́lẹ̀ ó dẹ́ mú ó ń wò wípé when I'm sharing with my friend.,kí ló ṣe fún ẹ? Ṣé ó má pé o ṣe ájò fún mi ni? Ṣé òùngbẹ gbẹ dé ọ̀dọ̀ ẹ ni. Ìwọ é ẹ̀ gbé omi sílè ó é kìí mọ́lẹ̀ ó dẹ́ mú ó ń wò wípé [[EN]]when I'm sharing with my friend.[[/EN]],afriswitch-yoruba-000252-bAH7Tzizu8c_chunk_1762240-1772400_199,bAH7Tzizu8c_chunk,natural-afriswitch,1
audio/yoruba/000260-L2tuRdknon4_chunk_2496448-2511648_254.wav,ee05a0192045116508a0d7e419680a063e7f0491482a5f40371bc1bef806fc6b,23.079999923706055,clean-16khz,15.199999809265137,Yoruba-English,"S'ebi ati so f'awon oko wa ko bawa b'ore won soro abi Ore wa iyen o wa to pe kowa banu je Ati joyi ti moti so fun yin kosi nkankan to yato, ejoor se won make any move","S'ebi ati [[EN]]so f'awon[[/EN]] oko wa ko bawa b'ore won soro abi Ore wa iyen o wa to pe kowa banu je Ati joyi ti moti [[EN]]so fun[[/EN]] yin kosi nkankan [[EN]]to[[/EN]] yato, ejoor se [[EN]]won make any move[[/EN]]",afriswitch-yoruba-000260-L2tuRdknon4_chunk_2496448-2511648_254,L2tuRdknon4_chunk,natural-afriswitch,7
audio/yoruba/000274-JWjR2barMHQ_chunk_988260-1003408_97.wav,fe343ecb66e041188d36a1ce7db23802f2f4691f44ed87c626b2936514afe7ed,19.510000228881836,clean-16khz,15.14799976348877,Yoruba-English,"E ma sokun mo, think about your health, think about this healthy baby, e ma sokun mo you know he has gone to rest wherever he is now, I know he is resting and I know he's doing good right now","E ma sokun mo, [[EN]]think about your health, think about this healthy baby,[[/EN]] e ma sokun mo [[EN]]you know he has gone to rest wherever he is now, I know he is resting and I know he's doing good right now[[/EN]]",afriswitch-yoruba-000274-JWjR2barMHQ_chunk_988260-1003408_97,JWjR2barMHQ_chunk,natural-afriswitch,3
audio/yoruba/000278-ybRrVr_I_to_chunk_127472-132960_5.wav,d7b3b22da118b765820ec459e379009b9f8dbaef01c012e378cd92b2310bbb71,28.56999969482422,clean-16khz,5.48799991607666,Yoruba-English,Hit motor kan ni oju ona bi mose nbo yi. Mo tie ni kin ba won pe mechanic won ni rara,[[EN]]Hit motor[[/EN]] kan ni oju ona bi mose nbo yi. Mo [[EN]]tie[[/EN]] ni kin ba [[EN]]won[[/EN]] pe [[EN]]mechanic won[[/EN]] ni rara,afriswitch-yoruba-000278-ybRrVr_I_to_chunk_127472-132960_5,ybRrVr_I,natural-afriswitch,7
audio/yoruba/000290-J1FOB-tnLQs_chunk_2065936-2075920_204.wav,ce63ef4e94d81fb33afec3f8373f3d9f4a21830b5e5df83e32864f6b462e0f13,12.119999885559082,clean-16khz,9.984000205993652,Yoruba-English,Oko bo Abi koj'oko oju omi Kosi keke Imi gan o r'owo r'esin inu won de bi pe yo g'oko Wo n pledge ni E je n lo b'oba ji roro Oya oya,Oko bo Abi koj'oko oju omi Kosi keke Imi gan o r'owo r'esin inu won de bi pe yo g'oko [[EN]]Wo n pledge[[/EN]] ni [[EN]]E[[/EN]] je n lo b'oba ji roro Oya oya,afriswitch-yoruba-000290-J1FOB-tnLQs_chunk_2065936-2075920_204,J1FOB_tnLQs,natural-afriswitch,4
audio/yoruba/000327-PZmN4am82GY_chunk_3846256-3854608_326.wav,431cbc562f02fcd0fbd4b5d947129057bd803ff8bc4672437a8814b01587ad5b,26.31999969482422,clean-16khz,8.35200023651123,Yoruba-English,"Se mi o kin help awon eyan ehn, sugbon nigba ti warning je ti wa wipe kawa very careful","Se mi o kin [[EN]]help[[/EN]] awon eyan ehn, sugbon nigba ti [[EN]]warning[[/EN]] je ti wa [[EN]]wipe[[/EN]] kawa [[EN]]very careful[[/EN]]",afriswitch-yoruba-000327-PZmN4am82GY_chunk_3846256-3854608_326,PZmN4am82GY_chunk,natural-afriswitch,7
audio/yoruba/000328-jY6LldnwrVA_chunk_925984-930492_48.wav,da8e3a6d8cef3731141aafaee8d3cac1634b1c104c7c991aea3ceb7bed2657b9,25.0,clean-16khz,4.507999897003174,Yoruba-English,"Ani, n'temi tie se so pe ma pe yin, pe, awon omo yin, pe se won ma gba form Jamb","Ani, [[EN]]n'temi[[/EN]] tie se [[EN]]so[[/EN]] pe ma pe yin, pe, awon omo yin, pe se [[EN]]won[[/EN]] ma [[EN]]gba form[[/EN]] Jamb",afriswitch-yoruba-000328-jY6LldnwrVA_chunk_925984-930492_48,jY6LldnwrVA_chunk,natural-afriswitch,8
audio/yoruba/000340-QT67XpmVoFU_chunk_1415536-1426528_132.wav,9f8d24ae2caf776654bd3638477ef1fc0534a72ccdd95cf3e70581f653df5336,35.709999084472656,clean-16khz,10.991999626159668,Yoruba-English,"To se ri oga ati Amaka, to ba gbe awon mejeji si egbe ara won so feel pe won wa compatible? Ha ha kini ipade were ati asinwin?","To se ri oga ati Amaka, to ba gbe awon mejeji si egbe ara [[EN]]won so feel[[/EN]] pe [[EN]]won[[/EN]] wa [[EN]]compatible? Ha ha[[/EN]] kini [[EN]]ipade were[[/EN]] ati [[EN]]asinwin?[[/EN]]",afriswitch-yoruba-000340-QT67XpmVoFU_chunk_1415536-1426528_132,QT67XpmVoFU_chunk,natural-afriswitch,9
audio/yoruba/000345-sdeeurcjfNE_chunk_2186688-2195344_194.wav,207699c269edbf92d48b8bb39718ef751ae48d9715023ee66181ee1a34b9fddf,7.409999847412109,clean-16khz,8.656000137329102,Yoruba-English,"Ese re ti kini bayi, ko okunrin meji, meta, merin ko rape eyan lasan ka ma to so okunrin mefa to daruko hun. Ma fi iyun kun","Ese re ti kini bayi, ko okunrin meji, meta, merin ko rape eyan lasan ka ma [[EN]]to so[[/EN]] okunrin mefa to daruko hun. Ma fi iyun kun",afriswitch-yoruba-000345-sdeeurcjfNE_chunk_2186688-2195344_194,sdeeurcjfNE_chunk,natural-afriswitch,2
audio/yoruba/000358-KoVZnHGf2mY_chunk_81760-95888_14.wav,6070cd796f5abd63e53567e171674885f3c38301cf0c2630e22596cfec078aba,50.0,clean-16khz,14.128000259399414,Yoruba-English,"They reached out to me to surprise, I am going to give you all the story, E gbe sibi kan le ri, egbe nlele, iro, ibi bayi le ma gbe e le, yes ma","[[EN]]They reached out to me to surprise, I am going to give you all the story,[[/EN]] E gbe sibi kan le ri, egbe nlele, iro, ibi bayi le ma gbe e le, [[EN]]yes[[/EN]] ma",afriswitch-yoruba-000358-KoVZnHGf2mY_chunk_81760-95888_14,KoVZnHGf2mY_chunk,natural-afriswitch,3
audio/yoruba/000451-gxkNT3scUH8_chunk_989232-1003952_98.wav,bb8ffee2c759b6b59678148c06ead11d39b3da7ffdb5633adef01567c6a26085,40.0,clean-16khz,14.720000267028809,Yoruba-English,"awon unkan ti mi o le ro, ti mi o le da se, you helped me out so tell me why i will want to lose you babes,honestly mi o le ma sukun but whatever you want us to do at this point,I’m in game","awon unkan ti mi o le ro, ti mi o le da se, [[EN]]you helped me out so tell me why i will want to lose you babes,honestly[[/EN]] mi o le ma sukun [[EN]]but whatever you want us to do at this point,I’m in game[[/EN]]",afriswitch-yoruba-000451-gxkNT3scUH8_chunk_989232-1003952_98,gxkNT3scUH8_chunk,natural-afriswitch,3
audio/yoruba/000483-ai4_TOyG0LE_chunk_120304-129104_15.wav,adbcd0cc34560be0293793e979b29c3969fa0b90b116c3a847e7f3d323f3da8a,30.43000030517578,clean-16khz,8.800000190734863,Yoruba-English,"is foam attached Ibi mo tin du emi mi Ahhh ahh dollar re, o je owo ile odun kan abo in mu milo","[[EN]]is foam attached[[/EN]] Ibi mo tin du emi mi [[EN]]Ahhh ahh dollar[[/EN]] re, o je owo ile odun kan abo [[EN]]in[[/EN]] mu milo",afriswitch-yoruba-000483-ai4_TOyG0LE_chunk_120304-129104_15,ai4_TOyG0LE,natural-afriswitch,5
audio/yoruba/000493-yP0p8s_39BA_chunk_1617860-1624304_163.wav,b673c9ad6ed9fb64fe8b339a65870e2f6b4e48da3bf3852ce9737c0f8f658b07,20.0,clean-16khz,6.443999767303467,Yoruba-English,"Afi bi enipe eyan ko dead body nise, double wahala ni. Ounje, ounje, ounje, ounje","Afi bi enipe eyan ko [[EN]]dead body[[/EN]] nise, [[EN]]double[[/EN]] wahala ni. Ounje, ounje, ounje, ounje",afriswitch-yoruba-000493-yP0p8s_39BA_chunk_1617860-1624304_163,yP0p8s_39BA,natural-afriswitch,4
audio/yoruba/000520-QLU-N8h_m4g_chunk_2897028-2905120_276.wav,6f4b41fd88676a6d8a2026e02c2ca0257b19e3108f2aa8a57fa4c6dc9329c1f3,40.0,clean-16khz,8.092000007629395,Yoruba-English,O ye ko pada l'eyin omo ni what kind of rubbish is this na ehn,O ye ko pada l'eyin omo ni [[EN]]what kind of rubbish is this[[/EN]] na ehn,afriswitch-yoruba-000520-QLU-N8h_m4g_chunk_2897028-2905120_276,QLU_N8h,natural-afriswitch,2
audio/yoruba/000522-AlZ-69aEaRU_chunk_105824-117692_15.wav,da0f27f1d05bd5595f392b58e39eb963f5daafb99138e1c06bcb8d4f2f075df6,8.569999694824219,clean-16khz,11.87600040435791,Yoruba-English,"Wèrè ló sọ fún ẹ pe mo sọ fun ohun pe mo je amàlà. Mi ti ba anybody sọ ọ̀rọ̀ amàla lẹni, abi olóríburúkú le ní yéb? Ta ni ìwo sọ fun? Wèrè ni ẹ","Wèrè ló sọ fún ẹ pe mo sọ [[EN]]fun[[/EN]] ohun pe mo je amàlà. Mi ti ba [[EN]]anybody[[/EN]] sọ ọ̀rọ̀ amàla lẹni, abi olóríburúkú le ní yéb? Ta ni ìwo sọ [[EN]]fun?[[/EN]] Wèrè ni ẹ",afriswitch-yoruba-000522-AlZ-69aEaRU_chunk_105824-117692_15,AlZ_69aEaRU,natural-afriswitch,6
audio/yoruba/000542--UwBVnsesSk_chunk_1534496-1538928_113.wav,607fe2c52509a988ad566543897ab86d120cfe3c8c720269b20e115feb0d1a27,28.56999969482422,clean-16khz,4.432000160217285,Yoruba-English,"Aje, won ni duro. Hello, baba alado","Aje, [[EN]]won[[/EN]] ni duro. [[EN]]Hello,[[/EN]] baba alado",afriswitch-yoruba-000542--UwBVnsesSk_chunk_1534496-1538928_113,_UwBVnsesSk,natural-afriswitch,4
audio/yoruba/000616-dZFRKoblXTw_chunk_499136-513296_48.wav,7a0f5796547d7262885a7fa5f54db0ab4b45169888e8b649814c9c24aa576155,7.5,clean-16khz,14.15999984741211,Yoruba-English,"it's a few weeks to election and my campaign is still crawling it's not even crawling o n fidi wo ni man of God help me, help me, this how I want you to pull me up man of God","[[EN]]it's a few weeks to election and my campaign is still crawling it's not even crawling o n[[/EN]] fidi wo ni [[EN]]man of God help me, help me, this how I want you to pull me up man of God[[/EN]]",afriswitch-yoruba-000616-dZFRKoblXTw_chunk_499136-513296_48,dZFRKoblXTw_chunk,natural-afriswitch,2
audio/yoruba/000620-ai4_TOyG0LE_chunk_3650528-3656060_345.wav,a9e2ac0fd0656d3d18af42975b1f7a26e31ac9ce3417fb3764178f5db37710c6,38.88999938964844,clean-16khz,5.5320000648498535,Yoruba-English,Ma ma so fun yin nipa trust t'eni fun awon people yi so Michael gba oja l'owo mi,Ma ma [[EN]]so fun yin[[/EN]] nipa [[EN]]trust t'eni fun awon people[[/EN]] yi [[EN]]so Michael[[/EN]] gba oja [[EN]]l'owo[[/EN]] mi,afriswitch-yoruba-000620-ai4_TOyG0LE_chunk_3650528-3656060_345,ai4_TOyG0LE,natural-afriswitch,8
audio/yoruba/000625-vizeIbys8Pk_chunk_5121312-5128656_366.wav,bc5d6e62d958ecb27f456a40c2362147404a4069a51e69dcbf8e0e2b271ab3b2,41.66999816894531,clean-16khz,7.343999862670898,Yoruba-English,you're welcome. Orúkọ mí ní Henry. Tina is my name. Wow! Tina.,[[EN]]you're welcome.[[/EN]] Orúkọ mí ní [[EN]]Henry.[[/EN]] Tina [[EN]]is my name. Wow![[/EN]] Tina.,afriswitch-yoruba-000625-vizeIbys8Pk_chunk_5121312-5128656_366,vizeIbys8Pk_chunk,natural-afriswitch,5
audio/yoruba/000626-nY7dUrCtihA_chunk_3194864-3210364_267.wav,a5c7382512af6b55309c852e8c10f627fa800eab2828c1c764d8dc5f9a243417,46.66999816894531,clean-16khz,15.795999526977539,Yoruba-English,"Eseun o and how is she feeling now? ah, eyin na e wo, e wo bo se wo, e wo bo se n'wo ko ye mi No, don't worry ma, she's gonna be fine, just give her a little time, okay? She's gonna be fine","Eseun o [[EN]]and how is she feeling now?[[/EN]] ah, eyin na e wo, e wo bo se wo, e wo bo se n'wo ko ye mi [[EN]]No, don't worry[[/EN]] ma, [[EN]]she's gonna be fine, just give her a little time, okay? She's gonna be fine[[/EN]]",afriswitch-yoruba-000626-nY7dUrCtihA_chunk_3194864-3210364_267,nY7dUrCtihA_chunk,natural-afriswitch,5
audio/yoruba/000640-Q5r91xXuyG8_chunk_4347424-4360796_430.wav,30c82ca208bd6166b550218360985f81f25d7fa15650329642b3176eddaab290,16.1299991607666,clean-16khz,13.444000244140625,Yoruba-English,"Bẹẹni. Ko kan jo níwájú òsà awọn ìyá mi, òsà gbọnmi lásán, kọmọ, ọmọ ọ bá kú mọ́ sùgbọ́n òhun lo ṣe yi, oo, ṣi ọ. I want to thank everybody.","Bẹẹni. Ko kan jo níwájú òsà awọn ìyá mi, òsà gbọnmi lásán, kọmọ, ọmọ ọ bá kú mọ́ sùgbọ́n òhun lo ṣe yi, oo, ṣi ọ. [[EN]]I want to thank everybody.[[/EN]]",afriswitch-yoruba-000640-Q5r91xXuyG8_chunk_4347424-4360796_430,Q5r91xXuyG8_chunk,natural-afriswitch,1
audio/yoruba/000671-JM_2nZ0xNwk_chunk_1006848-1015744_80.wav,d6d13c87a85294cf605ada78edf69a0a78f16940cc7df5b93a8a03d592a0c240,50.0,clean-16khz,8.895999908447266,Yoruba-English,"Olori, aarin iwo atomo e de niyen to ba jowu e baby I have a lot of people downstairs waiting for me","Olori, aarin iwo atomo e de niyen to ba jowu e [[EN]]baby I have a lot of people downstairs waiting for me[[/EN]]",afriswitch-yoruba-000671-JM_2nZ0xNwk_chunk_1006848-1015744_80,JM_2nZ0xNwk,natural-afriswitch,1
audio/yoruba/000682-yTvcYt4jnGw_chunk_2370180-2384060_200.wav,7d90adcfd5b22396629486108a4d4cdbe5570a503f068c929236031510fdf7d1,6.25,clean-16khz,17.02400016784668,Yoruba-English,"Kò yé ẹ, ẹmọ̀ kò mọ́ mi lára mọ́ ni,, jẹ́ kó máa mọ́ ẹ lára díẹ̀díẹ̀, bá wa l' around, tẹ bá d'ohún gbogbo hun tẹ ma máa wò nì yẹn","Kò yé ẹ, ẹmọ̀ kò mọ́ mi lára mọ́ ni,, jẹ́ kó máa mọ́ ẹ lára díẹ̀díẹ̀, bá wa [[EN]]l' around,[[/EN]] tẹ bá d'ohún gbogbo hun tẹ ma máa wò nì yẹn",afriswitch-yoruba-000682-yTvcYt4jnGw_chunk_2370180-2384060_200,yTvcYt4jnGw_chunk,natural-afriswitch,2
audio/yoruba/000689-PFqB_n7pAZA_chunk_1384576-1394256_118.wav,c302459cd256ec34ef5dc359924cf4b50137a36a63c5e819a130464d16a2ddc8,17.389999389648438,clean-16khz,9.680000305175781,Yoruba-English,"Now look, se o possible ki enikan kan dede ro pe oun fe gba mi, won le gba mi laye, ah, gba yin","[[EN]]Now look,[[/EN]] se o [[EN]]possible[[/EN]] ki enikan kan dede ro pe oun fe gba mi, [[EN]]won[[/EN]] le gba mi laye, ah, gba yin",afriswitch-yoruba-000689-PFqB_n7pAZA_chunk_1384576-1394256_118,PFqB_n7pAZA,natural-afriswitch,5
audio/yoruba/000701-bNujN_uDK4A_chunk_3207616-3221712_310.wav,4da55196086f12773e422b73aadef8c8cb043d6725708cccccb01df7d162254a,17.950000762939453,clean-16khz,14.095999717712402,Yoruba-English,"but, wo fi yen le o ma wa okay, and you dont think you guys should talk about it, hmm, how was i able to do that, because its better to talk things out than stouck them on you","[[EN]]but,[[/EN]] wo fi yen le o ma wa [[EN]]okay, and you dont think you guys should talk about it, hmm, how was i able to do that, because its better to talk things out than stouck them on you[[/EN]]",afriswitch-yoruba-000701-bNujN_uDK4A_chunk_3207616-3221712_310,bNujN_uDK4A,natural-afriswitch,2
audio/yoruba/000705-OSoQ4ovnzgY_chunk_2645664-2659644_166.wav,bbbd418ae935d0dcf2d8f34bd1fa914cf6ec8637283f98b3f29cc087c7371fc5,47.220001220703125,clean-16khz,15.236000061035156,Yoruba-English,"Tori te ba ni e nbinu somokunrin yen tabi e nbinu sawonmejeji ewu nbe loko longe oo If you do want to release your daughter So sir please, ehm let them be I would call you","Tori te ba ni e nbinu somokunrin yen tabi e nbinu sawonmejeji ewu nbe loko longe oo [[EN]]If you do want to release your daughter So sir please, ehm let them be I would call you[[/EN]]",afriswitch-yoruba-000705-OSoQ4ovnzgY_chunk_2645664-2659644_166,OSoQ4ovnzgY_chunk,natural-afriswitch,1
audio/yoruba/000726-yc5ulAb7Ggs_chunk_1030564-1042192_63.wav,b0a6d24cbc6b802852fd08a78752e2d4ade7c1586fdfd10a31014398862e3449,23.530000686645508,clean-16khz,11.628000259399414,Yoruba-English,"Oya, so fun mi. Kinni nkan kinni nkan to like ju lara mi? Tell me Do you know that I can't really explain it you are so cute okay, let me say your cuteness","Oya, [[EN]]so fun[[/EN]] mi. Kinni nkan kinni [[EN]]nkan to like[[/EN]] ju lara mi? [[EN]]Tell me Do you know that I can't really explain it you are so cute okay, let me say your cuteness[[/EN]]",afriswitch-yoruba-000726-yc5ulAb7Ggs_chunk_1030564-1042192_63,yc5ulAb7Ggs_chunk,natural-afriswitch,5
audio/yoruba/000757-VqKpkKIsUak_chunk_599136-601264_58.wav,c4d21cac6f37b5a7bc1cd1214936554f348e7f3a9067e622cffa8093f0fbd173,28.56999969482422,clean-16khz,2.128000020980835,Yoruba-English,te ba ma gbo simi lenu sir o,te ba ma [[EN]]gbo[[/EN]] simi lenu [[EN]]sir[[/EN]] o,afriswitch-yoruba-000757-VqKpkKIsUak_chunk_599136-601264_58,VqKpkKIsUak_chunk,natural-afriswitch,3
audio/yoruba/000760-kskv-2KREGQ_chunk_4912224-4918556_357.wav,08227a58375b85394ac489625cea9e541c78b9e788d9d3ada4101d7cb465e0ee,18.18000030517578,clean-16khz,6.331999778747559,Yoruba-English,"Anyway, big daddy. Hmm. Kòsí ìwé ilẹ̀ lọ́wọ́ mi. Even, tó bá wà lọ́wọ́ mi, mi ò ní gbe sílẹ̀ fún yín.","[[EN]]Anyway, big daddy.[[/EN]] Hmm. Kòsí ìwé ilẹ̀ lọ́wọ́ mi. [[EN]]Even,[[/EN]] tó bá wà lọ́wọ́ mi, mi ò ní gbe sílẹ̀ fún yín.",afriswitch-yoruba-000760-kskv-2KREGQ_chunk_4912224-4918556_357,kskv_2KREGQ,natural-afriswitch,3
audio/yoruba/000780-_QGuCR1mXhM_chunk_5997936-6004672_555.wav,c1aba08f8c28213bf2b5382ea965c551a95d8017edddce039f6fef56348f9543,16.0,clean-16khz,6.736000061035156,Yoruba-English,"kii wa se iru emi baii lo ye ki n se iru nkan beyen fun en, so ko ni suru o Lucky ti pa mi","kii wa se iru emi baii lo ye ki [[EN]]n[[/EN]] se iru nkan beyen [[EN]]fun[[/EN]] en, [[EN]]so[[/EN]] ko ni suru o [[EN]]Lucky[[/EN]] ti pa mi",afriswitch-yoruba-000780-_QGuCR1mXhM_chunk_5997936-6004672_555,_QGuCR1mXhM,natural-afriswitch,8
audio/yoruba/000786-M2EvXV2DXXs_chunk_2109792-2118400_197.wav,d6f0f3feaca7da20dd151b2507051f175869c427f6114f5310976867e8a3bdb5,2.2699999809265137,clean-16khz,8.607999801635742,Yoruba-English,E de wo won o won ni awon obi tiwon sile won yo won lenu o to je pe teacher leyin ma ma ni lara nile aye yin Se ri awon te n wo yi e sa ba mi ko won lo sodo yin,E de wo won o won ni awon obi tiwon sile won yo won lenu o to je pe [[EN]]teacher[[/EN]] leyin ma ma ni lara nile aye yin Se ri awon te n wo yi e sa ba mi ko won lo sodo yin,afriswitch-yoruba-000786-M2EvXV2DXXs_chunk_2109792-2118400_197,M2EvXV2DXXs_chunk,natural-afriswitch,2
audio/yoruba/000826-t8GrmBGqAuU_chunk_2701216-2712412_242.wav,ca8f08238ea9c5ad146a2cde21802dd41d972750879357ffa9601606326b00c6,21.739999771118164,clean-16khz,13.767000198364258,Yoruba-English,"Orekelewa kilode, a wi a wi, o lo ni gbo o, omode yii na go o, row iketa ma lo n jo ige","Orekelewa kilode, a wi a wi, o lo ni [[EN]]gbo[[/EN]] o, omode yii na [[EN]]go o, row[[/EN]] iketa ma lo [[EN]]n[[/EN]] jo ige",afriswitch-yoruba-000826-t8GrmBGqAuU_chunk_2701216-2712412_242,t8GrmBGqAuU_chunk,natural-afriswitch,6
audio/yoruba/000828-YYN1wCw4L4w_chunk_4893520-4902972_457.wav,83320632cf9b57476843c629c19d8791404c606a4d56688af83778c586ece580,12.899999618530273,clean-16khz,9.779999732971191,Yoruba-English,"jẹ n baṣẹ yẹn ẹ ma show pẹyin lẹ ni aba yii, ẹ ma show pẹyin ni baalẹ adugbo yii abi, ẹ ni ṣorire, ṣe gbogbo nkan ti iya yin fi n gara leleyii","jẹ [[EN]]n[[/EN]] baṣẹ yẹn ẹ ma [[EN]]show[[/EN]] pẹyin lẹ ni aba yii, ẹ ma [[EN]]show[[/EN]] pẹyin ni baalẹ adugbo yii abi, ẹ ni ṣorire, ṣe gbogbo nkan ti iya yin fi [[EN]]n[[/EN]] gara leleyii",afriswitch-yoruba-000828-YYN1wCw4L4w_chunk_4893520-4902972_457,YYN1wCw4L4w_chunk,natural-afriswitch,8
audio/yoruba/000844-fsJxDg0gKFY_chunk_512864-516848_38.wav,8ea37a1d2bdcef669cdd526eafbde5bfff034148b253888b7fa16a2ff53e68bb,12.5,clean-16khz,3.9839999675750732,Yoruba-English,Iwo timo shi bi nsin to sope kiniyen o disturb e Mo so o shi jale,Iwo timo shi bi nsin to sope kiniyen o [[EN]]disturb[[/EN]] e Mo [[EN]]so[[/EN]] o shi jale,afriswitch-yoruba-000844-fsJxDg0gKFY_chunk_512864-516848_38,fsJxDg0gKFY_chunk,natural-afriswitch,4
audio/yoruba/000846-l67Ysmvn02Q_chunk_1085712-1088700_90.wav,3571aaf369eff87e7e551e7d8eb0dcbbd174e20ff5b3741944a06208c45bd593,28.56999969482422,clean-16khz,3.0280001163482666,Yoruba-English,"Lowo everybody, emi mo gba meji pere","[[EN]]Lowo everybody,[[/EN]] emi mo gba meji pere",afriswitch-yoruba-000846-l67Ysmvn02Q_chunk_1085712-1088700_90,l67Ysmvn02Q_chunk,natural-afriswitch,1
audio/yoruba/000872-Xp3-DykgnXQ_chunk_1684944-1698332_99.wav,523549fa7d6490541a51d9a0d1c752710755f34c618ab6ac2a09a423b2caf5c2,22.219999313354492,clean-16khz,13.555999755859375,Yoruba-English,won a de tun ju eni yen si kanga agbofinro ni mi looto sugbon awon kan wa ti won ga ju ofin lo claw is like cobwebs,[[EN]]won a[[/EN]] de tun ju eni yen si kanga agbofinro ni mi looto sugbon awon kan wa ti won ga ju ofin lo [[EN]]claw is like cobwebs[[/EN]],afriswitch-yoruba-000872-Xp3-DykgnXQ_chunk_1684944-1698332_99,Xp3_DykgnXQ,natural-afriswitch,2
audio/yoruba/000895-yIHn2cQrWag_chunk_161488-176028_21.wav,e22ac951c1789ff04ec5612d52de7feedfca1ece5febc6b94592922cf4177200,3.2300000190734863,clean-16khz,16.500999450683594,Yoruba-English,"Bó ṣe yẹ, ó pàṣẹ fún ọ̀gá ọlọ́pǎ pátápátá ilé-iṣẹ́ ọ̀tẹlẹ̀múyẹ́ láti ṣisẹ́ pẹlú àwọn Gómìnà kí eléyìí le di mímúṣẹ. Jọkẹ́ Àmọ̀rí ló ṣ'àkójọpọ̀ ìròyìn ọ̀hún fún Aláròyé online telifísọ̀n","Bó ṣe yẹ, ó pàṣẹ fún ọ̀gá ọlọ́pǎ pátápátá ilé-iṣẹ́ ọ̀tẹlẹ̀múyẹ́ láti ṣisẹ́ pẹlú àwọn Gómìnà kí eléyìí le di mímúṣẹ. Jọkẹ́ Àmọ̀rí ló ṣ'àkójọpọ̀ ìròyìn ọ̀hún fún Aláròyé [[EN]]online[[/EN]] telifísọ̀n",afriswitch-yoruba-000895-yIHn2cQrWag_chunk_161488-176028_21,yIHn2cQrWag_chunk,natural-afriswitch,2
audio/yoruba/000898-jFLkBoRyfGo_chunk_6871376-6887264_620.wav,c130f44d21631446920017c76644e30fa3928fcc6cbc5ec20a6d6ef8d63226c3,5.710000038146973,clean-16khz,15.887999534606934,Yoruba-English,Mo kan feel pe ki lanre tẹle ẹ. Ootọ ni ọmọ ti feyi bi fun ẹ ọmọ ẹ ni ọmọ ti ẹ ọmọ mi ni.To rọmọkọ mi ọmọ mi naa ni. Tẹyin mejeeji ba jọ lọ,Mo kan [[EN]]feel[[/EN]] pe ki lanre tẹle ẹ. Ootọ ni ọmọ ti feyi bi [[EN]]fun[[/EN]] ẹ ọmọ ẹ ni ọmọ ti ẹ ọmọ mi ni.To rọmọkọ mi ọmọ mi naa ni. Tẹyin mejeeji ba jọ lọ,afriswitch-yoruba-000898-jFLkBoRyfGo_chunk_6871376-6887264_620,jFLkBoRyfGo_chunk,natural-afriswitch,4
audio/yoruba/000913-zZenFgopcs8_chunk_4148304-4159728_404.wav,ed3d59d936e3dc37b2b8fea3e2ec7b580239fbcbffdb88d3aa13f16d939d9ac4,4.880000114440918,clean-16khz,11.423999786376953,Yoruba-English,"o ṣa n sope iwo níyà é, iwo ni baba é, ehn, ọ ṣa ti ri nkan ti de ṣe. Joo, sorry, mi ọ mo pe,mo ti gbagbe pe oko è wá lori iduro.. Nooo: ko ye ki n mẹnu lo sibeyen o","o ṣa [[EN]]n[[/EN]] sope iwo níyà é, iwo ni baba é, ehn, ọ ṣa ti ri nkan ti de ṣe. Joo, [[EN]]sorry,[[/EN]] mi ọ mo pe,mo ti gbagbe pe oko è wá lori iduro.. Nooo: ko ye ki n mẹnu lo sibeyen o",afriswitch-yoruba-000913-zZenFgopcs8_chunk_4148304-4159728_404,zZenFgopcs8_chunk,natural-afriswitch,4
audio/yoruba/000921-LRvX3WMBPPw_chunk_718944-724768_64.wav,9dfe5685e36117f3d27cdf71f33d8ac70467508917808f57b48fbde9c6c5791b,15.380000114440918,clean-16khz,5.823999881744385,Yoruba-English,Be se n so yen mo mo ona ona meta ti mo ti le lati tailor at'aso be se so mo ti se emi o mo,Be se [[EN]]n so[[/EN]] yen mo mo ona ona meta ti mo ti le lati [[EN]]tailor[[/EN]] at'aso be se [[EN]]so[[/EN]] mo ti se emi o mo,afriswitch-yoruba-000921-LRvX3WMBPPw_chunk_718944-724768_64,LRvX3WMBPPw_chunk,natural-afriswitch,6
audio/yoruba/000922-J4oy2BSRhxw_chunk_1864720-1878096_164.wav,03180213c231c4a68f0696725113d01b5e36bd6bfd5d05bb733884c057ea1a5d,21.049999237060547,clean-16khz,13.37600040435791,Yoruba-English,"Ibi te ba lo ni ke kan jekamo,just go straight to the point,boda mi Ko ma Shey esa,se Kintu Foyin lenu,Awon ore mi ta jo rin,won so fun mi pe adejoke,kani awoni Awon ri Iru egbon e ni","Ibi te ba lo ni ke kan [[EN]]jekamo,just go straight to the point,boda[[/EN]] mi Ko ma Shey esa,se Kintu Foyin lenu,Awon ore mi ta jo rin,won [[EN]]so fun[[/EN]] mi pe adejoke,kani awoni Awon ri Iru egbon e ni",afriswitch-yoruba-000922-J4oy2BSRhxw_chunk_1864720-1878096_164,J4oy2BSRhxw_chunk,natural-afriswitch,4
audio/yoruba/000935-llcfn1skiYo_chunk_1495040-1508288_143.wav,310bc0bb3aa433a05762c231ddda1e83d91a43842697f095919ed2501b5af504,37.84000015258789,clean-16khz,13.248000144958496,Yoruba-English,"To ba stop nonsense to n se yi. eh! ma discipline e I'm not a baby, yes haha, ki lamuwaye? Ki la ma mulo sorun? Ati olowo, ati talika, ati awon te n pe ni beggars yi","[[EN]]To[[/EN]] ba [[EN]]stop nonsense to n[[/EN]] se yi. eh! ma [[EN]]discipline[[/EN]] e [[EN]]I'm not a baby, yes haha,[[/EN]] ki lamuwaye? Ki la ma mulo sorun? Ati olowo, ati talika, ati awon te [[EN]]n[[/EN]] pe ni [[EN]]beggars[[/EN]] yi",afriswitch-yoruba-000935-llcfn1skiYo_chunk_1495040-1508288_143,llcfn1skiYo_chunk,natural-afriswitch,11
audio/yoruba/000939-kYRurjXyu2g_chunk_924688-940700_48.wav,d7db89c50f70eb508b693af8130a08d6dfc50b3b4a60e0118dbcf15cd62bd991,40.0,clean-16khz,16.468000411987305,Yoruba-English,Ko ba le wo mi. Oti ro boya mo ma kọyin sohun. Uhn! He is definitely not getting anything this night. Look at the way she is looking at me.,Ko ba le wo mi. Oti ro boya mo ma kọyin sohun. [[EN]]Uhn! He is definitely not getting anything this night. Look at the way she is looking at me.[[/EN]],afriswitch-yoruba-000939-kYRurjXyu2g_chunk_924688-940700_48,kYRurjXyu2g_chunk,natural-afriswitch,1
audio/yoruba/000940-C8Wh8-XJEcQ_chunk_3032900-3039344_293.wav,f638db188db46049309cd9e3f5b7ce990d0df0a0a1ac74d80ec9799b33e72ac9,31.579999923706055,clean-16khz,6.443999767303467,Yoruba-English,ko gbe anything jade pe nkan to'n se won leleyi eti shey receipt of test eri nkan to shey,ko gbe [[EN]]anything[[/EN]] jade pe nkan to'n se [[EN]]won[[/EN]] leleyi eti shey [[EN]]receipt of test[[/EN]] eri nkan [[EN]]to[[/EN]] shey,afriswitch-yoruba-000940-C8Wh8-XJEcQ_chunk_3032900-3039344_293,C8Wh8_XJEcQ,natural-afriswitch,8
audio/yoruba/000951-mmNX_CH0aa0_chunk_3842608-3853888_398.wav,ccd21af25f9e99c88a8d4d0e840cf2dbd4feacfc84e6d946237a5dabd4c9c525,36.36000061035156,clean-16khz,11.279999732971191,Yoruba-English,"Mo get four ninety Wow, wow Wow, wow Billion Billion Bro, Ahah E ma p'ariwo, milli, milli No, ko possible Million ni se","[[EN]]Mo get four ninety Wow, wow Wow, wow Billion Billion Bro,[[/EN]] Ahah E ma p'ariwo, milli, milli [[EN]]No,[[/EN]] ko [[EN]]possible Million[[/EN]] ni se",afriswitch-yoruba-000951-mmNX_CH0aa0_chunk_3842608-3853888_398,mmNX_CH0aa0,natural-afriswitch,5
audio/yoruba/000958-7LGaqBudWCY_chunk_5714372-5718224_531.wav,6e57cbf8f4296d9d59074c25f5a6aeec3d20de024b0d048e54bacce3aa3b1ce6,12.5,clean-16khz,3.8519999980926514,Yoruba-English,"Now, Ko gbe na, ko gbe ko gbe","[[EN]]Now,[[/EN]] Ko gbe na, ko gbe ko gbe",afriswitch-yoruba-000958-7LGaqBudWCY_chunk_5714372-5718224_531,7LGaqBudWCY_chunk,natural-afriswitch,1
audio/yoruba/000982-3NMm97yb7gk_chunk_3894148-3903772_312.wav,d732a7415188122163443f83390e9aef16d425faf25346bcd555a17222a54b35,47.369998931884766,clean-16khz,13.460000038146973,Yoruba-English,mad pelu e won mad pelomo yii won tomo to gbara e everybody ma collect bee ni mo so,[[EN]]mad[[/EN]] pelu [[EN]]e won mad[[/EN]] pelomo yii [[EN]]won[[/EN]] tomo [[EN]]to[[/EN]] gbara e [[EN]]everybody[[/EN]] ma [[EN]]collect[[/EN]] bee ni mo [[EN]]so[[/EN]],afriswitch-yoruba-000982-3NMm97yb7gk_chunk_3894148-3903772_312,3NMm97yb7gk_chunk,natural-afriswitch,12
audio/yoruba/001006-aVC9pDOrVxk_chunk_1615296-1627760_149.wav,00fc329a4f752fa74da3a5bfdcb99722ef28bc5816570211dfdc888c5a83a40c,32.13999938964844,clean-16khz,12.46399974822998,Yoruba-English,"Te ba fe gbawin eba e ma soju Aanu, te ba ti yo tan nsin ee doko mobirin You are correct Morenikeji, but some men are not thesame.","Te ba fe gbawin eba e ma soju Aanu, te ba ti yo tan nsin ee doko mobirin [[EN]]You are correct[[/EN]] Morenikeji, [[EN]]but some men are not thesame.[[/EN]]",afriswitch-yoruba-001006-aVC9pDOrVxk_chunk_1615296-1627760_149,aVC9pDOrVxk_chunk,natural-afriswitch,3
audio/yoruba/001078-fy977a8AcjU_chunk_4472576-4478400_332.wav,cdaef824ea54bccbeee55126ba78714b3bd2f1327d67464b84d4cfa097eff8c0,10.529999732971191,clean-16khz,5.823999881744385,Yoruba-English,"Mi ni le se, boya te ba de wa around lola, ma pada wa se, se e ti gbo","Mi ni le se, boya te ba de wa [[EN]]around[[/EN]] lola, ma pada wa se, se e ti [[EN]]gbo[[/EN]]",afriswitch-yoruba-001078-fy977a8AcjU_chunk_4472576-4478400_332,fy977a8AcjU_chunk,natural-afriswitch,3
audio/yoruba/001104-gtw8sXTWG1c_chunk_1992964-1995516_178.wav,89f9f8b7deee51b034701528613a68aede5dfd915fe895d10f051ac3763eea3f,42.86000061035156,clean-16khz,3.888000011444092,Yoruba-English,Wa gbadun mi gidi I'm sorry sir,Wa gbadun mi gidi [[EN]]I'm sorry sir[[/EN]],afriswitch-yoruba-001104-gtw8sXTWG1c_chunk_1992964-1995516_178,gtw8sXTWG1c_chunk,natural-afriswitch,1
audio/yoruba/001108-S7WxSLCIVHI_chunk_2348804-2359232_200.wav,a65ac06e07b7b7ade05eca7625036d6bd6760b81c1852d1570fa12daa494e5e1,22.729999542236328,clean-16khz,10.428000450134277,Yoruba-English,"Gbogbo e to n so yen pe olohun a da e lohun olorun a se eyi ti da sarah lohun sarah ni igba ayen o un, o mo nkan to go through ni ko n di ba i ko n se ranu kakiri gboro.","Gbogbo [[EN]]e to n so[[/EN]] yen pe olohun a da e lohun olorun a se eyi ti da sarah lohun sarah ni igba ayen o un, o mo nkan [[EN]]to go through[[/EN]] ni ko [[EN]]n[[/EN]] di ba [[EN]]i[[/EN]] ko [[EN]]n[[/EN]] se ranu kakiri gboro.",afriswitch-yoruba-001108-S7WxSLCIVHI_chunk_2348804-2359232_200,S7WxSLCIVHI_chunk,natural-afriswitch,10
audio/yoruba/001128-tgIICiFMf3o_chunk_3836288-3841744_208.wav,c975b90bfb77bf1aa8965cd41fbf17e8f1fb9f9bf68f45d2ea441df417e0a867,7.690000057220459,clean-16khz,5.455999851226807,Yoruba-English,Emi ni mo ran eyan lo pa egbon mi Ah daddy seyi Seyi,Emi ni mo ran eyan lo pa egbon mi Ah [[EN]]daddy[[/EN]] seyi Seyi,afriswitch-yoruba-001128-tgIICiFMf3o_chunk_3836288-3841744_208,tgIICiFMf3o_chunk,natural-afriswitch,2
audio/yoruba/001153-1iCqy3Qfcd8_chunk_455008-469696_20.wav,600018eea40afc7496e2a30a06fe90d314ff7f7999c25328f1684f6e863a1a90,7.940000057220459,clean-16khz,14.687999725341797,Yoruba-English,"Kini o se? Ko se Nkan kan. O ti n korin lenu ojo meta yi mummy,Koda Orin ti e o ju ti Danny young lo. To o je pe to o ba n ko Orin bayi, gbogbo awa ti a wa nibe inu wa ma n dun ni. Oye ki e se awure Orin fun won o Awure Orin bawo?Inu eje lo wa","Kini o se? Ko se Nkan kan. O ti n korin lenu ojo meta yi [[EN]]mummy,Koda[[/EN]] Orin ti e o ju ti [[EN]]Danny young[[/EN]] lo. To o je pe to o ba n ko Orin bayi, gbogbo awa ti a wa nibe inu wa ma n dun ni. Oye ki e se awure Orin [[EN]]fun won[[/EN]] o Awure Orin bawo?Inu eje lo wa",afriswitch-yoruba-001153-1iCqy3Qfcd8_chunk_455008-469696_20,1iCqy3Qfcd8_chunk,natural-afriswitch,6
audio/yoruba/001155-2JMaCR6KxdY_chunk_983024-986944_84.wav,6ded7b506307509f6b95620de4757dd56d91b33164858bbcbb91e1a373023e1f,27.780000686645508,clean-16khz,3.9200000762939453,Yoruba-English,Jo so fun mi kini problem re gan na? Kilode ti o fe so brother yi ni enu,Jo [[EN]]so fun[[/EN]] mi kini [[EN]]problem[[/EN]] re gan na? Kilode ti o fe [[EN]]so brother[[/EN]] yi ni enu,afriswitch-yoruba-001155-2JMaCR6KxdY_chunk_983024-986944_84,2JMaCR6KxdY_chunk,natural-afriswitch,6
audio/yoruba/001160-syzj_4zkIJM_chunk_52704-63600_7.wav,1ea95e9742205b8fb17428d47e7de3aec429ed3689553265a7c38ed7e686a3d3,37.5,clean-16khz,10.895999908447266,Yoruba-English,"Won wa Ninu compound,ti awon Na Sare Kiri lotun losi,so she came out, and greeted,we exchange pleasantries and she went to open the door","Won wa Ninu [[EN]]compound,ti[[/EN]] awon Na Sare Kiri lotun losi,so [[EN]]she came out, and greeted,we exchange pleasantries and she went to open the door[[/EN]]",afriswitch-yoruba-001160-syzj_4zkIJM_chunk_52704-63600_7,syzj_4zkIJM,natural-afriswitch,3
audio/yoruba/001186-sleamWbxUbI_chunk_3274816-3285712_328.wav,41239ea1ae3aac51d8c7ff6c46c32a73a40d303c23f2c81155800e3b91ecbe3d,7.690000057220459,clean-16khz,10.895999908447266,Yoruba-English,"Gbogbo ohun to bá sọ fún ẹ ni koo gbà, oya mọọ ṣe adua Ṣaweto ọ mo nkan tí mo fẹ nisinsin, owó, owó nlánlá tí mo fẹ owó tó pọ tí má ma gbe lọ nsìn bíi pounds","Gbogbo ohun to bá sọ fún ẹ ni koo gbà, oya mọọ ṣe adua Ṣaweto ọ mo nkan tí mo [[EN]]fẹ[[/EN]] nisinsin, owó, owó nlánlá tí mo [[EN]]fẹ[[/EN]] owó tó pọ tí má ma gbe lọ nsìn bíi [[EN]]pounds[[/EN]]",afriswitch-yoruba-001186-sleamWbxUbI_chunk_3274816-3285712_328,sleamWbxUbI_chunk,natural-afriswitch,5
audio/yoruba/001241-_kdV1D8xYMw_chunk_1080864-1089360_92.wav,1e47196d51569c3242220a875089f3013be06f5fae0b008df6f73b4ddd965e0a,27.780000686645508,clean-16khz,8.496000289916992,Yoruba-English,"Oun ni tẹlomi ti bẹrẹ. I started working on the contract, a lifetime contract. I mean, a retirement","Oun ni tẹlomi ti bẹrẹ. [[EN]]I started working on the contract, a lifetime contract. I mean, a retirement[[/EN]]",afriswitch-yoruba-001241-_kdV1D8xYMw_chunk_1080864-1089360_92,_kdV1D8xYMw,natural-afriswitch,1
audio/yoruba/001316-GYfIRwY_Kt0_chunk_188368-193584_17.wav,1a20596d57486bda574e6100d9ce6a2a745fe6e195a6f81bb165f7551ff5152e,13.329999923706055,clean-16khz,5.216000080108643,Yoruba-English,mo ma fi wọn duro o need oniduro bo ti wa yi o need oniduro,mo ma fi wọn duro o [[EN]]need[[/EN]] oniduro bo ti wa yi o [[EN]]need[[/EN]] oniduro,afriswitch-yoruba-001316-GYfIRwY_Kt0_chunk_188368-193584_17,GYfIRwY_Kt0,natural-afriswitch,4
audio/yoruba/001354-aqAfSYplGZs_chunk_99904-108032_14.wav,f2428ee2acf6a40b0bf3fc2a5b57964c973b096249fc4546850b16dd00385322,7.690000057220459,clean-16khz,8.128000259399414,Yoruba-English,"To ba ti jẹ Christian movie Agbudọ ni E wa nle L'akọ L'akọ ni, l'ako ni A dẹ dupẹ, pe wọn ti ẹ n pe yin","To ba ti jẹ [[EN]]Christian movie[[/EN]] Agbudọ ni E wa nle L'akọ L'akọ ni, l'ako ni A dẹ dupẹ, pe wọn ti ẹ n pe yin",afriswitch-yoruba-001354-aqAfSYplGZs_chunk_99904-108032_14,aqAfSYplGZs_chunk,natural-afriswitch,2
audio/yoruba/001404-DxYjoDukuZI_chunk_2716496-2729024_220.wav,a7fade77a47b1125e8c405dc8c5b2cc75ac9bf0a7e77cfa30072552db68bd355,20.690000534057617,clean-16khz,12.527999877929688,Yoruba-English,"I'm very sure. Are you upset? No no it's fine it's fine, but promise you won't see him again. Kosi Ibi ti moti fe ri. Is that a promise?","[[EN]]I'm very sure. Are you upset? No no it's fine it's fine, but promise you won't see him again.[[/EN]] Kosi Ibi ti moti fe ri. [[EN]]Is that a promise?[[/EN]]",afriswitch-yoruba-001404-DxYjoDukuZI_chunk_2716496-2729024_220,DxYjoDukuZI_chunk,natural-afriswitch,2
audio/yoruba/001423-B_F-D-ZXtnE_chunk_1943328-1953760_198.wav,421d146fc78deedb28cfab5b285118ab418c631702f560f1c2b02fa7f01074fb,21.8799991607666,clean-16khz,10.432000160217285,Yoruba-English,"why to Fi ma sori oro beyen? iwo lo ro be, sho ri Lekan awon iwa to nwu o ti fe sun MI bayi, every time Ni Mo n ba e so.","[[EN]]why to Fi[[/EN]] ma sori oro beyen? iwo lo ro be, sho ri Lekan awon iwa to nwu o ti fe sun MI bayi, [[EN]]every time[[/EN]] Ni Mo [[EN]]n[[/EN]] ba e [[EN]]so.[[/EN]]",afriswitch-yoruba-001423-B_F-D-ZXtnE_chunk_1943328-1953760_198,B_F,natural-afriswitch,6
audio/yoruba/001446-wbz28E299Qs_chunk_497008-510576_48.wav,7d2d0cd3321a37c22a66c5e02b0a8db475576ac1d8a608d43541ca8cf96ce802,4.260000228881836,clean-16khz,13.567999839782715,Yoruba-English,"Ko jẹyin ni mo fẹ gbe, mi ṣere Ko ni daa funyin, ẹ ni ṣe oriire Bo ṣe gbẹ to yii lẹẹ tun gba 150 Oku temi, elo lo pe 150 Ṣe ọkada nan maa fi gbe yin ni, ṣebi motor nan maa fi gbe yin. Jalẹjalẹ, ẹ san 100,000","Ko jẹyin ni mo [[EN]]fẹ[[/EN]] gbe, mi ṣere Ko ni daa funyin, ẹ ni ṣe oriire Bo ṣe gbẹ to yii lẹẹ tun gba 150 Oku temi, elo lo pe 150 Ṣe ọkada nan maa fi gbe yin ni, ṣebi [[EN]]motor[[/EN]] nan maa fi gbe yin. Jalẹjalẹ, ẹ san 100,000",afriswitch-yoruba-001446-wbz28E299Qs_chunk_497008-510576_48,wbz28E299Qs_chunk,natural-afriswitch,4
audio/yoruba/001494-Qv6ukmyspwg_chunk_1645072-1658960_161.wav,9ac0b2fa3439e8ae618c07da6601ce29c019f728c37048d4d1f575c6885e35ee,31.43000030517578,clean-16khz,13.887999534606934,Yoruba-English,"Tio tale kan fun eyan mesan? Of course! O wa ni Cell 23 now Cell 20 what? Cell 23 le mi ti mo o, I be ni mo shi tiri lana Wale, Shey Kin paro kan fun e?","Tio tale kan [[EN]]fun[[/EN]] eyan mesan? [[EN]]Of course![[/EN]] O wa ni [[EN]]Cell[[/EN]] 23 [[EN]]now Cell[[/EN]] 20 [[EN]]what? Cell[[/EN]] 23 le mi ti mo o, [[EN]]I be[[/EN]] ni mo shi tiri lana Wale, Shey Kin paro kan [[EN]]fun[[/EN]] e?",afriswitch-yoruba-001494-Qv6ukmyspwg_chunk_1645072-1658960_161,Qv6ukmyspwg_chunk,natural-afriswitch,10
audio/yoruba/001515-sD5Y2XO5Eu0_chunk_2632752-2637120_250.wav,cd5dca8f996b016a06daea6327b7028ec69b4fca0aec0f36f798420d342c62c1,9.09000015258789,clean-16khz,4.368000030517578,Yoruba-English,Bọla ti wa ninu oyun haa oyun yẹn dẹ ti heavy gan,Bọla ti wa ninu oyun haa oyun yẹn dẹ ti [[EN]]heavy[[/EN]] gan,afriswitch-yoruba-001515-sD5Y2XO5Eu0_chunk_2632752-2637120_250,sD5Y2XO5Eu0_chunk,natural-afriswitch,2
audio/yoruba/001555-ULN4z1PVXWU_chunk_3585456-3589344_309.wav,5c49f91baac0f2e8e471f089838948736819f8d3165e27745a8e45e247ab701e,20.0,clean-16khz,3.888000011444092,Yoruba-English,E wo aunty lola ewo aunty lola awon naa n gbe bodi won gbe bodi,E wo [[EN]]aunty[[/EN]] lola ewo [[EN]]aunty[[/EN]] lola awon naa [[EN]]n[[/EN]] gbe bodi won gbe bodi,afriswitch-yoruba-001555-ULN4z1PVXWU_chunk_3585456-3589344_309,ULN4z1PVXWU_chunk,natural-afriswitch,6
audio/yoruba/001581-lJ82t0osGbs_chunk_4157168-4162768_409.wav,7958e9546b4fb94eb2f4990dc5b8236b6156be814d7aca240ceb2bd0470de0a8,13.039999961853027,clean-16khz,5.599999904632568,Yoruba-English,"Se o ye ko kowa ba madam, sebi won obinrin lo na n kolo bokunrin ni, ewo ni ti e to keru wa","Se o ye ko kowa ba [[EN]]madam,[[/EN]] sebi [[EN]]won[[/EN]] obinrin lo na [[EN]]n[[/EN]] kolo bokunrin ni, ewo ni ti e to keru wa",afriswitch-yoruba-001581-lJ82t0osGbs_chunk_4157168-4162768_409,lJ82t0osGbs_chunk,natural-afriswitch,6
audio/yoruba/001583-xkwSaCwB6PM_chunk_5106560-5108752_498.wav,a927f2a0ae45c2df1ef86b84a748fc19065f9e9cc5d147bef998037654a6e18d,16.670000076293945,clean-16khz,2.191999912261963,Yoruba-English,ko kàn rara spice ẹ̀fọ́ yẹ,ko kàn rara [[EN]]spice[[/EN]] ẹ̀fọ́ yẹ,afriswitch-yoruba-001583-xkwSaCwB6PM_chunk_5106560-5108752_498,xkwSaCwB6PM_chunk,natural-afriswitch,2
audio/yoruba/001595-CK8005rqeqU_chunk_2487968-2492688_218.wav,4a2f0a156485c54ef79b69e711ed678e0364a307c0487a84fc2369ab44f7c4e5,41.18000030517578,clean-16khz,4.71999979019165,Yoruba-English,"Emi n try,, Mo ma n lo location daada Baba T ma n mumi lo location kakiri","[[EN]]Emi n try,,[[/EN]] Mo ma n lo [[EN]]location[[/EN]] daada Baba [[EN]]T[[/EN]] ma [[EN]]n[[/EN]] mumi lo [[EN]]location[[/EN]] kakiri",afriswitch-yoruba-001595-CK8005rqeqU_chunk_2487968-2492688_218,CK8005rqeqU_chunk,natural-afriswitch,9
audio/yoruba/001599-Me0uN9u5o4s_chunk_878916-885564_85.wav,2246f56391b12828c25caa0d8f60fb7c159930d33773036504e26946046e67e0,10.529999732971191,clean-16khz,6.6479997634887695,Yoruba-English,Kin tun wa se pe o de ninu ewon by mistake. O tun ja ole wo inu ewon ni,Kin tun wa se pe o de ninu ewon [[EN]]by mistake.[[/EN]] O tun ja ole wo inu ewon ni,afriswitch-yoruba-001599-Me0uN9u5o4s_chunk_878916-885564_85,Me0uN9u5o4s_chunk,natural-afriswitch,2
audio/yoruba/001655-aOBD_m_zcCw_chunk_4292896-4300208_370.wav,2a40ea4caa05305c3df7a20e7814e4167910f1eb3ada234ae657a429376df250,35.290000915527344,clean-16khz,7.311999797821045,Yoruba-English,"ki lo n sele you look sweet thank youuu Bawo ni, sowa fine actually let me apologize","ki lo [[EN]]n[[/EN]] sele [[EN]]you look sweet thank youuu[[/EN]] Bawo ni, sowa [[EN]]fine actually let me apologize[[/EN]]",afriswitch-yoruba-001655-aOBD_m_zcCw_chunk_4292896-4300208_370,aOBD_m,natural-afriswitch,5
audio/yoruba/001666--vHUliN0jfk_chunk_1220-8848_1.wav,2d4fc4bd4a27737d496d856a429acc728380031c8ef51559ce898b4a877ccb28,23.079999923706055,clean-16khz,7.627999782562256,Yoruba-English,"what is it? e ma binu, mi o mo pe e lalejo ni","[[EN]]what is it?[[/EN]] e ma binu, mi o mo pe e lalejo ni",afriswitch-yoruba-001666--vHUliN0jfk_chunk_1220-8848_1,_vHUliN0jfk,natural-afriswitch,1
audio/yoruba/001674-tKmDO7ZOB9I_chunk_2588944-2591616_235.wav,2aad64a84d93da8f6bd2665c757f2c4c9ca6b95cf808e0d9692e2385e625bf62,50.0,clean-16khz,2.671999931335449,Yoruba-English,kunle mi:infact,kunle [[EN]]mi:infact[[/EN]],afriswitch-yoruba-001674-tKmDO7ZOB9I_chunk_2588944-2591616_235,tKmDO7ZOB9I_chunk,natural-afriswitch,1
audio/yoruba/001679-m4ELIzDpuKY_chunk_663376-665788_34.wav,ec9dbc53ec1337304152d0e70b65fd83999e5a7d0a7f27702100c8f953122d66,20.0,clean-16khz,4.430997848510742,Yoruba-English,kọ san sinu account wa,kọ san sinu [[EN]]account[[/EN]] wa,afriswitch-yoruba-001679-m4ELIzDpuKY_chunk_663376-665788_34,m4ELIzDpuKY_chunk,natural-afriswitch,2
audio/yoruba/001704-Iu7vG_5pbXg_chunk_4240848-4251200_342.wav,a889d72d8a6e35dc02d869cb01eca220a55ed845e3ebbee0c4648903695ab963,44.439998626708984,clean-16khz,10.352018356323242,Yoruba-English,"Honestly, anyway mi o mọ nkankan. And m like","[[EN]]Honestly, anyway[[/EN]] mi o mọ nkankan. [[EN]]And m like[[/EN]]",afriswitch-yoruba-001704-Iu7vG_5pbXg_chunk_4240848-4251200_342,Iu7vG_5pbXg,natural-afriswitch,2
audio/yoruba/001705-xK2WUYi0jcU_chunk_6608772-6623324_398.wav,93cc3c766068ef9e279ffa5b50c77a9c24e468328bafa40348b7b88eac51e1a6,33.33000183105469,clean-16khz,15.583999633789062,Yoruba-English,Won fi imole lahun sinu aye mi. He showed me what true love is. And then to someone,[[EN]]Won[[/EN]] fi imole lahun sinu aye mi. [[EN]]He showed me what true love is. And then to someone[[/EN]],afriswitch-yoruba-001705-xK2WUYi0jcU_chunk_6608772-6623324_398,xK2WUYi0jcU_chunk,natural-afriswitch,2
audio/yoruba/001711-ZlbU-ii8XmQ_chunk_4143264-4155184_388.wav,13c3ae21b9947ba4175ccb5cd700626ab6653888bef66d5b4879713670d47901,18.75,clean-16khz,11.920000076293945,Yoruba-English,"Ni wo bee ni mo so fun ee,oh,terry eni to ba foju ano wo ku ni","Ni wo bee ni mo [[EN]]so fun ee,oh,terry[[/EN]] eni to ba foju ano wo ku ni",afriswitch-yoruba-001711-ZlbU-ii8XmQ_chunk_4143264-4155184_388,ZlbU_ii8XmQ,natural-afriswitch,2
audio/yoruba/001734-wJv6YAZn45E_chunk_405744-417200_36.wav,46349117f0aafac394d76c3ae11f0519dc856fbf74ef9c849c74d2e1daca9f8b,15.0,clean-16khz,11.456000328063965,Yoruba-English,"Ko sa bawa mu nkan to da Ngbo, o gbo iya e No o, mummy no Mo fe gbe omo omo mi Nkan to kan ko niyen Ma Mummy Nkan to Kan ni wipe bi n se se tan yiii","Ko sa bawa mu nkan to da Ngbo, o gbo iya e [[EN]]No[[/EN]] o, [[EN]]mummy no[[/EN]] Mo fe gbe omo omo mi Nkan to kan ko niyen Ma [[EN]]Mummy[[/EN]] Nkan to Kan ni [[EN]]wipe[[/EN]] bi [[EN]]n[[/EN]] se se tan yiii",afriswitch-yoruba-001734-wJv6YAZn45E_chunk_405744-417200_36,wJv6YAZn45E_chunk,natural-afriswitch,10
audio/yoruba/001769-XRrYV5VK5FY_chunk_344624-356480_44.wav,b72a042b980023cfd922d9d8ed7b30b1f3110e96f2a53251fff7230e2309aa70,38.709999084472656,clean-16khz,11.855999946594238,Yoruba-English,"Wan dde bi jagunjagun ni, wan si ri kinn un wl gbogbo ohun t wn e y, wan k pe lp kan s, wan k fi t lp lt, jba kan k m.","Wan dde bi jagunjagun ni, wan si ri kinn un [[EN]]wl[[/EN]] gbogbo ohun [[EN]]t wn e y, wan[[/EN]] k pe lp kan [[EN]]s, wan[[/EN]] k [[EN]]fi t lp lt,[[/EN]] jba kan k m.",afriswitch-yoruba-001769-XRrYV5VK5FY_chunk_344624-356480_44,XRrYV5VK5FY_chunk,natural-afriswitch,8
audio/yoruba/001784-tfLQ4AH-49Y_chunk_22288-32896_3.wav,c013246964bcaf5ad3a2b0d1b287d0134e3b02171c8bfa0b37eb42164700ec0a,30.0,clean-16khz,10.607999801635742,Yoruba-English,"Edegberun, 890 naira, ni won so pe awon n ta liter epo petrol kan fun awon alagbata bayi, dipo aadotadinlegberun naira.","Edegberun, 890 naira, ni [[EN]]won so[[/EN]] pe awon [[EN]]n[[/EN]] ta [[EN]]liter[[/EN]] epo [[EN]]petrol[[/EN]] kan [[EN]]fun[[/EN]] awon alagbata bayi, dipo aadotadinlegberun naira.",afriswitch-yoruba-001784-tfLQ4AH-49Y_chunk_22288-32896_3,tfLQ4AH_49Y,natural-afriswitch,10
audio/yoruba/001785-z8dluo0qju4_chunk_1908480-1910416_113.wav,735e5f4fbbc68d14d337b3551c8c367f7d0f2043a5062dbf50805d3ba41dd0f1,30.0,clean-16khz,1.9359999895095825,Yoruba-English,Won o se sunmo be ni won se sa fun,[[EN]]Won[[/EN]] o se sunmo be ni [[EN]]won[[/EN]] se sa [[EN]]fun[[/EN]],afriswitch-yoruba-001785-z8dluo0qju4_chunk_1908480-1910416_113,z8dluo0qju4_chunk,natural-afriswitch,4
audio/yoruba/001825-nOBej2o1bnU_chunk_511344-514720_44.wav,1ce1adbc3c800ebb9a0394ab17ccc939d503ed71888d362987cd2ef0836bf010,18.18000030517578,clean-16khz,3.375999927520752,Yoruba-English,Kan fun won lomo laipe laijina dide ti e de yii,Kan [[EN]]fun won[[/EN]] lomo laipe laijina dide ti e de yii,afriswitch-yoruba-001825-nOBej2o1bnU_chunk_511344-514720_44,nOBej2o1bnU_chunk,natural-afriswitch,2
audio/yoruba/001831-tf-kNE6FNfg_chunk_4336-19504_3.wav,57f72b72bc16be32d975394b5c308c6959fa0bd0f9c7e567c509d85b27b6a2a6,17.860000610351562,clean-16khz,15.168004989624023,Yoruba-English,Ni ni to gbe iyawo sile to wa fi gbogbo na toju e to n pa to nge to n gun fi ife si o je kin baje,Ni ni to gbe iyawo sile to wa fi gbogbo na toju e to [[EN]]n[[/EN]] pa to [[EN]]nge to n gun[[/EN]] fi ife si o je kin baje,afriswitch-yoruba-001831-tf-kNE6FNfg_chunk_4336-19504_3,tf_kNE6FNfg,natural-afriswitch,4
audio/yoruba/001832-A_T7AYGA3B0_chunk_1200608-1209616_85.wav,a263bbc8cd5d7e1aa378c9576cf6772f8cdb43bb73634fba12f26a464d983378,17.860000610351562,clean-16khz,9.008000373840332,Yoruba-English,Ewo nkan ti eni ile o wu mi je jare biscuit lo wu mi je Biscuit Eh se eni ni O fe chocolate Se n lora sweet wa,Ewo nkan ti eni ile o wu mi je jare [[EN]]biscuit[[/EN]] lo wu mi je [[EN]]Biscuit[[/EN]] Eh se eni ni O fe [[EN]]chocolate[[/EN]] Se [[EN]]n[[/EN]] lora [[EN]]sweet[[/EN]] wa,afriswitch-yoruba-001832-A_T7AYGA3B0_chunk_1200608-1209616_85,A_T7AYGA3B0,natural-afriswitch,10
audio/yoruba/001846-ZNVm8R75DLo_chunk_3306724-3309872_279.wav,24ae54781ae41d763d1c80d440a45b4440deeb3401b1b8eb4375b5fd74bdf90e,16.670000076293945,clean-16khz,3.1480045318603516,Yoruba-English,okiti peye pada ugbn ran p,okiti peye pada ugbn [[EN]]ran[[/EN]] p,afriswitch-yoruba-001846-ZNVm8R75DLo_chunk_3306724-3309872_279,ZNVm8R75DLo_chunk,natural-afriswitch,2
audio/yoruba/001866-t33_9L-O-s0_chunk_5611152-5614716_574.wav,8bcbbd3f096eb90505507670ec5c56f445b055a397eda022160f4281ae7e43a1,15.0,clean-16khz,4.790999889373779,Yoruba-English,"Eni to ba ti ku, won o le ba, lowo kan ni won le ba ti won o jule o","Eni to ba ti ku, [[EN]]won[[/EN]] o le ba, lowo kan ni [[EN]]won[[/EN]] le ba ti [[EN]]won[[/EN]] o jule o",afriswitch-yoruba-001866-t33_9L-O-s0_chunk_5611152-5614716_574,t33_9L,natural-afriswitch,6
audio/robustness/afriswitch-hausa-000010-rJlh12SFCX8_chunk_1614528-1629824_179--pstn-mulaw.wav,336cbacbfe5f6058465a6a3d52e3d67d86e668762033023f0cd806b453f192e0,2.859999895095825,pstn-mulaw,15.295999526977539,Hausa-English,"Annabi Muhammadu sallalahu alyahi wasallam, so da ana daukan hukunci idan an shigar da kara sanda ya kamata, kuma like da sauri da mutane ba su fara daukan hukunci a kan da hannun su ba","Annabi Muhammadu sallalahu alyahi wasallam, so da ana daukan hukunci idan an shigar da kara sanda ya kamata, kuma [[EN]]like[[/EN]] da sauri da mutane ba su fara daukan hukunci a kan da hannun su ba",afriswitch-hausa-000010-rJlh12SFCX8_chunk_1614528-1629824_179--pstn-mulaw,rJlh12SFCX8_chunk,natural-afriswitch,2
audio/robustness/afriswitch-hausa-000010-rJlh12SFCX8_chunk_1614528-1629824_179--noise-10db.wav,dbf95d1ad518a9c398320318ac98952483fea246297e9842046bdf6a7c45dcc3,2.859999895095825,noise-10db,15.295999526977539,Hausa-English,"Annabi Muhammadu sallalahu alyahi wasallam, so da ana daukan hukunci idan an shigar da kara sanda ya kamata, kuma like da sauri da mutane ba su fara daukan hukunci a kan da hannun su ba","Annabi Muhammadu sallalahu alyahi wasallam, so da ana daukan hukunci idan an shigar da kara sanda ya kamata, kuma [[EN]]like[[/EN]] da sauri da mutane ba su fara daukan hukunci a kan da hannun su ba",afriswitch-hausa-000010-rJlh12SFCX8_chunk_1614528-1629824_179--noise-10db,rJlh12SFCX8_chunk,natural-afriswitch,2
audio/robustness/afriswitch-hausa-000010-rJlh12SFCX8_chunk_1614528-1629824_179--packet-loss-3pct.wav,6b550a57da77fdf0e64ae5d3482905b16f2c9e700cda295f668d70fe8ca3e4e1,2.859999895095825,packet-loss-3pct,15.295999526977539,Hausa-English,"Annabi Muhammadu sallalahu alyahi wasallam, so da ana daukan hukunci idan an shigar da kara sanda ya kamata, kuma like da sauri da mutane ba su fara daukan hukunci a kan da hannun su ba","Annabi Muhammadu sallalahu alyahi wasallam, so da ana daukan hukunci idan an shigar da kara sanda ya kamata, kuma [[EN]]like[[/EN]] da sauri da mutane ba su fara daukan hukunci a kan da hannun su ba",afriswitch-hausa-000010-rJlh12SFCX8_chunk_1614528-1629824_179--packet-loss-3pct,rJlh12SFCX8_chunk,natural-afriswitch,2
audio/robustness/afriswitch-hausa-000011-bb6bc978d9c34215be480b6d3f11a05e--pstn-mulaw.wav,fb320572fe3bc3d73afa212dfa3aa66b57489a0a2bae05b0e2d14775013ef030,20.0,pstn-mulaw,29.0,Hausa-English,Da kike lokoja har zuwa yanzu gabadaya rayuwanki saboda yanda kika faro kinyi talla kin saida abubuwa kin fuskanci tsangwama a gaskiya aa saboda Wanda suka San story dina ko kinsan na taba like two other interviews dai kin gane so Wanda suka San story dina suna suna suna encouraging dina su nuna mun Rahina fa story dinki is very inspiring especially a kaduna yanzun,Da kike lokoja har zuwa yanzu gabadaya rayuwanki saboda yanda kika faro kinyi talla kin saida abubuwa kin fuskanci tsangwama a gaskiya aa saboda Wanda suka San [[EN]]story[[/EN]] dina ko kinsan na taba [[EN]]like two other interviews[[/EN]] dai kin gane [[EN]]so[[/EN]] Wanda suka San [[EN]]story[[/EN]] dina suna suna suna [[EN]]encouraging[[/EN]] dina su nuna mun Rahina fa [[EN]]story[[/EN]] dinki [[EN]]is very inspiring especially[[/EN]] a kaduna yanzun,afriswitch-hausa-000011-bb6bc978d9c34215be480b6d3f11a05e--pstn-mulaw,bb6bc978d9c34215be480b6d3f11a05e,natural-afriswitch,14
audio/robustness/afriswitch-hausa-000011-bb6bc978d9c34215be480b6d3f11a05e--noise-10db.wav,dda1e09ba8be816a9523853b68ebcc2e020bc1a7e5bceaa742dbc3ba60fe15cc,20.0,noise-10db,29.0,Hausa-English,Da kike lokoja har zuwa yanzu gabadaya rayuwanki saboda yanda kika faro kinyi talla kin saida abubuwa kin fuskanci tsangwama a gaskiya aa saboda Wanda suka San story dina ko kinsan na taba like two other interviews dai kin gane so Wanda suka San story dina suna suna suna encouraging dina su nuna mun Rahina fa story dinki is very inspiring especially a kaduna yanzun,Da kike lokoja har zuwa yanzu gabadaya rayuwanki saboda yanda kika faro kinyi talla kin saida abubuwa kin fuskanci tsangwama a gaskiya aa saboda Wanda suka San [[EN]]story[[/EN]] dina ko kinsan na taba [[EN]]like two other interviews[[/EN]] dai kin gane [[EN]]so[[/EN]] Wanda suka San [[EN]]story[[/EN]] dina suna suna suna [[EN]]encouraging[[/EN]] dina su nuna mun Rahina fa [[EN]]story[[/EN]] dinki [[EN]]is very inspiring especially[[/EN]] a kaduna yanzun,afriswitch-hausa-000011-bb6bc978d9c34215be480b6d3f11a05e--noise-10db,bb6bc978d9c34215be480b6d3f11a05e,natural-afriswitch,14
audio/robustness/afriswitch-hausa-000011-bb6bc978d9c34215be480b6d3f11a05e--packet-loss-3pct.wav,9db0bd960ed7c9e7964cc7fccc95e4dbee88f08d90aded4df4dd55c5ada536a1,20.0,packet-loss-3pct,29.0,Hausa-English,Da kike lokoja har zuwa yanzu gabadaya rayuwanki saboda yanda kika faro kinyi talla kin saida abubuwa kin fuskanci tsangwama a gaskiya aa saboda Wanda suka San story dina ko kinsan na taba like two other interviews dai kin gane so Wanda suka San story dina suna suna suna encouraging dina su nuna mun Rahina fa story dinki is very inspiring especially a kaduna yanzun,Da kike lokoja har zuwa yanzu gabadaya rayuwanki saboda yanda kika faro kinyi talla kin saida abubuwa kin fuskanci tsangwama a gaskiya aa saboda Wanda suka San [[EN]]story[[/EN]] dina ko kinsan na taba [[EN]]like two other interviews[[/EN]] dai kin gane [[EN]]so[[/EN]] Wanda suka San [[EN]]story[[/EN]] dina suna suna suna [[EN]]encouraging[[/EN]] dina su nuna mun Rahina fa [[EN]]story[[/EN]] dinki [[EN]]is very inspiring especially[[/EN]] a kaduna yanzun,afriswitch-hausa-000011-bb6bc978d9c34215be480b6d3f11a05e--packet-loss-3pct,bb6bc978d9c34215be480b6d3f11a05e,natural-afriswitch,14
audio/robustness/afriswitch-hausa-000015-_5p4bitL8Gs_chunk_2375744-2386812_235--pstn-mulaw.wav,a2047c10fd721278f4d303a4cc2882f778873413e298863f3028b70034d3d665,14.630000114440918,pstn-mulaw,11.067999839782715,Hausa-English,"Toh babu laifi, masu kallo kuna tare da hajiya wadda ita ce ta kasance S. A abin da ya shafi national lottery trust fund za mu je hutun gajeren lokaci da zarar mun dawo za mu dora idan Allah ya kaimu.","Toh babu laifi, masu kallo kuna tare da hajiya wadda ita ce ta kasance [[EN]]S. A[[/EN]] abin da ya shafi [[EN]]national lottery trust fund[[/EN]] za mu je hutun gajeren lokaci da zarar mun dawo za mu dora idan Allah ya kaimu.",afriswitch-hausa-000015-_5p4bitL8Gs_chunk_2375744-2386812_235--pstn-mulaw,_5p4bitL8Gs,natural-afriswitch,4
audio/robustness/afriswitch-hausa-000015-_5p4bitL8Gs_chunk_2375744-2386812_235--noise-10db.wav,875a447cb5641e8ea4116faff1f2809edd7c166bd28383d320a0f99863f45022,14.630000114440918,noise-10db,11.067999839782715,Hausa-English,"Toh babu laifi, masu kallo kuna tare da hajiya wadda ita ce ta kasance S. A abin da ya shafi national lottery trust fund za mu je hutun gajeren lokaci da zarar mun dawo za mu dora idan Allah ya kaimu.","Toh babu laifi, masu kallo kuna tare da hajiya wadda ita ce ta kasance [[EN]]S. A[[/EN]] abin da ya shafi [[EN]]national lottery trust fund[[/EN]] za mu je hutun gajeren lokaci da zarar mun dawo za mu dora idan Allah ya kaimu.",afriswitch-hausa-000015-_5p4bitL8Gs_chunk_2375744-2386812_235--noise-10db,_5p4bitL8Gs,natural-afriswitch,4
audio/robustness/afriswitch-hausa-000015-_5p4bitL8Gs_chunk_2375744-2386812_235--packet-loss-3pct.wav,7e94876e4494bc5a34e6dfea220991e228565480c03ad908f05c39092a8a1b27,14.630000114440918,packet-loss-3pct,11.067999839782715,Hausa-English,"Toh babu laifi, masu kallo kuna tare da hajiya wadda ita ce ta kasance S. A abin da ya shafi national lottery trust fund za mu je hutun gajeren lokaci da zarar mun dawo za mu dora idan Allah ya kaimu.","Toh babu laifi, masu kallo kuna tare da hajiya wadda ita ce ta kasance [[EN]]S. A[[/EN]] abin da ya shafi [[EN]]national lottery trust fund[[/EN]] za mu je hutun gajeren lokaci da zarar mun dawo za mu dora idan Allah ya kaimu.",afriswitch-hausa-000015-_5p4bitL8Gs_chunk_2375744-2386812_235--packet-loss-3pct,_5p4bitL8Gs,natural-afriswitch,4
audio/robustness/afriswitch-hausa-000017-rGmX9GUAH0s_chunk_999504-1013232_102--pstn-mulaw.wav,a7f1347ae6d9f8fb286c0f71fbbeea1e241cb9e700295f6850960d54fde6f0c5,27.5,pstn-mulaw,13.727999687194824,Hausa-English,reforms that were much needed in terms of fuel subsidy reforms a zahiri yake cewa wannan gwamnati na taukar muhimman matakan sauye-sauye wanda ake matakar bukata masu alaca da cire tallapaman petar kuma yin hakan abu ne mai matukar wahala.,[[EN]]reforms that were much needed in terms of fuel subsidy reforms[[/EN]] a zahiri yake cewa wannan gwamnati na taukar muhimman matakan sauye-sauye wanda ake matakar bukata masu alaca da cire tallapaman petar kuma yin hakan abu ne mai matukar wahala.,afriswitch-hausa-000017-rGmX9GUAH0s_chunk_999504-1013232_102--pstn-mulaw,rGmX9GUAH0s_chunk,natural-afriswitch,1
audio/robustness/afriswitch-hausa-000017-rGmX9GUAH0s_chunk_999504-1013232_102--noise-10db.wav,7d2e297957657056f953a21ca126308c3afd55bd4af816b95a386e0f11b9055b,27.5,noise-10db,13.727999687194824,Hausa-English,reforms that were much needed in terms of fuel subsidy reforms a zahiri yake cewa wannan gwamnati na taukar muhimman matakan sauye-sauye wanda ake matakar bukata masu alaca da cire tallapaman petar kuma yin hakan abu ne mai matukar wahala.,[[EN]]reforms that were much needed in terms of fuel subsidy reforms[[/EN]] a zahiri yake cewa wannan gwamnati na taukar muhimman matakan sauye-sauye wanda ake matakar bukata masu alaca da cire tallapaman petar kuma yin hakan abu ne mai matukar wahala.,afriswitch-hausa-000017-rGmX9GUAH0s_chunk_999504-1013232_102--noise-10db,rGmX9GUAH0s_chunk,natural-afriswitch,1
audio/robustness/afriswitch-hausa-000017-rGmX9GUAH0s_chunk_999504-1013232_102--packet-loss-3pct.wav,c61194715cadd91be932c622e8b1c0fefb4fdadb9a6d344355172facb8f03f27,27.5,packet-loss-3pct,13.727999687194824,Hausa-English,reforms that were much needed in terms of fuel subsidy reforms a zahiri yake cewa wannan gwamnati na taukar muhimman matakan sauye-sauye wanda ake matakar bukata masu alaca da cire tallapaman petar kuma yin hakan abu ne mai matukar wahala.,[[EN]]reforms that were much needed in terms of fuel subsidy reforms[[/EN]] a zahiri yake cewa wannan gwamnati na taukar muhimman matakan sauye-sauye wanda ake matakar bukata masu alaca da cire tallapaman petar kuma yin hakan abu ne mai matukar wahala.,afriswitch-hausa-000017-rGmX9GUAH0s_chunk_999504-1013232_102--packet-loss-3pct,rGmX9GUAH0s_chunk,natural-afriswitch,1
audio/robustness/afriswitch-hausa-000041-BF9VmKbRAwg_chunk_540128-554352_59--pstn-mulaw.wav,1882b4e3b7e58e3030c710ece462b115548890a27c90f6f6c21a36543c7a15a9,15.5600004196167,pstn-mulaw,14.223999977111816,Hausa-English,Ba za su sake faruwa ba such will never happen again. toh amma bayanan farko da muka samu na nuna cewa'yan bangar da suka gansu da makamai sai suka dauki cewa'yan fashin daji ne masu garkuwa da mutane sai kawai suka bar musu. its true,Ba za su sake faruwa ba [[EN]]such will never happen again.[[/EN]] toh amma bayanan farko da muka samu na nuna cewa'yan bangar da suka gansu da makamai sai suka dauki cewa'yan fashin daji ne masu garkuwa da mutane sai kawai suka bar musu. [[EN]]its true[[/EN]],afriswitch-hausa-000041-BF9VmKbRAwg_chunk_540128-554352_59--pstn-mulaw,BF9VmKbRAwg_chunk,natural-afriswitch,3
audio/robustness/afriswitch-hausa-000041-BF9VmKbRAwg_chunk_540128-554352_59--noise-10db.wav,fdc0e52a4197b406eb53299c7bd11ca8e5cee83336172e7e0f3aafcac1566f18,15.5600004196167,noise-10db,14.223999977111816,Hausa-English,Ba za su sake faruwa ba such will never happen again. toh amma bayanan farko da muka samu na nuna cewa'yan bangar da suka gansu da makamai sai suka dauki cewa'yan fashin daji ne masu garkuwa da mutane sai kawai suka bar musu. its true,Ba za su sake faruwa ba [[EN]]such will never happen again.[[/EN]] toh amma bayanan farko da muka samu na nuna cewa'yan bangar da suka gansu da makamai sai suka dauki cewa'yan fashin daji ne masu garkuwa da mutane sai kawai suka bar musu. [[EN]]its true[[/EN]],afriswitch-hausa-000041-BF9VmKbRAwg_chunk_540128-554352_59--noise-10db,BF9VmKbRAwg_chunk,natural-afriswitch,3
audio/robustness/afriswitch-hausa-000041-BF9VmKbRAwg_chunk_540128-554352_59--packet-loss-3pct.wav,099e0e2514979ae9160f1bf6e9802e033654e58287a2fdaf23082ee6186380ae,15.5600004196167,packet-loss-3pct,14.223999977111816,Hausa-English,Ba za su sake faruwa ba such will never happen again. toh amma bayanan farko da muka samu na nuna cewa'yan bangar da suka gansu da makamai sai suka dauki cewa'yan fashin daji ne masu garkuwa da mutane sai kawai suka bar musu. its true,Ba za su sake faruwa ba [[EN]]such will never happen again.[[/EN]] toh amma bayanan farko da muka samu na nuna cewa'yan bangar da suka gansu da makamai sai suka dauki cewa'yan fashin daji ne masu garkuwa da mutane sai kawai suka bar musu. [[EN]]its true[[/EN]],afriswitch-hausa-000041-BF9VmKbRAwg_chunk_540128-554352_59--packet-loss-3pct,BF9VmKbRAwg_chunk,natural-afriswitch,3
audio/robustness/afriswitch-hausa-000049-wIHM5VH8HTA_chunk_335904-350560_43--pstn-mulaw.wav,083943f5c9132a45cd54226cc0f6bd7ac8d513dba479a8cf872d37f9fcf1a19c,6.059999942779541,pstn-mulaw,14.656000137329102,Hausa-English,Da kwanciyan hankali domin tabbas yana bukatan wa'in nan abubuwan idan bai same su ba to hiran da zai mada shi mawakin ko artist zai 'dan ba shi matsala zai iya samun kurakurai,Da kwanciyan hankali domin tabbas yana bukatan wa'in nan abubuwan idan bai same su ba [[EN]]to[[/EN]] hiran da zai mada shi mawakin ko [[EN]]artist[[/EN]] zai 'dan ba shi matsala zai iya samun kurakurai,afriswitch-hausa-000049-wIHM5VH8HTA_chunk_335904-350560_43--pstn-mulaw,wIHM5VH8HTA_chunk,natural-afriswitch,4
audio/robustness/afriswitch-hausa-000049-wIHM5VH8HTA_chunk_335904-350560_43--noise-10db.wav,551c3c7cdef5f7b8a017de0df021d257e3839b7f24bd0d61417e1181ac9056cb,6.059999942779541,noise-10db,14.656000137329102,Hausa-English,Da kwanciyan hankali domin tabbas yana bukatan wa'in nan abubuwan idan bai same su ba to hiran da zai mada shi mawakin ko artist zai 'dan ba shi matsala zai iya samun kurakurai,Da kwanciyan hankali domin tabbas yana bukatan wa'in nan abubuwan idan bai same su ba [[EN]]to[[/EN]] hiran da zai mada shi mawakin ko [[EN]]artist[[/EN]] zai 'dan ba shi matsala zai iya samun kurakurai,afriswitch-hausa-000049-wIHM5VH8HTA_chunk_335904-350560_43--noise-10db,wIHM5VH8HTA_chunk,natural-afriswitch,4
audio/robustness/afriswitch-hausa-000049-wIHM5VH8HTA_chunk_335904-350560_43--packet-loss-3pct.wav,c2e4893d0215b2b90854c5b45f64c16a6fd6e5d72daf2bd384cbcf1c8a35471a,6.059999942779541,packet-loss-3pct,14.656000137329102,Hausa-English,Da kwanciyan hankali domin tabbas yana bukatan wa'in nan abubuwan idan bai same su ba to hiran da zai mada shi mawakin ko artist zai 'dan ba shi matsala zai iya samun kurakurai,Da kwanciyan hankali domin tabbas yana bukatan wa'in nan abubuwan idan bai same su ba [[EN]]to[[/EN]] hiran da zai mada shi mawakin ko [[EN]]artist[[/EN]] zai 'dan ba shi matsala zai iya samun kurakurai,afriswitch-hausa-000049-wIHM5VH8HTA_chunk_335904-350560_43--packet-loss-3pct,wIHM5VH8HTA_chunk,natural-afriswitch,4
audio/robustness/afriswitch-hausa-000084-ad8cb2d6e97d453a9fc9a0cbe9197c7e--pstn-mulaw.wav,3ff06d51530383ed41db8ecd9055bb7dc209b645a797b51e05b48d5a6a50df52,9.09000015258789,pstn-mulaw,29.0,Hausa-English,Ga yara mata da Kuma ma maza da suke talle a yanzu kan abinda zasu Iya zama a rayuwa Gaskiya shawarana shine especially iyaye dai Wanda masu kallo iyaye masu kallo kassu su nunawa 'ya'yansu kauna sununa musu soyayya su suyi encouraging dinsu especi,Ga yara mata da Kuma ma maza da suke talle a yanzu kan abinda zasu Iya zama a rayuwa Gaskiya shawarana [[EN]]shine especially[[/EN]] iyaye dai Wanda masu kallo iyaye masu kallo kassu su nunawa 'ya'yansu kauna sununa musu soyayya su suyi [[EN]]encouraging[[/EN]] dinsu [[EN]]especi[[/EN]],afriswitch-hausa-000084-ad8cb2d6e97d453a9fc9a0cbe9197c7e--pstn-mulaw,ad8cb2d6e97d453a9fc9a0cbe9197c7e,natural-afriswitch,5
audio/robustness/afriswitch-hausa-000084-ad8cb2d6e97d453a9fc9a0cbe9197c7e--noise-10db.wav,d37bf72edac20a95345571fac2bbb8197b14cabb728dfb215d1d3c419e5a4934,9.09000015258789,noise-10db,29.0,Hausa-English,Ga yara mata da Kuma ma maza da suke talle a yanzu kan abinda zasu Iya zama a rayuwa Gaskiya shawarana shine especially iyaye dai Wanda masu kallo iyaye masu kallo kassu su nunawa 'ya'yansu kauna sununa musu soyayya su suyi encouraging dinsu especi,Ga yara mata da Kuma ma maza da suke talle a yanzu kan abinda zasu Iya zama a rayuwa Gaskiya shawarana [[EN]]shine especially[[/EN]] iyaye dai Wanda masu kallo iyaye masu kallo kassu su nunawa 'ya'yansu kauna sununa musu soyayya su suyi [[EN]]encouraging[[/EN]] dinsu [[EN]]especi[[/EN]],afriswitch-hausa-000084-ad8cb2d6e97d453a9fc9a0cbe9197c7e--noise-10db,ad8cb2d6e97d453a9fc9a0cbe9197c7e,natural-afriswitch,5
audio/robustness/afriswitch-hausa-000084-ad8cb2d6e97d453a9fc9a0cbe9197c7e--packet-loss-3pct.wav,140e2fe2526d6cac06bb1c12c54391246e871d9ffc7cfbe5ed7ce6be1b50db41,9.09000015258789,packet-loss-3pct,29.0,Hausa-English,Ga yara mata da Kuma ma maza da suke talle a yanzu kan abinda zasu Iya zama a rayuwa Gaskiya shawarana shine especially iyaye dai Wanda masu kallo iyaye masu kallo kassu su nunawa 'ya'yansu kauna sununa musu soyayya su suyi encouraging dinsu especi,Ga yara mata da Kuma ma maza da suke talle a yanzu kan abinda zasu Iya zama a rayuwa Gaskiya shawarana [[EN]]shine especially[[/EN]] iyaye dai Wanda masu kallo iyaye masu kallo kassu su nunawa 'ya'yansu kauna sununa musu soyayya su suyi [[EN]]encouraging[[/EN]] dinsu [[EN]]especi[[/EN]],afriswitch-hausa-000084-ad8cb2d6e97d453a9fc9a0cbe9197c7e--packet-loss-3pct,ad8cb2d6e97d453a9fc9a0cbe9197c7e,natural-afriswitch,5
audio/robustness/afriswitch-hausa-000088-a9gS4WaUg7E_chunk_864224-881296_38--pstn-mulaw.wav,65053b347968f02581fc347f084a42de8fb74f65ee4fbbc761f11f8ed14994c7,8.569999694824219,pstn-mulaw,17.07200050354004,Hausa-English,Wannan ita ci gaskiyar maganar Your Excellency MD burinmu cika talakawa alkawarinsu don haka imma haka ne za mu kafa kwamiti wanda zai bibiya wannan al'amari bama sai ankai ga haka ba ranka ya dade,Wannan ita ci gaskiyar maganar [[EN]]Your Excellency MD[[/EN]] burinmu cika talakawa alkawarinsu don haka imma haka ne za mu kafa kwamiti wanda zai bibiya wannan al'amari bama sai ankai ga haka ba ranka ya dade,afriswitch-hausa-000088-a9gS4WaUg7E_chunk_864224-881296_38--pstn-mulaw,a9gS4WaUg7E_chunk,natural-afriswitch,2
audio/robustness/afriswitch-hausa-000088-a9gS4WaUg7E_chunk_864224-881296_38--noise-10db.wav,f3943d7cd00f8ddbd70497ad4752229e060e473a565b01be6eb8715cef65bb73,8.569999694824219,noise-10db,17.07200050354004,Hausa-English,Wannan ita ci gaskiyar maganar Your Excellency MD burinmu cika talakawa alkawarinsu don haka imma haka ne za mu kafa kwamiti wanda zai bibiya wannan al'amari bama sai ankai ga haka ba ranka ya dade,Wannan ita ci gaskiyar maganar [[EN]]Your Excellency MD[[/EN]] burinmu cika talakawa alkawarinsu don haka imma haka ne za mu kafa kwamiti wanda zai bibiya wannan al'amari bama sai ankai ga haka ba ranka ya dade,afriswitch-hausa-000088-a9gS4WaUg7E_chunk_864224-881296_38--noise-10db,a9gS4WaUg7E_chunk,natural-afriswitch,2
audio/robustness/afriswitch-hausa-000088-a9gS4WaUg7E_chunk_864224-881296_38--packet-loss-3pct.wav,2ed90559e8df733bc453084131745d494a29e8a8fc80a016c4511ae606879e0c,8.569999694824219,packet-loss-3pct,17.07200050354004,Hausa-English,Wannan ita ci gaskiyar maganar Your Excellency MD burinmu cika talakawa alkawarinsu don haka imma haka ne za mu kafa kwamiti wanda zai bibiya wannan al'amari bama sai ankai ga haka ba ranka ya dade,Wannan ita ci gaskiyar maganar [[EN]]Your Excellency MD[[/EN]] burinmu cika talakawa alkawarinsu don haka imma haka ne za mu kafa kwamiti wanda zai bibiya wannan al'amari bama sai ankai ga haka ba ranka ya dade,afriswitch-hausa-000088-a9gS4WaUg7E_chunk_864224-881296_38--packet-loss-3pct,a9gS4WaUg7E_chunk,natural-afriswitch,2
audio/robustness/afriswitch-hausa-000098-a3e8bddd0e9c4a5e85cd4a75f1fb55b3--pstn-mulaw.wav,77e317ae638be2e68977975b71d37ecb4096685aeec045b3ab70bf232d3c6b8c,9.09000015258789,pstn-mulaw,29.0,Hausa-English,ce ta yarda zaka iya sauya rayuwar ka da kanka ta hanyar gane burinka da kuma kokari wajen cimma burin a yau zamu ji labarin rayuwar ta da yadda ta zama the one and only MC Rahina duk da yadda ta taso kamar Koda yaushe sunana Madina dahiru Mai shanu a cikin shirin mahangar zamani,ce ta yarda zaka iya sauya rayuwar ka da kanka ta hanyar gane burinka da kuma kokari wajen cimma burin a yau zamu ji labarin rayuwar ta da yadda ta zama [[EN]]the one and only MC[[/EN]] Rahina duk da yadda ta taso kamar Koda yaushe sunana Madina dahiru Mai shanu a cikin shirin mahangar zamani,afriswitch-hausa-000098-a3e8bddd0e9c4a5e85cd4a75f1fb55b3--pstn-mulaw,a3e8bddd0e9c4a5e85cd4a75f1fb55b3,natural-afriswitch,2
audio/robustness/afriswitch-hausa-000098-a3e8bddd0e9c4a5e85cd4a75f1fb55b3--noise-10db.wav,fb51c6bdb291a79b421bcb708d39b4ed1de4709f6e268c438a4d6a8a1f60390c,9.09000015258789,noise-10db,29.0,Hausa-English,ce ta yarda zaka iya sauya rayuwar ka da kanka ta hanyar gane burinka da kuma kokari wajen cimma burin a yau zamu ji labarin rayuwar ta da yadda ta zama the one and only MC Rahina duk da yadda ta taso kamar Koda yaushe sunana Madina dahiru Mai shanu a cikin shirin mahangar zamani,ce ta yarda zaka iya sauya rayuwar ka da kanka ta hanyar gane burinka da kuma kokari wajen cimma burin a yau zamu ji labarin rayuwar ta da yadda ta zama [[EN]]the one and only MC[[/EN]] Rahina duk da yadda ta taso kamar Koda yaushe sunana Madina dahiru Mai shanu a cikin shirin mahangar zamani,afriswitch-hausa-000098-a3e8bddd0e9c4a5e85cd4a75f1fb55b3--noise-10db,a3e8bddd0e9c4a5e85cd4a75f1fb55b3,natural-afriswitch,2
audio/robustness/afriswitch-hausa-000098-a3e8bddd0e9c4a5e85cd4a75f1fb55b3--packet-loss-3pct.wav,5724f0beb74442389c79062030433ecb7159eafa0687a121d361f9962bd03eda,9.09000015258789,packet-loss-3pct,29.0,Hausa-English,ce ta yarda zaka iya sauya rayuwar ka da kanka ta hanyar gane burinka da kuma kokari wajen cimma burin a yau zamu ji labarin rayuwar ta da yadda ta zama the one and only MC Rahina duk da yadda ta taso kamar Koda yaushe sunana Madina dahiru Mai shanu a cikin shirin mahangar zamani,ce ta yarda zaka iya sauya rayuwar ka da kanka ta hanyar gane burinka da kuma kokari wajen cimma burin a yau zamu ji labarin rayuwar ta da yadda ta zama [[EN]]the one and only MC[[/EN]] Rahina duk da yadda ta taso kamar Koda yaushe sunana Madina dahiru Mai shanu a cikin shirin mahangar zamani,afriswitch-hausa-000098-a3e8bddd0e9c4a5e85cd4a75f1fb55b3--packet-loss-3pct,a3e8bddd0e9c4a5e85cd4a75f1fb55b3,natural-afriswitch,2
audio/robustness/afriswitch-hausa-000101-ec8b5f8f75664afbae776736bef3e3ae--pstn-mulaw.wav,b44ee22b4a906deda56ec8396328a4f2e549d824c42cd4209991971ee53fc83f,11.539999961853027,pstn-mulaw,29.0,Hausa-English,na je in karbo kartin Jami'ar dan na ci karin v requirement din da zan yi serving a for din cin da aka sa ni wanda ba diba ba mara gayi ya gan cancanta ta allah ya masa bahama ya kai suna amma gabaninnan yada na pada muna shiga harkar siyasa din abunda da mutani basu ganewa shi ne tambaye kai ka yan zu mai siyasa siyasa ita ta ke leading da Governance so duk mutum ne na garta ba bu wanda de ce baya da interest akan good Governance yada za asamu sha awaya na saman da global din de kio saman da,na je in karbo kartin Jami'ar dan na ci karin [[EN]]v requirement[[/EN]] din da zan yi [[EN]]serving a for[[/EN]] din cin da aka sa ni wanda ba diba ba mara gayi ya gan cancanta ta allah ya masa bahama ya kai suna amma gabaninnan yada na pada muna shiga harkar siyasa din abunda da mutani basu ganewa shi ne tambaye kai ka yan zu mai siyasa siyasa ita ta ke [[EN]]leading[[/EN]] da [[EN]]Governance so[[/EN]] duk mutum ne na garta ba bu wanda de ce baya da [[EN]]interest[[/EN]] akan [[EN]]good Governance[[/EN]] yada za asamu sha awaya na saman da [[EN]]global[[/EN]] din de kio saman da,afriswitch-hausa-000101-ec8b5f8f75664afbae776736bef3e3ae--pstn-mulaw,ec8b5f8f75664afbae776736bef3e3ae,natural-afriswitch,14
audio/robustness/afriswitch-hausa-000101-ec8b5f8f75664afbae776736bef3e3ae--noise-10db.wav,d4dc6f1d55394f702280325b2bf124370b3548453153ddd82de480a4b877d859,11.539999961853027,noise-10db,29.0,Hausa-English,na je in karbo kartin Jami'ar dan na ci karin v requirement din da zan yi serving a for din cin da aka sa ni wanda ba diba ba mara gayi ya gan cancanta ta allah ya masa bahama ya kai suna amma gabaninnan yada na pada muna shiga harkar siyasa din abunda da mutani basu ganewa shi ne tambaye kai ka yan zu mai siyasa siyasa ita ta ke leading da Governance so duk mutum ne na garta ba bu wanda de ce baya da interest akan good Governance yada za asamu sha awaya na saman da global din de kio saman da,na je in karbo kartin Jami'ar dan na ci karin [[EN]]v requirement[[/EN]] din da zan yi [[EN]]serving a for[[/EN]] din cin da aka sa ni wanda ba diba ba mara gayi ya gan cancanta ta allah ya masa bahama ya kai suna amma gabaninnan yada na pada muna shiga harkar siyasa din abunda da mutani basu ganewa shi ne tambaye kai ka yan zu mai siyasa siyasa ita ta ke [[EN]]leading[[/EN]] da [[EN]]Governance so[[/EN]] duk mutum ne na garta ba bu wanda de ce baya da [[EN]]interest[[/EN]] akan [[EN]]good Governance[[/EN]] yada za asamu sha awaya na saman da [[EN]]global[[/EN]] din de kio saman da,afriswitch-hausa-000101-ec8b5f8f75664afbae776736bef3e3ae--noise-10db,ec8b5f8f75664afbae776736bef3e3ae,natural-afriswitch,14
audio/robustness/afriswitch-hausa-000101-ec8b5f8f75664afbae776736bef3e3ae--packet-loss-3pct.wav,d24da2474488ae9c91d7cf2b4ed7c4106db76e8cb12ccee332353c36fbfacc39,11.539999961853027,packet-loss-3pct,29.0,Hausa-English,na je in karbo kartin Jami'ar dan na ci karin v requirement din da zan yi serving a for din cin da aka sa ni wanda ba diba ba mara gayi ya gan cancanta ta allah ya masa bahama ya kai suna amma gabaninnan yada na pada muna shiga harkar siyasa din abunda da mutani basu ganewa shi ne tambaye kai ka yan zu mai siyasa siyasa ita ta ke leading da Governance so duk mutum ne na garta ba bu wanda de ce baya da interest akan good Governance yada za asamu sha awaya na saman da global din de kio saman da,na je in karbo kartin Jami'ar dan na ci karin [[EN]]v requirement[[/EN]] din da zan yi [[EN]]serving a for[[/EN]] din cin da aka sa ni wanda ba diba ba mara gayi ya gan cancanta ta allah ya masa bahama ya kai suna amma gabaninnan yada na pada muna shiga harkar siyasa din abunda da mutani basu ganewa shi ne tambaye kai ka yan zu mai siyasa siyasa ita ta ke [[EN]]leading[[/EN]] da [[EN]]Governance so[[/EN]] duk mutum ne na garta ba bu wanda de ce baya da [[EN]]interest[[/EN]] akan [[EN]]good Governance[[/EN]] yada za asamu sha awaya na saman da [[EN]]global[[/EN]] din de kio saman da,afriswitch-hausa-000101-ec8b5f8f75664afbae776736bef3e3ae--packet-loss-3pct,ec8b5f8f75664afbae776736bef3e3ae,natural-afriswitch,14
audio/robustness/afriswitch-hausa-000105-4376971104334ebab9d6dbcae704b501--pstn-mulaw.wav,27e76ef9933ae9c65a1e4e5bb9be1caec2fd880db5aff673c11f0399fc8d0858,25.0,pstn-mulaw,29.0,Hausa-English,"to admission Dan dai na nan irin na musu karya kenan. Kina kano kenan kuma ba makaranta kikeyi ba. Ba kano ba Kaduna. Kaduna Eh KADPOLY, Kaduna State Polytechnic kenan, haka dai nazo na fara dai na gara ushering jobs lokacin ma 1500-2000 ake bamu se WhatsApp story an fara WhatsApp status lokacin se inje kasuwa inje inada waya lokacin android phone techno Ina zuwa in danyi pictures na","[[EN]]to admission[[/EN]] Dan dai na nan irin na musu karya kenan. Kina kano kenan kuma ba makaranta kikeyi ba. Ba kano ba Kaduna. Kaduna Eh [[EN]]KADPOLY, Kaduna State Polytechnic[[/EN]] kenan, haka dai nazo na fara dai na gara [[EN]]ushering jobs[[/EN]] lokacin ma 1500-2000 ake bamu se [[EN]]WhatsApp story[[/EN]] an fara [[EN]]WhatsApp status[[/EN]] lokacin se inje kasuwa inje inada waya lokacin [[EN]]android phone techno[[/EN]] Ina zuwa [[EN]]in[[/EN]] danyi [[EN]]pictures[[/EN]] na",afriswitch-hausa-000105-4376971104334ebab9d6dbcae704b501--pstn-mulaw,4376971104334ebab9d6dbcae704b501,natural-afriswitch,15
audio/robustness/afriswitch-hausa-000105-4376971104334ebab9d6dbcae704b501--noise-10db.wav,dd5d363c2bcf3193b5010e937454c1ec549d377111ff984178d9d576c34988ad,25.0,noise-10db,29.0,Hausa-English,"to admission Dan dai na nan irin na musu karya kenan. Kina kano kenan kuma ba makaranta kikeyi ba. Ba kano ba Kaduna. Kaduna Eh KADPOLY, Kaduna State Polytechnic kenan, haka dai nazo na fara dai na gara ushering jobs lokacin ma 1500-2000 ake bamu se WhatsApp story an fara WhatsApp status lokacin se inje kasuwa inje inada waya lokacin android phone techno Ina zuwa in danyi pictures na","[[EN]]to admission[[/EN]] Dan dai na nan irin na musu karya kenan. Kina kano kenan kuma ba makaranta kikeyi ba. Ba kano ba Kaduna. Kaduna Eh [[EN]]KADPOLY, Kaduna State Polytechnic[[/EN]] kenan, haka dai nazo na fara dai na gara [[EN]]ushering jobs[[/EN]] lokacin ma 1500-2000 ake bamu se [[EN]]WhatsApp story[[/EN]] an fara [[EN]]WhatsApp status[[/EN]] lokacin se inje kasuwa inje inada waya lokacin [[EN]]android phone techno[[/EN]] Ina zuwa [[EN]]in[[/EN]] danyi [[EN]]pictures[[/EN]] na",afriswitch-hausa-000105-4376971104334ebab9d6dbcae704b501--noise-10db,4376971104334ebab9d6dbcae704b501,natural-afriswitch,15
audio/robustness/afriswitch-hausa-000105-4376971104334ebab9d6dbcae704b501--packet-loss-3pct.wav,b3432238470bfab08fe3384dc1040f15e58ee88dbaa3762823c7c0b9bce9a9d0,25.0,packet-loss-3pct,29.0,Hausa-English,"to admission Dan dai na nan irin na musu karya kenan. Kina kano kenan kuma ba makaranta kikeyi ba. Ba kano ba Kaduna. Kaduna Eh KADPOLY, Kaduna State Polytechnic kenan, haka dai nazo na fara dai na gara ushering jobs lokacin ma 1500-2000 ake bamu se WhatsApp story an fara WhatsApp status lokacin se inje kasuwa inje inada waya lokacin android phone techno Ina zuwa in danyi pictures na","[[EN]]to admission[[/EN]] Dan dai na nan irin na musu karya kenan. Kina kano kenan kuma ba makaranta kikeyi ba. Ba kano ba Kaduna. Kaduna Eh [[EN]]KADPOLY, Kaduna State Polytechnic[[/EN]] kenan, haka dai nazo na fara dai na gara [[EN]]ushering jobs[[/EN]] lokacin ma 1500-2000 ake bamu se [[EN]]WhatsApp story[[/EN]] an fara [[EN]]WhatsApp status[[/EN]] lokacin se inje kasuwa inje inada waya lokacin [[EN]]android phone techno[[/EN]] Ina zuwa [[EN]]in[[/EN]] danyi [[EN]]pictures[[/EN]] na",afriswitch-hausa-000105-4376971104334ebab9d6dbcae704b501--packet-loss-3pct,4376971104334ebab9d6dbcae704b501,natural-afriswitch,15
audio/robustness/afriswitch-hausa-000122-eF7AcHwAvRU_chunk_0-13264_1--pstn-mulaw.wav,676d81fc3de4da85ca6e4c3a91153cae03dbe00e277ff675a3d64d5262f68192,13.510000228881836,pstn-mulaw,13.263999938964844,Hausa-English,To masu kalanmu yau a cikin shirin na akushi da rufi mun zo muku da wata kwararriya wadda za mu yi wasu abincika na'yan gayu tare da ita. Akwai parsley rice akwai burokoly chicken da kuma salad,To masu kalanmu yau a cikin shirin na akushi da rufi mun zo muku da wata kwararriya wadda za mu yi wasu abincika na'yan gayu tare da ita. Akwai [[EN]]parsley rice[[/EN]] akwai [[EN]]burokoly chicken[[/EN]] da kuma [[EN]]salad[[/EN]],afriswitch-hausa-000122-eF7AcHwAvRU_chunk_0-13264_1--pstn-mulaw,eF7AcHwAvRU_chunk,natural-afriswitch,5
audio/robustness/afriswitch-hausa-000122-eF7AcHwAvRU_chunk_0-13264_1--noise-10db.wav,3ed6d897319a48bac5f75444ad187eb53061d1ec0ebdb0a79e0c5a0a604d694c,13.510000228881836,noise-10db,13.263999938964844,Hausa-English,To masu kalanmu yau a cikin shirin na akushi da rufi mun zo muku da wata kwararriya wadda za mu yi wasu abincika na'yan gayu tare da ita. Akwai parsley rice akwai burokoly chicken da kuma salad,To masu kalanmu yau a cikin shirin na akushi da rufi mun zo muku da wata kwararriya wadda za mu yi wasu abincika na'yan gayu tare da ita. Akwai [[EN]]parsley rice[[/EN]] akwai [[EN]]burokoly chicken[[/EN]] da kuma [[EN]]salad[[/EN]],afriswitch-hausa-000122-eF7AcHwAvRU_chunk_0-13264_1--noise-10db,eF7AcHwAvRU_chunk,natural-afriswitch,5
audio/robustness/afriswitch-hausa-000122-eF7AcHwAvRU_chunk_0-13264_1--packet-loss-3pct.wav,6d8362c1c3d240dad56c4a1f873c51960801eccb2f6713b84776bb6aaefb39c4,13.510000228881836,packet-loss-3pct,13.263999938964844,Hausa-English,To masu kalanmu yau a cikin shirin na akushi da rufi mun zo muku da wata kwararriya wadda za mu yi wasu abincika na'yan gayu tare da ita. Akwai parsley rice akwai burokoly chicken da kuma salad,To masu kalanmu yau a cikin shirin na akushi da rufi mun zo muku da wata kwararriya wadda za mu yi wasu abincika na'yan gayu tare da ita. Akwai [[EN]]parsley rice[[/EN]] akwai [[EN]]burokoly chicken[[/EN]] da kuma [[EN]]salad[[/EN]],afriswitch-hausa-000122-eF7AcHwAvRU_chunk_0-13264_1--packet-loss-3pct,eF7AcHwAvRU_chunk,natural-afriswitch,5
audio/robustness/afriswitch-hausa-000132-4td4KDvU6Sg_chunk_552384-562400_49--pstn-mulaw.wav,198840b58204f26721e57eaa375b9089f703e012ca3fd53916888fa69be4a78d,5.409999847412109,pstn-mulaw,10.015999794006348,Hausa-English,Da sauran da yawa tunda kaman kina yin shi a matsayin broadcast ne ko zaki gani kina yin live haka kuma kina magana kowa ana jin muryarki da sauran. Meya ja hankalinki naki ya bambanta da sauran,Da sauran da yawa tunda kaman kina yin shi a matsayin [[EN]]broadcast[[/EN]] ne ko zaki gani kina yin [[EN]]live[[/EN]] haka kuma kina magana kowa ana jin muryarki da sauran. Meya ja hankalinki naki ya bambanta da sauran,afriswitch-hausa-000132-4td4KDvU6Sg_chunk_552384-562400_49--pstn-mulaw,4td4KDvU6Sg_chunk,natural-afriswitch,4
audio/robustness/afriswitch-hausa-000132-4td4KDvU6Sg_chunk_552384-562400_49--noise-10db.wav,46ecdd2015c6be9d7a64d6ba84d5c307f132f9687c4a085685524b0cda455c33,5.409999847412109,noise-10db,10.015999794006348,Hausa-English,Da sauran da yawa tunda kaman kina yin shi a matsayin broadcast ne ko zaki gani kina yin live haka kuma kina magana kowa ana jin muryarki da sauran. Meya ja hankalinki naki ya bambanta da sauran,Da sauran da yawa tunda kaman kina yin shi a matsayin [[EN]]broadcast[[/EN]] ne ko zaki gani kina yin [[EN]]live[[/EN]] haka kuma kina magana kowa ana jin muryarki da sauran. Meya ja hankalinki naki ya bambanta da sauran,afriswitch-hausa-000132-4td4KDvU6Sg_chunk_552384-562400_49--noise-10db,4td4KDvU6Sg_chunk,natural-afriswitch,4
audio/robustness/afriswitch-hausa-000132-4td4KDvU6Sg_chunk_552384-562400_49--packet-loss-3pct.wav,0b93b13381837f812ecc6d71c0c73c4ba30ba9a4c482c2acb5bcd6b599de2a87,5.409999847412109,packet-loss-3pct,10.015999794006348,Hausa-English,Da sauran da yawa tunda kaman kina yin shi a matsayin broadcast ne ko zaki gani kina yin live haka kuma kina magana kowa ana jin muryarki da sauran. Meya ja hankalinki naki ya bambanta da sauran,Da sauran da yawa tunda kaman kina yin shi a matsayin [[EN]]broadcast[[/EN]] ne ko zaki gani kina yin [[EN]]live[[/EN]] haka kuma kina magana kowa ana jin muryarki da sauran. Meya ja hankalinki naki ya bambanta da sauran,afriswitch-hausa-000132-4td4KDvU6Sg_chunk_552384-562400_49--packet-loss-3pct,4td4KDvU6Sg_chunk,natural-afriswitch,4
audio/robustness/afriswitch-hausa-000146-lxf6AHpYyOE_chunk_1664976-1673056_178--pstn-mulaw.wav,2fc4c33365a92f490c37765b8c68786274586abe08c3e3d48724a80c3c16fd75,9.520000457763672,pstn-mulaw,8.079999923706055,Hausa-English,different unguwoyi soboda kowane matasan unguwa ba ma muna so ya zama na kowa zai zama na izin ya iya zuwa,[[EN]]different[[/EN]] unguwoyi soboda kowane matasan unguwa ba ma muna [[EN]]so[[/EN]] ya zama na kowa zai zama na izin ya iya zuwa,afriswitch-hausa-000146-lxf6AHpYyOE_chunk_1664976-1673056_178--pstn-mulaw,lxf6AHpYyOE_chunk,natural-afriswitch,3
audio/robustness/afriswitch-hausa-000146-lxf6AHpYyOE_chunk_1664976-1673056_178--noise-10db.wav,bee50219ee2a6edb29dfcf813590ed2270dcb4012fa0594c95140eaae798d0ee,9.520000457763672,noise-10db,8.079999923706055,Hausa-English,different unguwoyi soboda kowane matasan unguwa ba ma muna so ya zama na kowa zai zama na izin ya iya zuwa,[[EN]]different[[/EN]] unguwoyi soboda kowane matasan unguwa ba ma muna [[EN]]so[[/EN]] ya zama na kowa zai zama na izin ya iya zuwa,afriswitch-hausa-000146-lxf6AHpYyOE_chunk_1664976-1673056_178--noise-10db,lxf6AHpYyOE_chunk,natural-afriswitch,3
audio/robustness/afriswitch-hausa-000146-lxf6AHpYyOE_chunk_1664976-1673056_178--packet-loss-3pct.wav,3e1ba9c36cc60d82f27c134de598327a7c9dd56e96b6f276eca64ab5419a85f8,9.520000457763672,packet-loss-3pct,8.079999923706055,Hausa-English,different unguwoyi soboda kowane matasan unguwa ba ma muna so ya zama na kowa zai zama na izin ya iya zuwa,[[EN]]different[[/EN]] unguwoyi soboda kowane matasan unguwa ba ma muna [[EN]]so[[/EN]] ya zama na kowa zai zama na izin ya iya zuwa,afriswitch-hausa-000146-lxf6AHpYyOE_chunk_1664976-1673056_178--packet-loss-3pct,lxf6AHpYyOE_chunk,natural-afriswitch,3
audio/robustness/afriswitch-hausa-000153-pwkQZGkiMDE_chunk_82672-92640_13--pstn-mulaw.wav,25f0d4c71c85b86df41f985e9b6e1e9059593b4050cdf277c565c95fa703e292,14.289999961853027,pstn-mulaw,9.968000411987305,Hausa-English,Baba yawa fa kakayi sunan roundabout da Hausa Shataletale Tabbas hakane Da wayar android,Baba yawa fa kakayi sunan [[EN]]roundabout[[/EN]] da Hausa Shataletale Tabbas hakane Da wayar [[EN]]android[[/EN]],afriswitch-hausa-000153-pwkQZGkiMDE_chunk_82672-92640_13--pstn-mulaw,pwkQZGkiMDE_chunk,natural-afriswitch,3
audio/robustness/afriswitch-hausa-000153-pwkQZGkiMDE_chunk_82672-92640_13--noise-10db.wav,a55b4b411a0f052ed96ecc1f974d1fab5f8e3279cb0962b75aab8fd1c794555d,14.289999961853027,noise-10db,9.968000411987305,Hausa-English,Baba yawa fa kakayi sunan roundabout da Hausa Shataletale Tabbas hakane Da wayar android,Baba yawa fa kakayi sunan [[EN]]roundabout[[/EN]] da Hausa Shataletale Tabbas hakane Da wayar [[EN]]android[[/EN]],afriswitch-hausa-000153-pwkQZGkiMDE_chunk_82672-92640_13--noise-10db,pwkQZGkiMDE_chunk,natural-afriswitch,3
audio/robustness/afriswitch-hausa-000153-pwkQZGkiMDE_chunk_82672-92640_13--packet-loss-3pct.wav,0d396ffcbae11f57f2602c26946702bcf41a4c56c70a7e015e2a85cbba32b2e0,14.289999961853027,packet-loss-3pct,9.968000411987305,Hausa-English,Baba yawa fa kakayi sunan roundabout da Hausa Shataletale Tabbas hakane Da wayar android,Baba yawa fa kakayi sunan [[EN]]roundabout[[/EN]] da Hausa Shataletale Tabbas hakane Da wayar [[EN]]android[[/EN]],afriswitch-hausa-000153-pwkQZGkiMDE_chunk_82672-92640_13--packet-loss-3pct,pwkQZGkiMDE_chunk,natural-afriswitch,3
audio/robustness/afriswitch-hausa-000156-cDSsWSG4R0Y_chunk_1317504-1328944_108--pstn-mulaw.wav,e893e9ef75af0091b44290363b1992ce463eca032920c8fdf698058659337797,6.670000076293945,pstn-mulaw,11.4399995803833,Hausa-English,"Ka je ka iya ta idan ma lokacin da kake koya kana ganin kai graduate ne amma an tabbatar da cewa kafin ka gama a baka certificate sai an tabbatar da cewa ka iya din, A ba ka zan ka iya idan ka hadu da.","Ka je ka iya ta idan ma lokacin da kake koya kana ganin kai [[EN]]graduate[[/EN]] ne amma an tabbatar da cewa kafin ka gama a baka [[EN]]certificate[[/EN]] sai an tabbatar da cewa ka iya din, [[EN]]A[[/EN]] ba ka zan ka iya idan ka hadu da.",afriswitch-hausa-000156-cDSsWSG4R0Y_chunk_1317504-1328944_108--pstn-mulaw,cDSsWSG4R0Y_chunk,natural-afriswitch,6
audio/robustness/afriswitch-hausa-000156-cDSsWSG4R0Y_chunk_1317504-1328944_108--noise-10db.wav,976003d543da4a4222798babfaaa725f2659426e694363fc486332b6941a0abf,6.670000076293945,noise-10db,11.4399995803833,Hausa-English,"Ka je ka iya ta idan ma lokacin da kake koya kana ganin kai graduate ne amma an tabbatar da cewa kafin ka gama a baka certificate sai an tabbatar da cewa ka iya din, A ba ka zan ka iya idan ka hadu da.","Ka je ka iya ta idan ma lokacin da kake koya kana ganin kai [[EN]]graduate[[/EN]] ne amma an tabbatar da cewa kafin ka gama a baka [[EN]]certificate[[/EN]] sai an tabbatar da cewa ka iya din, [[EN]]A[[/EN]] ba ka zan ka iya idan ka hadu da.",afriswitch-hausa-000156-cDSsWSG4R0Y_chunk_1317504-1328944_108--noise-10db,cDSsWSG4R0Y_chunk,natural-afriswitch,6
audio/robustness/afriswitch-hausa-000156-cDSsWSG4R0Y_chunk_1317504-1328944_108--packet-loss-3pct.wav,8369a39c47b740aad9f64dc9a986683586ef56790cae0a11d87531224f0e87e1,6.670000076293945,packet-loss-3pct,11.4399995803833,Hausa-English,"Ka je ka iya ta idan ma lokacin da kake koya kana ganin kai graduate ne amma an tabbatar da cewa kafin ka gama a baka certificate sai an tabbatar da cewa ka iya din, A ba ka zan ka iya idan ka hadu da.","Ka je ka iya ta idan ma lokacin da kake koya kana ganin kai [[EN]]graduate[[/EN]] ne amma an tabbatar da cewa kafin ka gama a baka [[EN]]certificate[[/EN]] sai an tabbatar da cewa ka iya din, [[EN]]A[[/EN]] ba ka zan ka iya idan ka hadu da.",afriswitch-hausa-000156-cDSsWSG4R0Y_chunk_1317504-1328944_108--packet-loss-3pct,cDSsWSG4R0Y_chunk,natural-afriswitch,6
audio/robustness/afriswitch-hausa-000173-Ensz9YEZtWE_chunk_876496-887456_86--pstn-mulaw.wav,f102a1dc5a43a7e13771f2b09ab553ef934923aa2a03e6071a92cba15433f01d,5.130000114440918,pstn-mulaw,10.960000038146973,Hausa-English,To bazai ko kin gaya mashi zai dauka ke ba kiyi ba ni me zanyi so gwargwado zaki isko gwamnati tana kokari saboda mu yanda muka nuna cewa mu muna iya yi in mun ka basu reference da kanmu,To bazai ko kin gaya mashi zai dauka ke ba kiyi ba ni me zanyi [[EN]]so[[/EN]] gwargwado zaki isko gwamnati tana kokari saboda mu yanda muka nuna cewa mu muna iya yi in mun ka basu [[EN]]reference[[/EN]] da kanmu,afriswitch-hausa-000173-Ensz9YEZtWE_chunk_876496-887456_86--pstn-mulaw,Ensz9YEZtWE_chunk,natural-afriswitch,4
audio/robustness/afriswitch-hausa-000173-Ensz9YEZtWE_chunk_876496-887456_86--noise-10db.wav,47bb0bd43f56caafe4023f85f49c14a7c82d33875a5927c9c9dfd56dd3d92116,5.130000114440918,noise-10db,10.960000038146973,Hausa-English,To bazai ko kin gaya mashi zai dauka ke ba kiyi ba ni me zanyi so gwargwado zaki isko gwamnati tana kokari saboda mu yanda muka nuna cewa mu muna iya yi in mun ka basu reference da kanmu,To bazai ko kin gaya mashi zai dauka ke ba kiyi ba ni me zanyi [[EN]]so[[/EN]] gwargwado zaki isko gwamnati tana kokari saboda mu yanda muka nuna cewa mu muna iya yi in mun ka basu [[EN]]reference[[/EN]] da kanmu,afriswitch-hausa-000173-Ensz9YEZtWE_chunk_876496-887456_86--noise-10db,Ensz9YEZtWE_chunk,natural-afriswitch,4
audio/robustness/afriswitch-hausa-000173-Ensz9YEZtWE_chunk_876496-887456_86--packet-loss-3pct.wav,41cdf1364689c90ef03079ac1c83d10915b03b33e3a96f166e613c5b1cee8326,5.130000114440918,packet-loss-3pct,10.960000038146973,Hausa-English,To bazai ko kin gaya mashi zai dauka ke ba kiyi ba ni me zanyi so gwargwado zaki isko gwamnati tana kokari saboda mu yanda muka nuna cewa mu muna iya yi in mun ka basu reference da kanmu,To bazai ko kin gaya mashi zai dauka ke ba kiyi ba ni me zanyi [[EN]]so[[/EN]] gwargwado zaki isko gwamnati tana kokari saboda mu yanda muka nuna cewa mu muna iya yi in mun ka basu [[EN]]reference[[/EN]] da kanmu,afriswitch-hausa-000173-Ensz9YEZtWE_chunk_876496-887456_86--packet-loss-3pct,Ensz9YEZtWE_chunk,natural-afriswitch,4
audio/robustness/afriswitch-hausa-000213-NdZaVO7s_0Q_chunk_654752-658544_67--pstn-mulaw.wav,a5cc1e4a340d61b6807689c7d6be7a4d5ee165ebd5d7a2b0e2e7cac8bed8ffd1,7.690000057220459,pstn-mulaw,3.7920000553131104,Hausa-English,Saboda to wannan practical din yafi amfani saboda ko an maka a takadda,Saboda to wannan [[EN]]practical[[/EN]] din yafi amfani saboda ko an maka a takadda,afriswitch-hausa-000213-NdZaVO7s_0Q_chunk_654752-658544_67--pstn-mulaw,NdZaVO7s_0Q,natural-afriswitch,2
audio/robustness/afriswitch-hausa-000213-NdZaVO7s_0Q_chunk_654752-658544_67--noise-10db.wav,f349657eb3618da77f1705e70c058ac7a12054d308aead7e593cf1f214b73746,7.690000057220459,noise-10db,3.7920000553131104,Hausa-English,Saboda to wannan practical din yafi amfani saboda ko an maka a takadda,Saboda to wannan [[EN]]practical[[/EN]] din yafi amfani saboda ko an maka a takadda,afriswitch-hausa-000213-NdZaVO7s_0Q_chunk_654752-658544_67--noise-10db,NdZaVO7s_0Q,natural-afriswitch,2
audio/robustness/afriswitch-hausa-000213-NdZaVO7s_0Q_chunk_654752-658544_67--packet-loss-3pct.wav,218053a472ea43d7eb1a9f58dde3d9e6850d159aa526a79fe052d26ea2966737,7.690000057220459,packet-loss-3pct,3.7920000553131104,Hausa-English,Saboda to wannan practical din yafi amfani saboda ko an maka a takadda,Saboda to wannan [[EN]]practical[[/EN]] din yafi amfani saboda ko an maka a takadda,afriswitch-hausa-000213-NdZaVO7s_0Q_chunk_654752-658544_67--packet-loss-3pct,NdZaVO7s_0Q,natural-afriswitch,2
audio/robustness/afriswitch-hausa-000225-aeb2d09887d54103a9adeb341bbcacc3--pstn-mulaw.wav,eb0cc5cefad07a46dd8fefd2c3d3e0984ebe96fe349af05055e28a0516cf002b,6.820000171661377,pstn-mulaw,29.0,Hausa-English,Irin a taro da karsashi eh abun Yana burgeni Kuma ita yawanci zaki ga ko taje tana magana ba karanta speech take ba da ka take yi so ni a lokacin da na zo na gano wannan baiwa da nake dashi nace to in na dauki wannan baiwar yanzu sai nazo Ina yin kamar yarda take presenting abun zai yi kyau har lokacin sai na roke ta lokacin Shima i was seventeenth an gayyaceta Abuja Tayi magana sai nace mata don Allah inaso ni inje inyi Magana a,Irin a taro da karsashi eh abun Yana burgeni Kuma ita yawanci zaki ga ko taje tana magana ba karanta [[EN]]speech[[/EN]] take ba da ka take yi so ni a lokacin da na zo na gano wannan baiwa da nake dashi nace [[EN]]to[[/EN]] in na dauki wannan baiwar yanzu sai nazo Ina yin kamar yarda take [[EN]]presenting[[/EN]] abun zai yi kyau har lokacin sai na roke ta lokacin Shima [[EN]]i was seventeenth[[/EN]] an gayyaceta Abuja Tayi magana sai nace mata don Allah inaso ni inje inyi Magana a,afriswitch-hausa-000225-aeb2d09887d54103a9adeb341bbcacc3--pstn-mulaw,aeb2d09887d54103a9adeb341bbcacc3,natural-afriswitch,8
audio/robustness/afriswitch-hausa-000225-aeb2d09887d54103a9adeb341bbcacc3--noise-10db.wav,b7a8e62546af880cbb2bd6f344d26762159ab7575fdd934adbd65e706db92aba,6.820000171661377,noise-10db,29.0,Hausa-English,Irin a taro da karsashi eh abun Yana burgeni Kuma ita yawanci zaki ga ko taje tana magana ba karanta speech take ba da ka take yi so ni a lokacin da na zo na gano wannan baiwa da nake dashi nace to in na dauki wannan baiwar yanzu sai nazo Ina yin kamar yarda take presenting abun zai yi kyau har lokacin sai na roke ta lokacin Shima i was seventeenth an gayyaceta Abuja Tayi magana sai nace mata don Allah inaso ni inje inyi Magana a,Irin a taro da karsashi eh abun Yana burgeni Kuma ita yawanci zaki ga ko taje tana magana ba karanta [[EN]]speech[[/EN]] take ba da ka take yi so ni a lokacin da na zo na gano wannan baiwa da nake dashi nace [[EN]]to[[/EN]] in na dauki wannan baiwar yanzu sai nazo Ina yin kamar yarda take [[EN]]presenting[[/EN]] abun zai yi kyau har lokacin sai na roke ta lokacin Shima [[EN]]i was seventeenth[[/EN]] an gayyaceta Abuja Tayi magana sai nace mata don Allah inaso ni inje inyi Magana a,afriswitch-hausa-000225-aeb2d09887d54103a9adeb341bbcacc3--noise-10db,aeb2d09887d54103a9adeb341bbcacc3,natural-afriswitch,8
audio/robustness/afriswitch-hausa-000225-aeb2d09887d54103a9adeb341bbcacc3--packet-loss-3pct.wav,7b75796c3d19fe08fbdfcc1af1ba0acc92f1839251e98143000e2c50868e5078,6.820000171661377,packet-loss-3pct,29.0,Hausa-English,Irin a taro da karsashi eh abun Yana burgeni Kuma ita yawanci zaki ga ko taje tana magana ba karanta speech take ba da ka take yi so ni a lokacin da na zo na gano wannan baiwa da nake dashi nace to in na dauki wannan baiwar yanzu sai nazo Ina yin kamar yarda take presenting abun zai yi kyau har lokacin sai na roke ta lokacin Shima i was seventeenth an gayyaceta Abuja Tayi magana sai nace mata don Allah inaso ni inje inyi Magana a,Irin a taro da karsashi eh abun Yana burgeni Kuma ita yawanci zaki ga ko taje tana magana ba karanta [[EN]]speech[[/EN]] take ba da ka take yi so ni a lokacin da na zo na gano wannan baiwa da nake dashi nace [[EN]]to[[/EN]] in na dauki wannan baiwar yanzu sai nazo Ina yin kamar yarda take [[EN]]presenting[[/EN]] abun zai yi kyau har lokacin sai na roke ta lokacin Shima [[EN]]i was seventeenth[[/EN]] an gayyaceta Abuja Tayi magana sai nace mata don Allah inaso ni inje inyi Magana a,afriswitch-hausa-000225-aeb2d09887d54103a9adeb341bbcacc3--packet-loss-3pct,aeb2d09887d54103a9adeb341bbcacc3,natural-afriswitch,8
audio/robustness/afriswitch-hausa-000244-FpJtRjD7mTc_chunk_1405600-1409760_151--pstn-mulaw.wav,70263c59e377e4c30281b184b91d4edb5aaf456252671f5c7e0fcd27e4856cea,14.289999961853027,pstn-mulaw,4.159999847412109,Hausa-English,Idan mutum yana da issue na lafiya zai iya tafiya ya qara zama victim,Idan mutum yana da [[EN]]issue[[/EN]] na lafiya zai iya tafiya ya qara zama [[EN]]victim[[/EN]],afriswitch-hausa-000244-FpJtRjD7mTc_chunk_1405600-1409760_151--pstn-mulaw,FpJtRjD7mTc_chunk,natural-afriswitch,3
audio/robustness/afriswitch-hausa-000244-FpJtRjD7mTc_chunk_1405600-1409760_151--noise-10db.wav,097d7362c1c19636b42c5a97360424344ccd94455fddc9745aa91fb6fc7451b5,14.289999961853027,noise-10db,4.159999847412109,Hausa-English,Idan mutum yana da issue na lafiya zai iya tafiya ya qara zama victim,Idan mutum yana da [[EN]]issue[[/EN]] na lafiya zai iya tafiya ya qara zama [[EN]]victim[[/EN]],afriswitch-hausa-000244-FpJtRjD7mTc_chunk_1405600-1409760_151--noise-10db,FpJtRjD7mTc_chunk,natural-afriswitch,3
audio/robustness/afriswitch-hausa-000244-FpJtRjD7mTc_chunk_1405600-1409760_151--packet-loss-3pct.wav,c96329a69cd2a4ea380f6bb317a719cdc6f050dcab8a8859db792e52c344d733,14.289999961853027,packet-loss-3pct,4.159999847412109,Hausa-English,Idan mutum yana da issue na lafiya zai iya tafiya ya qara zama victim,Idan mutum yana da [[EN]]issue[[/EN]] na lafiya zai iya tafiya ya qara zama [[EN]]victim[[/EN]],afriswitch-hausa-000244-FpJtRjD7mTc_chunk_1405600-1409760_151--packet-loss-3pct,FpJtRjD7mTc_chunk,natural-afriswitch,3
audio/robustness/afriswitch-hausa-000255-Fugp7beACgs_chunk_1246848-1258592_125--pstn-mulaw.wav,d4ae3e0e257dbd6c38032e63664933ad9215adb36725b4bddcce210852f6b83b,20.0,pstn-mulaw,11.744000434875488,Hausa-English,"Na wani last of you, ba kika ji kaman kai anya kuwa ba laifi na ba ne ko ba matsalata bane ko kuma meh nayi haka, are you telling me ke kwata-kwata baki taba wadannan.","Na wani [[EN]]last of you,[[/EN]] ba kika ji kaman kai anya kuwa ba laifi na ba ne ko ba matsalata bane ko kuma meh nayi haka, [[EN]]are you telling me[[/EN]] ke kwata-kwata baki taba wadannan.",afriswitch-hausa-000255-Fugp7beACgs_chunk_1246848-1258592_125--pstn-mulaw,Fugp7beACgs_chunk,natural-afriswitch,4
audio/robustness/afriswitch-hausa-000255-Fugp7beACgs_chunk_1246848-1258592_125--noise-10db.wav,497ddfe8376147b6f252069b5e38e732a7b401a50e60cda515a075ee702c59e2,20.0,noise-10db,11.744000434875488,Hausa-English,"Na wani last of you, ba kika ji kaman kai anya kuwa ba laifi na ba ne ko ba matsalata bane ko kuma meh nayi haka, are you telling me ke kwata-kwata baki taba wadannan.","Na wani [[EN]]last of you,[[/EN]] ba kika ji kaman kai anya kuwa ba laifi na ba ne ko ba matsalata bane ko kuma meh nayi haka, [[EN]]are you telling me[[/EN]] ke kwata-kwata baki taba wadannan.",afriswitch-hausa-000255-Fugp7beACgs_chunk_1246848-1258592_125--noise-10db,Fugp7beACgs_chunk,natural-afriswitch,4
audio/robustness/afriswitch-hausa-000255-Fugp7beACgs_chunk_1246848-1258592_125--packet-loss-3pct.wav,f10bb5aa7cccdf79e037b7dfda03c254b2897ea719be61409d0a4877d786322c,20.0,packet-loss-3pct,11.744000434875488,Hausa-English,"Na wani last of you, ba kika ji kaman kai anya kuwa ba laifi na ba ne ko ba matsalata bane ko kuma meh nayi haka, are you telling me ke kwata-kwata baki taba wadannan.","Na wani [[EN]]last of you,[[/EN]] ba kika ji kaman kai anya kuwa ba laifi na ba ne ko ba matsalata bane ko kuma meh nayi haka, [[EN]]are you telling me[[/EN]] ke kwata-kwata baki taba wadannan.",afriswitch-hausa-000255-Fugp7beACgs_chunk_1246848-1258592_125--packet-loss-3pct,Fugp7beACgs_chunk,natural-afriswitch,4
audio/robustness/afriswitch-hausa-000269-ebd70455ad694ccd9b5614ff9e359dd8--pstn-mulaw.wav,74cf444d9f163f17a49d4bcf055630978b8dbe6eb240d6cd3a85e6208e749e76,5.059999942779541,pstn-mulaw,29.0,Hausa-English,Wata zata iya zuwa cikin iyaye mata tace mun Rahina fa munji abinda kike wa 'yan uwanki Allah ya saka miki da alkhairi anguwan da muke ma yanzu anguwan da muke a kaduna duk brothers dina su suke leading a masallacin da yake anguwan mu yes a'a Ashe kannanki ne Ashe yayyenki ne ne a'a MC allah shi miki albarka duk kullum ana samun albarka ni bansan daga Ina suka ji labarin abinda nake yi ba Amma na dai,Wata zata iya zuwa cikin iyaye mata tace mun Rahina fa munji abinda kike wa 'yan uwanki Allah ya saka miki da alkhairi anguwan da muke ma yanzu anguwan da muke a kaduna duk [[EN]]brothers[[/EN]] dina su suke [[EN]]leading[[/EN]] a masallacin da yake anguwan mu [[EN]]yes[[/EN]] a'a Ashe kannanki ne Ashe yayyenki ne ne a'a [[EN]]MC[[/EN]] allah shi miki albarka duk kullum ana samun albarka ni bansan daga Ina suka ji labarin abinda nake yi ba Amma na dai,afriswitch-hausa-000269-ebd70455ad694ccd9b5614ff9e359dd8--pstn-mulaw,ebd70455ad694ccd9b5614ff9e359dd8,natural-afriswitch,8
audio/robustness/afriswitch-hausa-000269-ebd70455ad694ccd9b5614ff9e359dd8--noise-10db.wav,2843a56dbc3bf9c679067937481e94451b656a8483d07ba2b3dfe2e3ae73cde9,5.059999942779541,noise-10db,29.0,Hausa-English,Wata zata iya zuwa cikin iyaye mata tace mun Rahina fa munji abinda kike wa 'yan uwanki Allah ya saka miki da alkhairi anguwan da muke ma yanzu anguwan da muke a kaduna duk brothers dina su suke leading a masallacin da yake anguwan mu yes a'a Ashe kannanki ne Ashe yayyenki ne ne a'a MC allah shi miki albarka duk kullum ana samun albarka ni bansan daga Ina suka ji labarin abinda nake yi ba Amma na dai,Wata zata iya zuwa cikin iyaye mata tace mun Rahina fa munji abinda kike wa 'yan uwanki Allah ya saka miki da alkhairi anguwan da muke ma yanzu anguwan da muke a kaduna duk [[EN]]brothers[[/EN]] dina su suke [[EN]]leading[[/EN]] a masallacin da yake anguwan mu [[EN]]yes[[/EN]] a'a Ashe kannanki ne Ashe yayyenki ne ne a'a [[EN]]MC[[/EN]] allah shi miki albarka duk kullum ana samun albarka ni bansan daga Ina suka ji labarin abinda nake yi ba Amma na dai,afriswitch-hausa-000269-ebd70455ad694ccd9b5614ff9e359dd8--noise-10db,ebd70455ad694ccd9b5614ff9e359dd8,natural-afriswitch,8
audio/robustness/afriswitch-hausa-000269-ebd70455ad694ccd9b5614ff9e359dd8--packet-loss-3pct.wav,e3c735bd1dd02f6c7b25981dd3a1627b86e6bc7bc0c735f3f9401b2021d1fc4d,5.059999942779541,packet-loss-3pct,29.0,Hausa-English,Wata zata iya zuwa cikin iyaye mata tace mun Rahina fa munji abinda kike wa 'yan uwanki Allah ya saka miki da alkhairi anguwan da muke ma yanzu anguwan da muke a kaduna duk brothers dina su suke leading a masallacin da yake anguwan mu yes a'a Ashe kannanki ne Ashe yayyenki ne ne a'a MC allah shi miki albarka duk kullum ana samun albarka ni bansan daga Ina suka ji labarin abinda nake yi ba Amma na dai,Wata zata iya zuwa cikin iyaye mata tace mun Rahina fa munji abinda kike wa 'yan uwanki Allah ya saka miki da alkhairi anguwan da muke ma yanzu anguwan da muke a kaduna duk [[EN]]brothers[[/EN]] dina su suke [[EN]]leading[[/EN]] a masallacin da yake anguwan mu [[EN]]yes[[/EN]] a'a Ashe kannanki ne Ashe yayyenki ne ne a'a [[EN]]MC[[/EN]] allah shi miki albarka duk kullum ana samun albarka ni bansan daga Ina suka ji labarin abinda nake yi ba Amma na dai,afriswitch-hausa-000269-ebd70455ad694ccd9b5614ff9e359dd8--packet-loss-3pct,ebd70455ad694ccd9b5614ff9e359dd8,natural-afriswitch,8
audio/robustness/afriswitch-hausa-000276-zwW5YY4gMpI_chunk_1301024-1310528_129--pstn-mulaw.wav,9206d61ecad633899b464ec244047238dd5c12a55ac9ab56e56da0c39ab02010,13.039999961853027,pstn-mulaw,9.503999710083008,Hausa-English,Cibiyar ta kunshi jami'an 'yansanda da na civil defense da sauran jami'an tsaro Hamisu Muhammad Gumel shine sakataren yada labaran gwamnan jahar jigawa,Cibiyar ta kunshi jami'an 'yansanda da na [[EN]]civil defense[[/EN]] da sauran jami'an tsaro Hamisu Muhammad Gumel [[EN]]shine[[/EN]] sakataren yada labaran gwamnan jahar jigawa,afriswitch-hausa-000276-zwW5YY4gMpI_chunk_1301024-1310528_129--pstn-mulaw,zwW5YY4gMpI_chunk,natural-afriswitch,4
audio/robustness/afriswitch-hausa-000276-zwW5YY4gMpI_chunk_1301024-1310528_129--noise-10db.wav,37f7e0d8786691b5b8dcea14816064795ff16b55a457f9654323fb9847ec658e,13.039999961853027,noise-10db,9.503999710083008,Hausa-English,Cibiyar ta kunshi jami'an 'yansanda da na civil defense da sauran jami'an tsaro Hamisu Muhammad Gumel shine sakataren yada labaran gwamnan jahar jigawa,Cibiyar ta kunshi jami'an 'yansanda da na [[EN]]civil defense[[/EN]] da sauran jami'an tsaro Hamisu Muhammad Gumel [[EN]]shine[[/EN]] sakataren yada labaran gwamnan jahar jigawa,afriswitch-hausa-000276-zwW5YY4gMpI_chunk_1301024-1310528_129--noise-10db,zwW5YY4gMpI_chunk,natural-afriswitch,4
audio/robustness/afriswitch-hausa-000276-zwW5YY4gMpI_chunk_1301024-1310528_129--packet-loss-3pct.wav,526f3767c15129e2f372f42aba14b715e8a310d68faef9ae55b3e0e6ae8ead0e,13.039999961853027,packet-loss-3pct,9.503999710083008,Hausa-English,Cibiyar ta kunshi jami'an 'yansanda da na civil defense da sauran jami'an tsaro Hamisu Muhammad Gumel shine sakataren yada labaran gwamnan jahar jigawa,Cibiyar ta kunshi jami'an 'yansanda da na [[EN]]civil defense[[/EN]] da sauran jami'an tsaro Hamisu Muhammad Gumel [[EN]]shine[[/EN]] sakataren yada labaran gwamnan jahar jigawa,afriswitch-hausa-000276-zwW5YY4gMpI_chunk_1301024-1310528_129--packet-loss-3pct,zwW5YY4gMpI_chunk,natural-afriswitch,4
audio/robustness/afriswitch-hausa-000282-648c9cc41ccf4f48b5a398cdf388459c--pstn-mulaw.wav,78db1fabd9286c6edb452f215551360de367d03655aa3efdb48595cc76ac03b2,24.6200008392334,pstn-mulaw,29.0,Hausa-English,"Kuma they're very limited like basu da yawa karancinmu mu saboda haka inaso in bada like karfin gwuiwa ta wannan bangaren kuma wannan institution din initiatives din da muka fara yanzu anyi shortlisting dinshi out of 5500 globally ma UNSDG Awards da zai faru a Rome, so zamu tafi Rome 29 ga watan October kuma zan bude taron shima. Insha Allahu irin abubukayen da nakeso in ci","Kuma [[EN]]they're very limited like[[/EN]] basu da yawa karancinmu mu saboda haka inaso in bada [[EN]]like[[/EN]] karfin gwuiwa ta wannan bangaren kuma wannan [[EN]]institution[[/EN]] din [[EN]]initiatives[[/EN]] din da muka fara yanzu anyi [[EN]]shortlisting[[/EN]] dinshi [[EN]]out of[[/EN]] 5500 [[EN]]globally[[/EN]] ma [[EN]]UNSDG Awards[[/EN]] da zai faru a [[EN]]Rome,[[/EN]] so zamu tafi [[EN]]Rome[[/EN]] 29 ga watan [[EN]]October[[/EN]] kuma zan bude taron shima. Insha Allahu irin abubukayen da nakeso in ci",afriswitch-hausa-000282-648c9cc41ccf4f48b5a398cdf388459c--pstn-mulaw,648c9cc41ccf4f48b5a398cdf388459c,natural-afriswitch,20
audio/robustness/afriswitch-hausa-000282-648c9cc41ccf4f48b5a398cdf388459c--noise-10db.wav,9d0ff63bbd19bc6e388aa780a7c2fa3d30215ee08895b1105c9ecc7eacc787c8,24.6200008392334,noise-10db,29.0,Hausa-English,"Kuma they're very limited like basu da yawa karancinmu mu saboda haka inaso in bada like karfin gwuiwa ta wannan bangaren kuma wannan institution din initiatives din da muka fara yanzu anyi shortlisting dinshi out of 5500 globally ma UNSDG Awards da zai faru a Rome, so zamu tafi Rome 29 ga watan October kuma zan bude taron shima. Insha Allahu irin abubukayen da nakeso in ci","Kuma [[EN]]they're very limited like[[/EN]] basu da yawa karancinmu mu saboda haka inaso in bada [[EN]]like[[/EN]] karfin gwuiwa ta wannan bangaren kuma wannan [[EN]]institution[[/EN]] din [[EN]]initiatives[[/EN]] din da muka fara yanzu anyi [[EN]]shortlisting[[/EN]] dinshi [[EN]]out of[[/EN]] 5500 [[EN]]globally[[/EN]] ma [[EN]]UNSDG Awards[[/EN]] da zai faru a [[EN]]Rome,[[/EN]] so zamu tafi [[EN]]Rome[[/EN]] 29 ga watan [[EN]]October[[/EN]] kuma zan bude taron shima. Insha Allahu irin abubukayen da nakeso in ci",afriswitch-hausa-000282-648c9cc41ccf4f48b5a398cdf388459c--noise-10db,648c9cc41ccf4f48b5a398cdf388459c,natural-afriswitch,20
audio/robustness/afriswitch-hausa-000282-648c9cc41ccf4f48b5a398cdf388459c--packet-loss-3pct.wav,1e0bc00229961ef8bccfd0d3f7d166ae9588af84c7fd4aa5976045e085c9b9a7,24.6200008392334,packet-loss-3pct,29.0,Hausa-English,"Kuma they're very limited like basu da yawa karancinmu mu saboda haka inaso in bada like karfin gwuiwa ta wannan bangaren kuma wannan institution din initiatives din da muka fara yanzu anyi shortlisting dinshi out of 5500 globally ma UNSDG Awards da zai faru a Rome, so zamu tafi Rome 29 ga watan October kuma zan bude taron shima. Insha Allahu irin abubukayen da nakeso in ci","Kuma [[EN]]they're very limited like[[/EN]] basu da yawa karancinmu mu saboda haka inaso in bada [[EN]]like[[/EN]] karfin gwuiwa ta wannan bangaren kuma wannan [[EN]]institution[[/EN]] din [[EN]]initiatives[[/EN]] din da muka fara yanzu anyi [[EN]]shortlisting[[/EN]] dinshi [[EN]]out of[[/EN]] 5500 [[EN]]globally[[/EN]] ma [[EN]]UNSDG Awards[[/EN]] da zai faru a [[EN]]Rome,[[/EN]] so zamu tafi [[EN]]Rome[[/EN]] 29 ga watan [[EN]]October[[/EN]] kuma zan bude taron shima. Insha Allahu irin abubukayen da nakeso in ci",afriswitch-hausa-000282-648c9cc41ccf4f48b5a398cdf388459c--packet-loss-3pct,648c9cc41ccf4f48b5a398cdf388459c,natural-afriswitch,20
audio/robustness/afriswitch-hausa-000285-TwGY2-M81zE_chunk_1833088-1840032_183--pstn-mulaw.wav,c77d0bb811b99d301a9e526017af61aa471e41ef88688e49a5a190edeae1efb8,10.0,pstn-mulaw,6.943999767303467,Hausa-English,Watakila yaji kaman ana cewa yafi kaza idan Kasai guda 5 ko bonanza ko an karya farashi ko makamancinsu so wannan,Watakila yaji kaman ana cewa yafi kaza idan Kasai guda 5 ko [[EN]]bonanza[[/EN]] ko an karya farashi ko makamancinsu [[EN]]so[[/EN]] wannan,afriswitch-hausa-000285-TwGY2-M81zE_chunk_1833088-1840032_183--pstn-mulaw,TwGY2_M81zE,natural-afriswitch,4
audio/robustness/afriswitch-hausa-000285-TwGY2-M81zE_chunk_1833088-1840032_183--noise-10db.wav,dca8dec45007baf2bc31ea32142316c29af54a4cea4416fd7d7ea599308d81ad,10.0,noise-10db,6.943999767303467,Hausa-English,Watakila yaji kaman ana cewa yafi kaza idan Kasai guda 5 ko bonanza ko an karya farashi ko makamancinsu so wannan,Watakila yaji kaman ana cewa yafi kaza idan Kasai guda 5 ko [[EN]]bonanza[[/EN]] ko an karya farashi ko makamancinsu [[EN]]so[[/EN]] wannan,afriswitch-hausa-000285-TwGY2-M81zE_chunk_1833088-1840032_183--noise-10db,TwGY2_M81zE,natural-afriswitch,4
audio/robustness/afriswitch-hausa-000285-TwGY2-M81zE_chunk_1833088-1840032_183--packet-loss-3pct.wav,28f2e675820a42d9491dda45179c1d9a76a366e48dab87695d2d18ced66fa977,10.0,packet-loss-3pct,6.943999767303467,Hausa-English,Watakila yaji kaman ana cewa yafi kaza idan Kasai guda 5 ko bonanza ko an karya farashi ko makamancinsu so wannan,Watakila yaji kaman ana cewa yafi kaza idan Kasai guda 5 ko [[EN]]bonanza[[/EN]] ko an karya farashi ko makamancinsu [[EN]]so[[/EN]] wannan,afriswitch-hausa-000285-TwGY2-M81zE_chunk_1833088-1840032_183--packet-loss-3pct,TwGY2_M81zE,natural-afriswitch,4
audio/robustness/afriswitch-hausa-000297-zudK92UdkSc_chunk_420272-434704_33--pstn-mulaw.wav,b4218c9b61813d7609a60fbb33bef848cb4e7f47eb02717962ceab760467c824,4.760000228881836,pstn-mulaw,14.432000160217285,Hausa-English,Kuma a cikin daliban wa ya fi bugatar taimako na farko wata yanayin da ya kamata a fara barin innansa wannan tambaya ta farko shine yanayin da ya kamata a taimaka wa dalibi na farko sai an yi building psychology dinsa tunaninsa,Kuma a cikin daliban wa ya fi bugatar taimako na farko wata yanayin da ya kamata a fara barin innansa wannan tambaya ta farko shine yanayin da ya kamata a taimaka wa dalibi na farko sai an yi [[EN]]building psychology[[/EN]] dinsa tunaninsa,afriswitch-hausa-000297-zudK92UdkSc_chunk_420272-434704_33--pstn-mulaw,zudK92UdkSc_chunk,natural-afriswitch,2
audio/robustness/afriswitch-hausa-000297-zudK92UdkSc_chunk_420272-434704_33--noise-10db.wav,9d96e0fa7a1a410b7f9155d06d7256106e3501d6e4ab836644b5f8e6adfac0c7,4.760000228881836,noise-10db,14.432000160217285,Hausa-English,Kuma a cikin daliban wa ya fi bugatar taimako na farko wata yanayin da ya kamata a fara barin innansa wannan tambaya ta farko shine yanayin da ya kamata a taimaka wa dalibi na farko sai an yi building psychology dinsa tunaninsa,Kuma a cikin daliban wa ya fi bugatar taimako na farko wata yanayin da ya kamata a fara barin innansa wannan tambaya ta farko shine yanayin da ya kamata a taimaka wa dalibi na farko sai an yi [[EN]]building psychology[[/EN]] dinsa tunaninsa,afriswitch-hausa-000297-zudK92UdkSc_chunk_420272-434704_33--noise-10db,zudK92UdkSc_chunk,natural-afriswitch,2
audio/robustness/afriswitch-hausa-000297-zudK92UdkSc_chunk_420272-434704_33--packet-loss-3pct.wav,8753e05191b09d5ce2199f7118ed0aa39327f12e578c081dbc4a7750c4402a09,4.760000228881836,packet-loss-3pct,14.432000160217285,Hausa-English,Kuma a cikin daliban wa ya fi bugatar taimako na farko wata yanayin da ya kamata a fara barin innansa wannan tambaya ta farko shine yanayin da ya kamata a taimaka wa dalibi na farko sai an yi building psychology dinsa tunaninsa,Kuma a cikin daliban wa ya fi bugatar taimako na farko wata yanayin da ya kamata a fara barin innansa wannan tambaya ta farko shine yanayin da ya kamata a taimaka wa dalibi na farko sai an yi [[EN]]building psychology[[/EN]] dinsa tunaninsa,afriswitch-hausa-000297-zudK92UdkSc_chunk_420272-434704_33--packet-loss-3pct,zudK92UdkSc_chunk,natural-afriswitch,2
audio/robustness/afriswitch-hausa-000312-4e77f54a51514381908d219fce2bc308--pstn-mulaw.wav,a8b7c00869f2ea08170ce2b5921958f80d48f4152be4bc106ad7918f6231984b,13.5600004196167,pstn-mulaw,29.0,Hausa-English,So nasan cewa da kika fara wannan harkar ta MC a bukukuwa da event dole kinje kin taradda wasu suna yi to akwai wani ko wata da suka taimaka Miki wajen shiga harkar wato dumu duma gaskiya na danyi contacting few MC's dai lokacin Dana fara inason in shiga industry din sosai Basu bani attention da nake bukata lokacin,[[EN]]So[[/EN]] nasan cewa da kika fara wannan harkar ta [[EN]]MC[[/EN]] a bukukuwa da [[EN]]event[[/EN]] dole kinje kin taradda wasu suna yi to akwai wani ko wata da suka taimaka Miki wajen shiga harkar wato dumu duma gaskiya na danyi [[EN]]contacting few MC's[[/EN]] dai lokacin Dana fara inason in shiga [[EN]]industry[[/EN]] din sosai Basu bani [[EN]]attention[[/EN]] da nake bukata lokacin,afriswitch-hausa-000312-4e77f54a51514381908d219fce2bc308--pstn-mulaw,4e77f54a51514381908d219fce2bc308,natural-afriswitch,11
audio/robustness/afriswitch-hausa-000312-4e77f54a51514381908d219fce2bc308--noise-10db.wav,e3baa1fd90ff766bee092cd35bbd008e703361b4a3c5c7b29f48386275ea6278,13.5600004196167,noise-10db,29.0,Hausa-English,So nasan cewa da kika fara wannan harkar ta MC a bukukuwa da event dole kinje kin taradda wasu suna yi to akwai wani ko wata da suka taimaka Miki wajen shiga harkar wato dumu duma gaskiya na danyi contacting few MC's dai lokacin Dana fara inason in shiga industry din sosai Basu bani attention da nake bukata lokacin,[[EN]]So[[/EN]] nasan cewa da kika fara wannan harkar ta [[EN]]MC[[/EN]] a bukukuwa da [[EN]]event[[/EN]] dole kinje kin taradda wasu suna yi to akwai wani ko wata da suka taimaka Miki wajen shiga harkar wato dumu duma gaskiya na danyi [[EN]]contacting few MC's[[/EN]] dai lokacin Dana fara inason in shiga [[EN]]industry[[/EN]] din sosai Basu bani [[EN]]attention[[/EN]] da nake bukata lokacin,afriswitch-hausa-000312-4e77f54a51514381908d219fce2bc308--noise-10db,4e77f54a51514381908d219fce2bc308,natural-afriswitch,11
audio/robustness/afriswitch-hausa-000312-4e77f54a51514381908d219fce2bc308--packet-loss-3pct.wav,fddad6158696641983a13f39c2615e26139977c0072930d678c586ce3f44fa89,13.5600004196167,packet-loss-3pct,29.0,Hausa-English,So nasan cewa da kika fara wannan harkar ta MC a bukukuwa da event dole kinje kin taradda wasu suna yi to akwai wani ko wata da suka taimaka Miki wajen shiga harkar wato dumu duma gaskiya na danyi contacting few MC's dai lokacin Dana fara inason in shiga industry din sosai Basu bani attention da nake bukata lokacin,[[EN]]So[[/EN]] nasan cewa da kika fara wannan harkar ta [[EN]]MC[[/EN]] a bukukuwa da [[EN]]event[[/EN]] dole kinje kin taradda wasu suna yi to akwai wani ko wata da suka taimaka Miki wajen shiga harkar wato dumu duma gaskiya na danyi [[EN]]contacting few MC's[[/EN]] dai lokacin Dana fara inason in shiga [[EN]]industry[[/EN]] din sosai Basu bani [[EN]]attention[[/EN]] da nake bukata lokacin,afriswitch-hausa-000312-4e77f54a51514381908d219fce2bc308--packet-loss-3pct,4e77f54a51514381908d219fce2bc308,natural-afriswitch,11
audio/robustness/afriswitch-hausa-000316-kXCY5Ad3MZo_chunk_147428-164960_22--pstn-mulaw.wav,7eb753ae783840d1af032faa037cdfcc48f5e364db29c6caa4234ca8340366ad,24.139999389648438,pstn-mulaw,17.531999588012695,Hausa-English,"Despite that am not regretting,am not regretting saboda na san yana cikin kaddarata ne kuma na tabbata Allah ba zai taba jirabceni da abin da ba zan iya ba","[[EN]]Despite that am not regretting,am not regretting[[/EN]] saboda na san yana cikin kaddarata ne kuma na tabbata Allah ba zai taba jirabceni da abin da ba zan iya ba",afriswitch-hausa-000316-kXCY5Ad3MZo_chunk_147428-164960_22--pstn-mulaw,kXCY5Ad3MZo_chunk,natural-afriswitch,1
audio/robustness/afriswitch-hausa-000316-kXCY5Ad3MZo_chunk_147428-164960_22--noise-10db.wav,6be237626491b413eab6698715a616caa3a6c9300d22e077adc82c7c0e7d3a05,24.139999389648438,noise-10db,17.531999588012695,Hausa-English,"Despite that am not regretting,am not regretting saboda na san yana cikin kaddarata ne kuma na tabbata Allah ba zai taba jirabceni da abin da ba zan iya ba","[[EN]]Despite that am not regretting,am not regretting[[/EN]] saboda na san yana cikin kaddarata ne kuma na tabbata Allah ba zai taba jirabceni da abin da ba zan iya ba",afriswitch-hausa-000316-kXCY5Ad3MZo_chunk_147428-164960_22--noise-10db,kXCY5Ad3MZo_chunk,natural-afriswitch,1
audio/robustness/afriswitch-hausa-000316-kXCY5Ad3MZo_chunk_147428-164960_22--packet-loss-3pct.wav,490358484d6eba9521b3fa895e26b6b54278dcc3fcbcb5612955b86de15dbe12,24.139999389648438,packet-loss-3pct,17.531999588012695,Hausa-English,"Despite that am not regretting,am not regretting saboda na san yana cikin kaddarata ne kuma na tabbata Allah ba zai taba jirabceni da abin da ba zan iya ba","[[EN]]Despite that am not regretting,am not regretting[[/EN]] saboda na san yana cikin kaddarata ne kuma na tabbata Allah ba zai taba jirabceni da abin da ba zan iya ba",afriswitch-hausa-000316-kXCY5Ad3MZo_chunk_147428-164960_22--packet-loss-3pct,kXCY5Ad3MZo_chunk,natural-afriswitch,1
audio/robustness/afriswitch-hausa-000319-PHzYdKMfxOY_chunk_0-14048_1--pstn-mulaw.wav,5e4211b1e9a8010f6b9524936efedc75d034709a96912594b9d558fc94367c81,14.289999961853027,pstn-mulaw,14.04800033569336,Hausa-English,"Babana ne ya hanani zuwa makaranta. Me yasa? Yace wai aure zaiyi mun. KO shakka babu! KO shakka babu!! (Kida), kaga wannan. You are under arrest. Kai. Lafiya?","Babana ne ya hanani zuwa makaranta. Me yasa? Yace wai aure zaiyi mun. KO shakka babu! KO shakka babu!! (Kida), kaga wannan. [[EN]]You are under arrest.[[/EN]] Kai. Lafiya?",afriswitch-hausa-000319-PHzYdKMfxOY_chunk_0-14048_1--pstn-mulaw,PHzYdKMfxOY_chunk,natural-afriswitch,2
audio/robustness/afriswitch-hausa-000319-PHzYdKMfxOY_chunk_0-14048_1--noise-10db.wav,365a30bc6b3cb7319719a9e9219cb1ff5fb3b189bfdfaff2d33abe7556ecd6c7,14.289999961853027,noise-10db,14.04800033569336,Hausa-English,"Babana ne ya hanani zuwa makaranta. Me yasa? Yace wai aure zaiyi mun. KO shakka babu! KO shakka babu!! (Kida), kaga wannan. You are under arrest. Kai. Lafiya?","Babana ne ya hanani zuwa makaranta. Me yasa? Yace wai aure zaiyi mun. KO shakka babu! KO shakka babu!! (Kida), kaga wannan. [[EN]]You are under arrest.[[/EN]] Kai. Lafiya?",afriswitch-hausa-000319-PHzYdKMfxOY_chunk_0-14048_1--noise-10db,PHzYdKMfxOY_chunk,natural-afriswitch,2
audio/robustness/afriswitch-hausa-000319-PHzYdKMfxOY_chunk_0-14048_1--packet-loss-3pct.wav,c5af1d77112355c044218c2f8ad0164a24e21d72074ecf2755871fc92485543c,14.289999961853027,packet-loss-3pct,14.04800033569336,Hausa-English,"Babana ne ya hanani zuwa makaranta. Me yasa? Yace wai aure zaiyi mun. KO shakka babu! KO shakka babu!! (Kida), kaga wannan. You are under arrest. Kai. Lafiya?","Babana ne ya hanani zuwa makaranta. Me yasa? Yace wai aure zaiyi mun. KO shakka babu! KO shakka babu!! (Kida), kaga wannan. [[EN]]You are under arrest.[[/EN]] Kai. Lafiya?",afriswitch-hausa-000319-PHzYdKMfxOY_chunk_0-14048_1--packet-loss-3pct,PHzYdKMfxOY_chunk,natural-afriswitch,2
audio/robustness/afriswitch-hausa-000331-eceYbukw-6M_chunk_2268176-2281616_177--pstn-mulaw.wav,829031c9e950518d5c02e612bf9a915d841cb606aa4455fd322141b888808b3f,8.329999923706055,pstn-mulaw,13.4399995803833,Hausa-English,Abunda yasa dama ki nace kizo saboda ina so zan ba ki list na yaran da zasuyi na daya da na biyu da na uku saboda bana so a samu matsala gurin making exams kin gane,Abunda yasa dama ki nace kizo saboda ina so zan ba ki [[EN]]list[[/EN]] na yaran da zasuyi na daya da na biyu da na uku saboda bana so a samu matsala gurin [[EN]]making exams[[/EN]] kin gane,afriswitch-hausa-000331-eceYbukw-6M_chunk_2268176-2281616_177--pstn-mulaw,eceYbukw_6M,natural-afriswitch,4
audio/robustness/afriswitch-hausa-000331-eceYbukw-6M_chunk_2268176-2281616_177--noise-10db.wav,a6dd00e2e10554c445ac73e885797e0a36c33a4769b4e883fc56b90434b5677b,8.329999923706055,noise-10db,13.4399995803833,Hausa-English,Abunda yasa dama ki nace kizo saboda ina so zan ba ki list na yaran da zasuyi na daya da na biyu da na uku saboda bana so a samu matsala gurin making exams kin gane,Abunda yasa dama ki nace kizo saboda ina so zan ba ki [[EN]]list[[/EN]] na yaran da zasuyi na daya da na biyu da na uku saboda bana so a samu matsala gurin [[EN]]making exams[[/EN]] kin gane,afriswitch-hausa-000331-eceYbukw-6M_chunk_2268176-2281616_177--noise-10db,eceYbukw_6M,natural-afriswitch,4
audio/robustness/afriswitch-hausa-000331-eceYbukw-6M_chunk_2268176-2281616_177--packet-loss-3pct.wav,11b07b77ebdfabeba2fd25f0484dfb89ec663319aea668846ecb200fad2f9e7e,8.329999923706055,packet-loss-3pct,13.4399995803833,Hausa-English,Abunda yasa dama ki nace kizo saboda ina so zan ba ki list na yaran da zasuyi na daya da na biyu da na uku saboda bana so a samu matsala gurin making exams kin gane,Abunda yasa dama ki nace kizo saboda ina so zan ba ki [[EN]]list[[/EN]] na yaran da zasuyi na daya da na biyu da na uku saboda bana so a samu matsala gurin [[EN]]making exams[[/EN]] kin gane,afriswitch-hausa-000331-eceYbukw-6M_chunk_2268176-2281616_177--packet-loss-3pct,eceYbukw_6M,natural-afriswitch,4
audio/robustness/afriswitch-hausa-000383-wmG4xHc2VHc_chunk_1193792-1205040_138--pstn-mulaw.wav,db04a2a30b562809a67eb93d45c3ebd3c1929e6febc890da36391a690944c1af,13.789999961853027,pstn-mulaw,11.248000144958496,Hausa-English,Wannan masana'anta wani irin mummunan kallo most especially kaman ni da na fara wasu sai su kirani wai mai kawo ne wannan masana'antar da karatuna kuma nazo kannywood industry,Wannan masana'anta wani irin mummunan kallo [[EN]]most especially[[/EN]] kaman ni da na fara wasu sai su kirani wai mai kawo ne wannan masana'antar da karatuna kuma nazo [[EN]]kannywood industry[[/EN]],afriswitch-hausa-000383-wmG4xHc2VHc_chunk_1193792-1205040_138--pstn-mulaw,wmG4xHc2VHc_chunk,natural-afriswitch,3
audio/robustness/afriswitch-hausa-000383-wmG4xHc2VHc_chunk_1193792-1205040_138--noise-10db.wav,05142fb08ff99307adfe06cf36278b4d7e2663d35d76ef0fd9e682f4b36a1ecf,13.789999961853027,noise-10db,11.248000144958496,Hausa-English,Wannan masana'anta wani irin mummunan kallo most especially kaman ni da na fara wasu sai su kirani wai mai kawo ne wannan masana'antar da karatuna kuma nazo kannywood industry,Wannan masana'anta wani irin mummunan kallo [[EN]]most especially[[/EN]] kaman ni da na fara wasu sai su kirani wai mai kawo ne wannan masana'antar da karatuna kuma nazo [[EN]]kannywood industry[[/EN]],afriswitch-hausa-000383-wmG4xHc2VHc_chunk_1193792-1205040_138--noise-10db,wmG4xHc2VHc_chunk,natural-afriswitch,3
audio/robustness/afriswitch-hausa-000383-wmG4xHc2VHc_chunk_1193792-1205040_138--packet-loss-3pct.wav,8c79d3090db877dc57492754f62638e9bb245fcbc1f5155af9149d8c4a95992c,13.789999961853027,packet-loss-3pct,11.248000144958496,Hausa-English,Wannan masana'anta wani irin mummunan kallo most especially kaman ni da na fara wasu sai su kirani wai mai kawo ne wannan masana'antar da karatuna kuma nazo kannywood industry,Wannan masana'anta wani irin mummunan kallo [[EN]]most especially[[/EN]] kaman ni da na fara wasu sai su kirani wai mai kawo ne wannan masana'antar da karatuna kuma nazo [[EN]]kannywood industry[[/EN]],afriswitch-hausa-000383-wmG4xHc2VHc_chunk_1193792-1205040_138--packet-loss-3pct,wmG4xHc2VHc_chunk,natural-afriswitch,3
audio/robustness/afriswitch-hausa-000397-390dd549637b4de0a83285cd88ffefb6--pstn-mulaw.wav,a4837db534aceab22be56e3cdcdb9bb6c02b0c3d9c209f30dc55c2b9266dcb93,5.429999828338623,pstn-mulaw,29.0,Hausa-English,So wancan bangaren nayi ne don nasan Allah na bauta masa gaba na biyu ka kawo mun inda na kira nace a shiga siyasa haramun ne Ina neman wurin akwai karafin da kake cewa idan har malami ya yarda ya karbi mukamin siyasa watakila daga baya ma in ana ce mishi malam zaa koma ana ce mishi garba to a Ina na fadi wannan maganar akwai faya kasan abunda baka ganewa clips da yawa ana editing dinsu ba yadda na fada ba na biyu ba akan contest da nai Magana akai ba,[[EN]]So[[/EN]] wancan bangaren nayi ne don nasan Allah na bauta masa gaba na biyu ka kawo mun inda na kira nace a shiga siyasa haramun ne Ina neman wurin akwai karafin da kake cewa idan har malami ya yarda ya karbi mukamin siyasa watakila daga baya ma in ana ce mishi malam zaa koma ana ce mishi garba [[EN]]to[[/EN]] a Ina na fadi wannan maganar akwai faya kasan abunda baka ganewa [[EN]]clips[[/EN]] da yawa ana [[EN]]editing[[/EN]] dinsu ba yadda na fada ba na biyu ba akan [[EN]]contest[[/EN]] da nai Magana akai ba,afriswitch-hausa-000397-390dd549637b4de0a83285cd88ffefb6--pstn-mulaw,390dd549637b4de0a83285cd88ffefb6,natural-afriswitch,9
audio/robustness/afriswitch-hausa-000397-390dd549637b4de0a83285cd88ffefb6--noise-10db.wav,5c538d8a4ca3ada7a3c2d6c61b8357502a623403a5c002ef819ee0638ee1bc02,5.429999828338623,noise-10db,29.0,Hausa-English,So wancan bangaren nayi ne don nasan Allah na bauta masa gaba na biyu ka kawo mun inda na kira nace a shiga siyasa haramun ne Ina neman wurin akwai karafin da kake cewa idan har malami ya yarda ya karbi mukamin siyasa watakila daga baya ma in ana ce mishi malam zaa koma ana ce mishi garba to a Ina na fadi wannan maganar akwai faya kasan abunda baka ganewa clips da yawa ana editing dinsu ba yadda na fada ba na biyu ba akan contest da nai Magana akai ba,[[EN]]So[[/EN]] wancan bangaren nayi ne don nasan Allah na bauta masa gaba na biyu ka kawo mun inda na kira nace a shiga siyasa haramun ne Ina neman wurin akwai karafin da kake cewa idan har malami ya yarda ya karbi mukamin siyasa watakila daga baya ma in ana ce mishi malam zaa koma ana ce mishi garba [[EN]]to[[/EN]] a Ina na fadi wannan maganar akwai faya kasan abunda baka ganewa [[EN]]clips[[/EN]] da yawa ana [[EN]]editing[[/EN]] dinsu ba yadda na fada ba na biyu ba akan [[EN]]contest[[/EN]] da nai Magana akai ba,afriswitch-hausa-000397-390dd549637b4de0a83285cd88ffefb6--noise-10db,390dd549637b4de0a83285cd88ffefb6,natural-afriswitch,9
audio/robustness/afriswitch-hausa-000397-390dd549637b4de0a83285cd88ffefb6--packet-loss-3pct.wav,16f8c04bf707383bef86d293e69dd8adf927cda7b27ce14696f855d51cf05d08,5.429999828338623,packet-loss-3pct,29.0,Hausa-English,So wancan bangaren nayi ne don nasan Allah na bauta masa gaba na biyu ka kawo mun inda na kira nace a shiga siyasa haramun ne Ina neman wurin akwai karafin da kake cewa idan har malami ya yarda ya karbi mukamin siyasa watakila daga baya ma in ana ce mishi malam zaa koma ana ce mishi garba to a Ina na fadi wannan maganar akwai faya kasan abunda baka ganewa clips da yawa ana editing dinsu ba yadda na fada ba na biyu ba akan contest da nai Magana akai ba,[[EN]]So[[/EN]] wancan bangaren nayi ne don nasan Allah na bauta masa gaba na biyu ka kawo mun inda na kira nace a shiga siyasa haramun ne Ina neman wurin akwai karafin da kake cewa idan har malami ya yarda ya karbi mukamin siyasa watakila daga baya ma in ana ce mishi malam zaa koma ana ce mishi garba [[EN]]to[[/EN]] a Ina na fadi wannan maganar akwai faya kasan abunda baka ganewa [[EN]]clips[[/EN]] da yawa ana [[EN]]editing[[/EN]] dinsu ba yadda na fada ba na biyu ba akan [[EN]]contest[[/EN]] da nai Magana akai ba,afriswitch-hausa-000397-390dd549637b4de0a83285cd88ffefb6--packet-loss-3pct,390dd549637b4de0a83285cd88ffefb6,natural-afriswitch,9
audio/robustness/afriswitch-hausa-000420-yBF5CzZhR0c_chunk_808592-817152_81--pstn-mulaw.wav,7295f5d4f0011de96e713dc130fd51fa53214a20231b31e8de64cf7ec6329a30,19.350000381469727,pstn-mulaw,8.5600004196167,Hausa-English,"Mutane ne suke aikin nan ba dare ba rana, so ban ce is unprofessional anyway, amma bai kamata ni yanzu in sa baki a aikinsu ba gaskiya sai ka same su","Mutane ne suke aikin nan ba dare ba rana, [[EN]]so ban[[/EN]] ce [[EN]]is unprofessional anyway,[[/EN]] amma bai kamata ni yanzu in sa baki a aikinsu ba gaskiya sai ka [[EN]]same[[/EN]] su",afriswitch-hausa-000420-yBF5CzZhR0c_chunk_808592-817152_81--pstn-mulaw,yBF5CzZhR0c_chunk,natural-afriswitch,6
audio/robustness/afriswitch-hausa-000420-yBF5CzZhR0c_chunk_808592-817152_81--noise-10db.wav,d79f8826517a5923df09a494404a9c3b01262af456dbb0408de0c206ad34af02,19.350000381469727,noise-10db,8.5600004196167,Hausa-English,"Mutane ne suke aikin nan ba dare ba rana, so ban ce is unprofessional anyway, amma bai kamata ni yanzu in sa baki a aikinsu ba gaskiya sai ka same su","Mutane ne suke aikin nan ba dare ba rana, [[EN]]so ban[[/EN]] ce [[EN]]is unprofessional anyway,[[/EN]] amma bai kamata ni yanzu in sa baki a aikinsu ba gaskiya sai ka [[EN]]same[[/EN]] su",afriswitch-hausa-000420-yBF5CzZhR0c_chunk_808592-817152_81--noise-10db,yBF5CzZhR0c_chunk,natural-afriswitch,6
audio/robustness/afriswitch-hausa-000420-yBF5CzZhR0c_chunk_808592-817152_81--packet-loss-3pct.wav,c56d5f50affa3335f596998bfc31858c5a05d2ca3c27d17bd55b1da9838b0f28,19.350000381469727,packet-loss-3pct,8.5600004196167,Hausa-English,"Mutane ne suke aikin nan ba dare ba rana, so ban ce is unprofessional anyway, amma bai kamata ni yanzu in sa baki a aikinsu ba gaskiya sai ka same su","Mutane ne suke aikin nan ba dare ba rana, [[EN]]so ban[[/EN]] ce [[EN]]is unprofessional anyway,[[/EN]] amma bai kamata ni yanzu in sa baki a aikinsu ba gaskiya sai ka [[EN]]same[[/EN]] su",afriswitch-hausa-000420-yBF5CzZhR0c_chunk_808592-817152_81--packet-loss-3pct,yBF5CzZhR0c_chunk,natural-afriswitch,6
audio/robustness/afriswitch-hausa-000439-Qoq528jcY74_chunk_368688-379008_41--pstn-mulaw.wav,cfd6cef6766c6fedfa503ff6b76c86c2bb6b629e0a49b5a343d3afa9930d4a68,2.7799999713897705,pstn-mulaw,10.319999694824219,Hausa-English,Tare suka taso da su masu shiryawan na industry ina ga za a iya cewa danjuma ne da dan Jummai. Gaskiya ba danjuma ne da dan Jummai ba to domin mutumin da ya zuba kudin shi,Tare suka taso da su masu shiryawan na [[EN]]industry[[/EN]] ina ga za a iya cewa danjuma ne da dan Jummai. Gaskiya ba danjuma ne da dan Jummai ba to domin mutumin da ya zuba kudin shi,afriswitch-hausa-000439-Qoq528jcY74_chunk_368688-379008_41--pstn-mulaw,Qoq528jcY74_chunk,natural-afriswitch,2
audio/robustness/afriswitch-hausa-000439-Qoq528jcY74_chunk_368688-379008_41--noise-10db.wav,db06a83c041f78fc67262e0c9afd23308b8ece1668f37b40998f814ed5eba421,2.7799999713897705,noise-10db,10.319999694824219,Hausa-English,Tare suka taso da su masu shiryawan na industry ina ga za a iya cewa danjuma ne da dan Jummai. Gaskiya ba danjuma ne da dan Jummai ba to domin mutumin da ya zuba kudin shi,Tare suka taso da su masu shiryawan na [[EN]]industry[[/EN]] ina ga za a iya cewa danjuma ne da dan Jummai. Gaskiya ba danjuma ne da dan Jummai ba to domin mutumin da ya zuba kudin shi,afriswitch-hausa-000439-Qoq528jcY74_chunk_368688-379008_41--noise-10db,Qoq528jcY74_chunk,natural-afriswitch,2
audio/robustness/afriswitch-hausa-000439-Qoq528jcY74_chunk_368688-379008_41--packet-loss-3pct.wav,c935c4ba33fe93a7d94f3e9c43a77768ba685ee1e07c3f1c5456913cc7cdde88,2.7799999713897705,packet-loss-3pct,10.319999694824219,Hausa-English,Tare suka taso da su masu shiryawan na industry ina ga za a iya cewa danjuma ne da dan Jummai. Gaskiya ba danjuma ne da dan Jummai ba to domin mutumin da ya zuba kudin shi,Tare suka taso da su masu shiryawan na [[EN]]industry[[/EN]] ina ga za a iya cewa danjuma ne da dan Jummai. Gaskiya ba danjuma ne da dan Jummai ba to domin mutumin da ya zuba kudin shi,afriswitch-hausa-000439-Qoq528jcY74_chunk_368688-379008_41--packet-loss-3pct,Qoq528jcY74_chunk,natural-afriswitch,2
audio/robustness/afriswitch-hausa-000453-7aaa962b352d4cc58613596ad0382832--pstn-mulaw.wav,f9f98ed82fc370e341c7feef8fcfc0b49f9d3a232462fa1eb303089f8dcdf1c4,17.809999465942383,pstn-mulaw,29.0,Hausa-English,Wanda suka iya Magana dai a class din saboda ayi ayi a karanta novels din da wuri da wuri da wuri da wuri irin Ina cikin Wanda ake kira a class ace oya so far so to lokacin da na samu aiki in 2019 da na gama NDE na kafin COVID naje bikin wata friend dita sai MC ko MC yai disappointing ban sani ba sai nace aa ba kawai ayi Magana ba abeg,Wanda suka iya Magana dai a [[EN]]class[[/EN]] din saboda ayi ayi a karanta [[EN]]novels[[/EN]] din da wuri da wuri da wuri da wuri irin Ina cikin Wanda ake kira a [[EN]]class[[/EN]] ace oya [[EN]]so far so to[[/EN]] lokacin da na samu aiki in 2019 da na gama [[EN]]NDE[[/EN]] na kafin [[EN]]COVID[[/EN]] naje bikin wata [[EN]]friend[[/EN]] dita sai [[EN]]MC[[/EN]] ko [[EN]]MC[[/EN]] yai [[EN]]disappointing[[/EN]] ban sani ba sai nace aa ba kawai ayi Magana ba abeg,afriswitch-hausa-000453-7aaa962b352d4cc58613596ad0382832--pstn-mulaw,7aaa962b352d4cc58613596ad0382832,natural-afriswitch,20
audio/robustness/afriswitch-hausa-000453-7aaa962b352d4cc58613596ad0382832--noise-10db.wav,a546badc020682135433fbfc633ae20cf4135c604435795ff001de315f878537,17.809999465942383,noise-10db,29.0,Hausa-English,Wanda suka iya Magana dai a class din saboda ayi ayi a karanta novels din da wuri da wuri da wuri da wuri irin Ina cikin Wanda ake kira a class ace oya so far so to lokacin da na samu aiki in 2019 da na gama NDE na kafin COVID naje bikin wata friend dita sai MC ko MC yai disappointing ban sani ba sai nace aa ba kawai ayi Magana ba abeg,Wanda suka iya Magana dai a [[EN]]class[[/EN]] din saboda ayi ayi a karanta [[EN]]novels[[/EN]] din da wuri da wuri da wuri da wuri irin Ina cikin Wanda ake kira a [[EN]]class[[/EN]] ace oya [[EN]]so far so to[[/EN]] lokacin da na samu aiki in 2019 da na gama [[EN]]NDE[[/EN]] na kafin [[EN]]COVID[[/EN]] naje bikin wata [[EN]]friend[[/EN]] dita sai [[EN]]MC[[/EN]] ko [[EN]]MC[[/EN]] yai [[EN]]disappointing[[/EN]] ban sani ba sai nace aa ba kawai ayi Magana ba abeg,afriswitch-hausa-000453-7aaa962b352d4cc58613596ad0382832--noise-10db,7aaa962b352d4cc58613596ad0382832,natural-afriswitch,20
audio/robustness/afriswitch-hausa-000453-7aaa962b352d4cc58613596ad0382832--packet-loss-3pct.wav,ed88b2ab20ad86c8d08a7a1ce02d29a7dbe0a9d6eb5d51d2a60ce5bfc40ff81f,17.809999465942383,packet-loss-3pct,29.0,Hausa-English,Wanda suka iya Magana dai a class din saboda ayi ayi a karanta novels din da wuri da wuri da wuri da wuri irin Ina cikin Wanda ake kira a class ace oya so far so to lokacin da na samu aiki in 2019 da na gama NDE na kafin COVID naje bikin wata friend dita sai MC ko MC yai disappointing ban sani ba sai nace aa ba kawai ayi Magana ba abeg,Wanda suka iya Magana dai a [[EN]]class[[/EN]] din saboda ayi ayi a karanta [[EN]]novels[[/EN]] din da wuri da wuri da wuri da wuri irin Ina cikin Wanda ake kira a [[EN]]class[[/EN]] ace oya [[EN]]so far so to[[/EN]] lokacin da na samu aiki in 2019 da na gama [[EN]]NDE[[/EN]] na kafin [[EN]]COVID[[/EN]] naje bikin wata [[EN]]friend[[/EN]] dita sai [[EN]]MC[[/EN]] ko [[EN]]MC[[/EN]] yai [[EN]]disappointing[[/EN]] ban sani ba sai nace aa ba kawai ayi Magana ba abeg,afriswitch-hausa-000453-7aaa962b352d4cc58613596ad0382832--packet-loss-3pct,7aaa962b352d4cc58613596ad0382832,natural-afriswitch,20
audio/robustness/afriswitch-hausa-000471-4QjJK_wO5b0_chunk_1194688-1203424_120--pstn-mulaw.wav,48a799027106bfe807221376c30b4eba84302ce522f31b40bdf1952cd8d62849,7.139999866485596,pstn-mulaw,8.736000061035156,Hausa-English,"To, ga masu kawo yaran nan misali yanzu muna magana ne akan kawo su da ake daga qauyuka to ga irin ko agent agent da suke kawo su","To, ga masu kawo yaran nan misali yanzu muna magana ne akan kawo su da ake daga qauyuka to ga irin ko [[EN]]agent agent[[/EN]] da suke kawo su",afriswitch-hausa-000471-4QjJK_wO5b0_chunk_1194688-1203424_120--pstn-mulaw,4QjJK_wO5b0,natural-afriswitch,2
audio/robustness/afriswitch-hausa-000471-4QjJK_wO5b0_chunk_1194688-1203424_120--noise-10db.wav,b9bd688bdc77b7693f2403411b76e550a48c34302f549a0c90373179b3265654,7.139999866485596,noise-10db,8.736000061035156,Hausa-English,"To, ga masu kawo yaran nan misali yanzu muna magana ne akan kawo su da ake daga qauyuka to ga irin ko agent agent da suke kawo su","To, ga masu kawo yaran nan misali yanzu muna magana ne akan kawo su da ake daga qauyuka to ga irin ko [[EN]]agent agent[[/EN]] da suke kawo su",afriswitch-hausa-000471-4QjJK_wO5b0_chunk_1194688-1203424_120--noise-10db,4QjJK_wO5b0,natural-afriswitch,2
audio/robustness/afriswitch-hausa-000471-4QjJK_wO5b0_chunk_1194688-1203424_120--packet-loss-3pct.wav,0c81172ae8fb034f4cff7402ad4c0130d30915fa9309f33020b94c25d1a0c81f,7.139999866485596,packet-loss-3pct,8.736000061035156,Hausa-English,"To, ga masu kawo yaran nan misali yanzu muna magana ne akan kawo su da ake daga qauyuka to ga irin ko agent agent da suke kawo su","To, ga masu kawo yaran nan misali yanzu muna magana ne akan kawo su da ake daga qauyuka to ga irin ko [[EN]]agent agent[[/EN]] da suke kawo su",afriswitch-hausa-000471-4QjJK_wO5b0_chunk_1194688-1203424_120--packet-loss-3pct,4QjJK_wO5b0,natural-afriswitch,2
audio/robustness/afriswitch-hausa-000499-UzdKkG6dmJE_chunk_170496-176112_20--pstn-mulaw.wav,f48c6e6b32cbf2af3bc4662bbae772d122e816a7645ba1c05e89813fa44433ef,27.270000457763672,pstn-mulaw,5.616000175476074,Hausa-English,Maybe idan na ga wacce nake so in tura da aike.,[[EN]]Maybe[[/EN]] idan na ga wacce nake [[EN]]so in[[/EN]] tura da aike.,afriswitch-hausa-000499-UzdKkG6dmJE_chunk_170496-176112_20--pstn-mulaw,UzdKkG6dmJE_chunk,natural-afriswitch,3
audio/robustness/afriswitch-hausa-000499-UzdKkG6dmJE_chunk_170496-176112_20--noise-10db.wav,472a671e43b2f7732d212893022b1e42d2118bf791a2938c04766d5eb0c8b9d6,27.270000457763672,noise-10db,5.616000175476074,Hausa-English,Maybe idan na ga wacce nake so in tura da aike.,[[EN]]Maybe[[/EN]] idan na ga wacce nake [[EN]]so in[[/EN]] tura da aike.,afriswitch-hausa-000499-UzdKkG6dmJE_chunk_170496-176112_20--noise-10db,UzdKkG6dmJE_chunk,natural-afriswitch,3
audio/robustness/afriswitch-hausa-000499-UzdKkG6dmJE_chunk_170496-176112_20--packet-loss-3pct.wav,bfa64977ff99e507537ebdce022257a3f1c0a09cc2a84324b28fbb2127d06319,27.270000457763672,packet-loss-3pct,5.616000175476074,Hausa-English,Maybe idan na ga wacce nake so in tura da aike.,[[EN]]Maybe[[/EN]] idan na ga wacce nake [[EN]]so in[[/EN]] tura da aike.,afriswitch-hausa-000499-UzdKkG6dmJE_chunk_170496-176112_20--packet-loss-3pct,UzdKkG6dmJE_chunk,natural-afriswitch,3
audio/robustness/afriswitch-hausa-000528-K_WmAI6HUrU_chunk_162052-168448_11--pstn-mulaw.wav,7f5fe2cbbe04abb428819bb7df46bd3dbd24e4701846e15f5025502d07833e13,30.770000457763672,pstn-mulaw,6.395999908447266,Hausa-English,A gaskiya tun a farko burina in karanta Mass communication in zama Journalist.,A gaskiya tun a farko burina in karanta [[EN]]Mass communication in[[/EN]] zama [[EN]]Journalist.[[/EN]],afriswitch-hausa-000528-K_WmAI6HUrU_chunk_162052-168448_11--pstn-mulaw,K_WmAI6HUrU,natural-afriswitch,3
audio/robustness/afriswitch-hausa-000528-K_WmAI6HUrU_chunk_162052-168448_11--noise-10db.wav,28e22979a65aa74e666842f55169dfcbbfafc080f0a0a2d5e32113c1a0bc8ebb,30.770000457763672,noise-10db,6.395999908447266,Hausa-English,A gaskiya tun a farko burina in karanta Mass communication in zama Journalist.,A gaskiya tun a farko burina in karanta [[EN]]Mass communication in[[/EN]] zama [[EN]]Journalist.[[/EN]],afriswitch-hausa-000528-K_WmAI6HUrU_chunk_162052-168448_11--noise-10db,K_WmAI6HUrU,natural-afriswitch,3
audio/robustness/afriswitch-hausa-000528-K_WmAI6HUrU_chunk_162052-168448_11--packet-loss-3pct.wav,92e2635be560e0bc34479cf377c992e59d51a863e66e0ace728b4845b1794f8f,30.770000457763672,packet-loss-3pct,6.395999908447266,Hausa-English,A gaskiya tun a farko burina in karanta Mass communication in zama Journalist.,A gaskiya tun a farko burina in karanta [[EN]]Mass communication in[[/EN]] zama [[EN]]Journalist.[[/EN]],afriswitch-hausa-000528-K_WmAI6HUrU_chunk_162052-168448_11--packet-loss-3pct,K_WmAI6HUrU,natural-afriswitch,3
audio/robustness/afriswitch-hausa-000545-f7zfDd33Sz0_chunk_1520576-1524768_140--pstn-mulaw.wav,4f6442de0c9f64de594422299e519c3211588944783791d66d385771c0e71660,18.18000030517578,pstn-mulaw,4.191999912261963,Hausa-English,Da suka fahimci shine film dina na farko suka jani gefe,Da suka fahimci [[EN]]shine film[[/EN]] dina na farko suka jani gefe,afriswitch-hausa-000545-f7zfDd33Sz0_chunk_1520576-1524768_140--pstn-mulaw,f7zfDd33Sz0_chunk,natural-afriswitch,2
audio/robustness/afriswitch-hausa-000545-f7zfDd33Sz0_chunk_1520576-1524768_140--noise-10db.wav,781053dd710d7506028c617524de128783d56b6e53d7e2d227899ad319c41fc1,18.18000030517578,noise-10db,4.191999912261963,Hausa-English,Da suka fahimci shine film dina na farko suka jani gefe,Da suka fahimci [[EN]]shine film[[/EN]] dina na farko suka jani gefe,afriswitch-hausa-000545-f7zfDd33Sz0_chunk_1520576-1524768_140--noise-10db,f7zfDd33Sz0_chunk,natural-afriswitch,2
audio/robustness/afriswitch-hausa-000545-f7zfDd33Sz0_chunk_1520576-1524768_140--packet-loss-3pct.wav,d1b009b63589f9e08face86af963415636b7d4b5cc0f8eb4b00959d1de01ad27,18.18000030517578,packet-loss-3pct,4.191999912261963,Hausa-English,Da suka fahimci shine film dina na farko suka jani gefe,Da suka fahimci [[EN]]shine film[[/EN]] dina na farko suka jani gefe,afriswitch-hausa-000545-f7zfDd33Sz0_chunk_1520576-1524768_140--packet-loss-3pct,f7zfDd33Sz0_chunk,natural-afriswitch,2
audio/robustness/afriswitch-hausa-000563-N365E0HlBWo_chunk_373360-381600_40--pstn-mulaw.wav,d959cf53cd14b956208540eda5d1722a6876c7f7bf6342c77733b4053c0661ac,4.0,pstn-mulaw,8.239999771118164,Hausa-English,To da zaran yaci abunda bai yi niyyan baki ba ma zai baki Amma fa Kuma matan yanzu yan rarrafen carpet sun ce wannan girkin,To da zaran yaci abunda bai yi niyyan baki ba ma zai baki Amma fa Kuma matan yanzu yan rarrafen [[EN]]carpet[[/EN]] sun ce wannan girkin,afriswitch-hausa-000563-N365E0HlBWo_chunk_373360-381600_40--pstn-mulaw,N365E0HlBWo_chunk,natural-afriswitch,2
audio/robustness/afriswitch-hausa-000563-N365E0HlBWo_chunk_373360-381600_40--noise-10db.wav,3aaa2aad3a6fdade3fad99f6a5525dfc11be089c5fce3c7380082c66038061a5,4.0,noise-10db,8.239999771118164,Hausa-English,To da zaran yaci abunda bai yi niyyan baki ba ma zai baki Amma fa Kuma matan yanzu yan rarrafen carpet sun ce wannan girkin,To da zaran yaci abunda bai yi niyyan baki ba ma zai baki Amma fa Kuma matan yanzu yan rarrafen [[EN]]carpet[[/EN]] sun ce wannan girkin,afriswitch-hausa-000563-N365E0HlBWo_chunk_373360-381600_40--noise-10db,N365E0HlBWo_chunk,natural-afriswitch,2
audio/robustness/afriswitch-hausa-000563-N365E0HlBWo_chunk_373360-381600_40--packet-loss-3pct.wav,435ce2a4a0abb3bf3f5ef0253aa15b35a308a377ecf2c7d4f2d14698f917edac,4.0,packet-loss-3pct,8.239999771118164,Hausa-English,To da zaran yaci abunda bai yi niyyan baki ba ma zai baki Amma fa Kuma matan yanzu yan rarrafen carpet sun ce wannan girkin,To da zaran yaci abunda bai yi niyyan baki ba ma zai baki Amma fa Kuma matan yanzu yan rarrafen [[EN]]carpet[[/EN]] sun ce wannan girkin,afriswitch-hausa-000563-N365E0HlBWo_chunk_373360-381600_40--packet-loss-3pct,N365E0HlBWo_chunk,natural-afriswitch,2
audio/robustness/afriswitch-hausa-000575-52ec187e05ba413c9fd5a4b1e09ea7ab--pstn-mulaw.wav,ae14cacf68b8a05b7578014672c9b5db3f857b9d60a15d6e73dab144209a9773,6.150000095367432,pstn-mulaw,29.0,Hausa-English,Kuma a matsayina yanzu na 'yar siyasa kuma zababbiyar 'yar majalisar jiha ta kaduna wacce ke wakiltar lere ta gabas wato mutanen saminaka lere East constituency a kaduna State yau Rana ne na alfahari Rana ne da nake ma Allah godiya Kuma shekara na goma Ina fafutuka da Neman wannan kujera takarana na uku kenan Kuma jajircewan da na fito Ina yi na San me,Kuma a matsayina yanzu na 'yar siyasa kuma zababbiyar 'yar majalisar jiha ta kaduna wacce ke wakiltar lere ta gabas wato mutanen saminaka lere [[EN]]East constituency a[[/EN]] kaduna [[EN]]State[[/EN]] yau Rana ne na alfahari Rana ne da nake ma Allah godiya Kuma shekara na goma Ina fafutuka da Neman wannan kujera takarana na uku kenan Kuma jajircewan da na fito Ina yi na San me,afriswitch-hausa-000575-52ec187e05ba413c9fd5a4b1e09ea7ab--pstn-mulaw,52ec187e05ba413c9fd5a4b1e09ea7ab,natural-afriswitch,4
audio/robustness/afriswitch-hausa-000575-52ec187e05ba413c9fd5a4b1e09ea7ab--noise-10db.wav,689671aa862f315243c3b488e6d38941074a122afa478a6ed3e16b77ad2ca101,6.150000095367432,noise-10db,29.0,Hausa-English,Kuma a matsayina yanzu na 'yar siyasa kuma zababbiyar 'yar majalisar jiha ta kaduna wacce ke wakiltar lere ta gabas wato mutanen saminaka lere East constituency a kaduna State yau Rana ne na alfahari Rana ne da nake ma Allah godiya Kuma shekara na goma Ina fafutuka da Neman wannan kujera takarana na uku kenan Kuma jajircewan da na fito Ina yi na San me,Kuma a matsayina yanzu na 'yar siyasa kuma zababbiyar 'yar majalisar jiha ta kaduna wacce ke wakiltar lere ta gabas wato mutanen saminaka lere [[EN]]East constituency a[[/EN]] kaduna [[EN]]State[[/EN]] yau Rana ne na alfahari Rana ne da nake ma Allah godiya Kuma shekara na goma Ina fafutuka da Neman wannan kujera takarana na uku kenan Kuma jajircewan da na fito Ina yi na San me,afriswitch-hausa-000575-52ec187e05ba413c9fd5a4b1e09ea7ab--noise-10db,52ec187e05ba413c9fd5a4b1e09ea7ab,natural-afriswitch,4
audio/robustness/afriswitch-hausa-000575-52ec187e05ba413c9fd5a4b1e09ea7ab--packet-loss-3pct.wav,b1bca21858624dbab0dccac11c3f70a5f71223c65beb97225e15d5fdce7a17bc,6.150000095367432,packet-loss-3pct,29.0,Hausa-English,Kuma a matsayina yanzu na 'yar siyasa kuma zababbiyar 'yar majalisar jiha ta kaduna wacce ke wakiltar lere ta gabas wato mutanen saminaka lere East constituency a kaduna State yau Rana ne na alfahari Rana ne da nake ma Allah godiya Kuma shekara na goma Ina fafutuka da Neman wannan kujera takarana na uku kenan Kuma jajircewan da na fito Ina yi na San me,Kuma a matsayina yanzu na 'yar siyasa kuma zababbiyar 'yar majalisar jiha ta kaduna wacce ke wakiltar lere ta gabas wato mutanen saminaka lere [[EN]]East constituency a[[/EN]] kaduna [[EN]]State[[/EN]] yau Rana ne na alfahari Rana ne da nake ma Allah godiya Kuma shekara na goma Ina fafutuka da Neman wannan kujera takarana na uku kenan Kuma jajircewan da na fito Ina yi na San me,afriswitch-hausa-000575-52ec187e05ba413c9fd5a4b1e09ea7ab--packet-loss-3pct,52ec187e05ba413c9fd5a4b1e09ea7ab,natural-afriswitch,4
audio/robustness/afriswitch-hausa-000589-ab42002996e44c43b651e7f97fb82be2--pstn-mulaw.wav,4946b4f29cf45da13831fa7815f1e2890204fa49d181f30ae8ca358a76ad3d92,7.590000152587891,pstn-mulaw,29.0,Hausa-English,Kamar yanda Maryam Tayi Magana takara zata zo Tayi watarana akwai matan da su kawai suna bin zu gan siyasa ne basu ma San inda suka saka a gaba ba abinda aka yi kawai Mai zaa samu Mai zaa Raba bama sa tunanin wani political appointment don sun San Basu da qualification din da zaa Basu wannan dasu da jagaliyan siyasa daya ne akwai matan da suna da political support da background Wanda suna bi ba Kuma na jagaliya,Kamar yanda Maryam Tayi Magana takara zata zo Tayi watarana akwai matan da su kawai suna bin zu gan siyasa ne basu ma San inda suka saka a gaba ba abinda aka yi kawai Mai zaa samu Mai zaa Raba bama sa tunanin wani [[EN]]political appointment[[/EN]] don sun San Basu da [[EN]]qualification[[/EN]] din da zaa Basu wannan dasu da jagaliyan siyasa daya ne akwai matan da suna da [[EN]]political support[[/EN]] da [[EN]]background[[/EN]] Wanda suna bi ba Kuma na jagaliya,afriswitch-hausa-000589-ab42002996e44c43b651e7f97fb82be2--pstn-mulaw,ab42002996e44c43b651e7f97fb82be2,natural-afriswitch,8
audio/robustness/afriswitch-hausa-000589-ab42002996e44c43b651e7f97fb82be2--noise-10db.wav,ea3b27ae7fa0f9b1b28bb691f07f96fc6d5db1776f6df68970d28162a100ae35,7.590000152587891,noise-10db,29.0,Hausa-English,Kamar yanda Maryam Tayi Magana takara zata zo Tayi watarana akwai matan da su kawai suna bin zu gan siyasa ne basu ma San inda suka saka a gaba ba abinda aka yi kawai Mai zaa samu Mai zaa Raba bama sa tunanin wani political appointment don sun San Basu da qualification din da zaa Basu wannan dasu da jagaliyan siyasa daya ne akwai matan da suna da political support da background Wanda suna bi ba Kuma na jagaliya,Kamar yanda Maryam Tayi Magana takara zata zo Tayi watarana akwai matan da su kawai suna bin zu gan siyasa ne basu ma San inda suka saka a gaba ba abinda aka yi kawai Mai zaa samu Mai zaa Raba bama sa tunanin wani [[EN]]political appointment[[/EN]] don sun San Basu da [[EN]]qualification[[/EN]] din da zaa Basu wannan dasu da jagaliyan siyasa daya ne akwai matan da suna da [[EN]]political support[[/EN]] da [[EN]]background[[/EN]] Wanda suna bi ba Kuma na jagaliya,afriswitch-hausa-000589-ab42002996e44c43b651e7f97fb82be2--noise-10db,ab42002996e44c43b651e7f97fb82be2,natural-afriswitch,8
audio/robustness/afriswitch-hausa-000589-ab42002996e44c43b651e7f97fb82be2--packet-loss-3pct.wav,1a2a1c3789546653ac93f04b69fef5fe1fa8125945bbd1ab81c60096ab332e1f,7.590000152587891,packet-loss-3pct,29.0,Hausa-English,Kamar yanda Maryam Tayi Magana takara zata zo Tayi watarana akwai matan da su kawai suna bin zu gan siyasa ne basu ma San inda suka saka a gaba ba abinda aka yi kawai Mai zaa samu Mai zaa Raba bama sa tunanin wani political appointment don sun San Basu da qualification din da zaa Basu wannan dasu da jagaliyan siyasa daya ne akwai matan da suna da political support da background Wanda suna bi ba Kuma na jagaliya,Kamar yanda Maryam Tayi Magana takara zata zo Tayi watarana akwai matan da su kawai suna bin zu gan siyasa ne basu ma San inda suka saka a gaba ba abinda aka yi kawai Mai zaa samu Mai zaa Raba bama sa tunanin wani [[EN]]political appointment[[/EN]] don sun San Basu da [[EN]]qualification[[/EN]] din da zaa Basu wannan dasu da jagaliyan siyasa daya ne akwai matan da suna da [[EN]]political support[[/EN]] da [[EN]]background[[/EN]] Wanda suna bi ba Kuma na jagaliya,afriswitch-hausa-000589-ab42002996e44c43b651e7f97fb82be2--packet-loss-3pct,ab42002996e44c43b651e7f97fb82be2,natural-afriswitch,8
audio/robustness/afriswitch-hausa-000597-mfkozo0Lxbg_chunk_1389632-1397072_134--pstn-mulaw.wav,e6da5d225fe956a0b13172ed87ff6fcea368e43887e7df6abdd4a64fc1ed53f6,11.109999656677246,pstn-mulaw,7.440000057220459,Hausa-English,Kamar Idea da kake so ka yi abun za ka iya kamar tsakuri ne na daga cikin business,Kamar [[EN]]Idea[[/EN]] da kake so ka yi abun za ka iya kamar tsakuri ne na daga cikin [[EN]]business[[/EN]],afriswitch-hausa-000597-mfkozo0Lxbg_chunk_1389632-1397072_134--pstn-mulaw,mfkozo0Lxbg_chunk,natural-afriswitch,3
audio/robustness/afriswitch-hausa-000597-mfkozo0Lxbg_chunk_1389632-1397072_134--noise-10db.wav,6a2a5cf0c66755f483641dfb78cb01d2eb4ef3c3766e50d54d0635aa44f34ed4,11.109999656677246,noise-10db,7.440000057220459,Hausa-English,Kamar Idea da kake so ka yi abun za ka iya kamar tsakuri ne na daga cikin business,Kamar [[EN]]Idea[[/EN]] da kake so ka yi abun za ka iya kamar tsakuri ne na daga cikin [[EN]]business[[/EN]],afriswitch-hausa-000597-mfkozo0Lxbg_chunk_1389632-1397072_134--noise-10db,mfkozo0Lxbg_chunk,natural-afriswitch,3
audio/robustness/afriswitch-hausa-000597-mfkozo0Lxbg_chunk_1389632-1397072_134--packet-loss-3pct.wav,d7ad355018465d8dcc5d35f5a1331586774ccb88840a0f0de7149316506b6a26,11.109999656677246,packet-loss-3pct,7.440000057220459,Hausa-English,Kamar Idea da kake so ka yi abun za ka iya kamar tsakuri ne na daga cikin business,Kamar [[EN]]Idea[[/EN]] da kake so ka yi abun za ka iya kamar tsakuri ne na daga cikin [[EN]]business[[/EN]],afriswitch-hausa-000597-mfkozo0Lxbg_chunk_1389632-1397072_134--packet-loss-3pct,mfkozo0Lxbg_chunk,natural-afriswitch,3
audio/robustness/afriswitch-hausa-000609-g_08S6W1444_chunk_1357120-1361888_144--pstn-mulaw.wav,9958ee3f89ac22f1381b0171211f1264391539ce159e91bc0abad21bbf4b89f0,28.56999969482422,pstn-mulaw,4.76800012588501,Hausa-English,"Ni ne director.. ni ne. script writer,. nine nayi story din ni na yi.","Ni ne [[EN]]director..[[/EN]] ni ne. [[EN]]script writer,.[[/EN]] nine nayi [[EN]]story[[/EN]] din ni na yi.",afriswitch-hausa-000609-g_08S6W1444_chunk_1357120-1361888_144--pstn-mulaw,g_08S6W1444,natural-afriswitch,6
audio/robustness/afriswitch-hausa-000609-g_08S6W1444_chunk_1357120-1361888_144--noise-10db.wav,d5f577d41688a5a0ef7494e372352f37a03c3bef694a87c750243a6d99f0626a,28.56999969482422,noise-10db,4.76800012588501,Hausa-English,"Ni ne director.. ni ne. script writer,. nine nayi story din ni na yi.","Ni ne [[EN]]director..[[/EN]] ni ne. [[EN]]script writer,.[[/EN]] nine nayi [[EN]]story[[/EN]] din ni na yi.",afriswitch-hausa-000609-g_08S6W1444_chunk_1357120-1361888_144--noise-10db,g_08S6W1444,natural-afriswitch,6
audio/robustness/afriswitch-hausa-000609-g_08S6W1444_chunk_1357120-1361888_144--packet-loss-3pct.wav,fd37db3194bd86edd233c59228efc8a5d4802ca67f86c0f489775aff92ac3812,28.56999969482422,packet-loss-3pct,4.76800012588501,Hausa-English,"Ni ne director.. ni ne. script writer,. nine nayi story din ni na yi.","Ni ne [[EN]]director..[[/EN]] ni ne. [[EN]]script writer,.[[/EN]] nine nayi [[EN]]story[[/EN]] din ni na yi.",afriswitch-hausa-000609-g_08S6W1444_chunk_1357120-1361888_144--packet-loss-3pct,g_08S6W1444,natural-afriswitch,6
audio/robustness/afriswitch-hausa-000611-eajXT52rTSc_chunk_2275712-2286512_209--pstn-mulaw.wav,c92a24c9498640e2ae3583ea6b45cead05d8f1977400679974f009b679cd819d,18.520000457763672,pstn-mulaw,10.800000190734863,Hausa-English,"Kana acting, bayan wanann, sai meh kuma? Sai kuma ina l shirt customisation. Wannan rigar da kika gani a jikina ni nayi Dq gaske, nima zakayi min?","Kana [[EN]]acting,[[/EN]] bayan wanann, sai [[EN]]meh[[/EN]] kuma? Sai kuma ina [[EN]]l shirt customisation.[[/EN]] Wannan rigar da kika gani a jikina ni nayi Dq gaske, nima zakayi min?",afriswitch-hausa-000611-eajXT52rTSc_chunk_2275712-2286512_209--pstn-mulaw,eajXT52rTSc_chunk,natural-afriswitch,6
audio/robustness/afriswitch-hausa-000611-eajXT52rTSc_chunk_2275712-2286512_209--noise-10db.wav,83ca76292f952822d962b2056d1c2d06553607f924e946039d504623b529b79b,18.520000457763672,noise-10db,10.800000190734863,Hausa-English,"Kana acting, bayan wanann, sai meh kuma? Sai kuma ina l shirt customisation. Wannan rigar da kika gani a jikina ni nayi Dq gaske, nima zakayi min?","Kana [[EN]]acting,[[/EN]] bayan wanann, sai [[EN]]meh[[/EN]] kuma? Sai kuma ina [[EN]]l shirt customisation.[[/EN]] Wannan rigar da kika gani a jikina ni nayi Dq gaske, nima zakayi min?",afriswitch-hausa-000611-eajXT52rTSc_chunk_2275712-2286512_209--noise-10db,eajXT52rTSc_chunk,natural-afriswitch,6
audio/robustness/afriswitch-hausa-000611-eajXT52rTSc_chunk_2275712-2286512_209--packet-loss-3pct.wav,77a36fca388865cc924df557e37da8d2014db531c05a9c2a67043c01b9798547,18.520000457763672,packet-loss-3pct,10.800000190734863,Hausa-English,"Kana acting, bayan wanann, sai meh kuma? Sai kuma ina l shirt customisation. Wannan rigar da kika gani a jikina ni nayi Dq gaske, nima zakayi min?","Kana [[EN]]acting,[[/EN]] bayan wanann, sai [[EN]]meh[[/EN]] kuma? Sai kuma ina [[EN]]l shirt customisation.[[/EN]] Wannan rigar da kika gani a jikina ni nayi Dq gaske, nima zakayi min?",afriswitch-hausa-000611-eajXT52rTSc_chunk_2275712-2286512_209--packet-loss-3pct,eajXT52rTSc_chunk,natural-afriswitch,6
audio/robustness/afriswitch-hausa-000660-nK8UQ-vPJPA_chunk_2354656-2365984_205--pstn-mulaw.wav,38eede1de5270df8df1f420549040577090d4e09c172365627100a0b7c43bd2c,14.289999961853027,pstn-mulaw,11.32800006866455,Hausa-English,Calm down dear calm down kin ga zo mu zauna a miki wannan bayanin ba wani abin da zaka fada min babu da za miye za ka gaya mun karfa kace baka so na fa,[[EN]]Calm down dear calm down[[/EN]] kin ga zo mu zauna a miki wannan bayanin ba wani abin da zaka fada min babu da za miye za ka gaya mun karfa kace baka so na fa,afriswitch-hausa-000660-nK8UQ-vPJPA_chunk_2354656-2365984_205--pstn-mulaw,nK8UQ_vPJPA,natural-afriswitch,1
audio/robustness/afriswitch-hausa-000660-nK8UQ-vPJPA_chunk_2354656-2365984_205--noise-10db.wav,04eff24769860ff25a919bb7623d3156b55737894099ad50b41b99991fbab257,14.289999961853027,noise-10db,11.32800006866455,Hausa-English,Calm down dear calm down kin ga zo mu zauna a miki wannan bayanin ba wani abin da zaka fada min babu da za miye za ka gaya mun karfa kace baka so na fa,[[EN]]Calm down dear calm down[[/EN]] kin ga zo mu zauna a miki wannan bayanin ba wani abin da zaka fada min babu da za miye za ka gaya mun karfa kace baka so na fa,afriswitch-hausa-000660-nK8UQ-vPJPA_chunk_2354656-2365984_205--noise-10db,nK8UQ_vPJPA,natural-afriswitch,1
audio/robustness/afriswitch-hausa-000660-nK8UQ-vPJPA_chunk_2354656-2365984_205--packet-loss-3pct.wav,71bcf467d360b2ffd5129cf419217eae473270365bd56f2a301bc7d04de50c46,14.289999961853027,packet-loss-3pct,11.32800006866455,Hausa-English,Calm down dear calm down kin ga zo mu zauna a miki wannan bayanin ba wani abin da zaka fada min babu da za miye za ka gaya mun karfa kace baka so na fa,[[EN]]Calm down dear calm down[[/EN]] kin ga zo mu zauna a miki wannan bayanin ba wani abin da zaka fada min babu da za miye za ka gaya mun karfa kace baka so na fa,afriswitch-hausa-000660-nK8UQ-vPJPA_chunk_2354656-2365984_205--packet-loss-3pct,nK8UQ_vPJPA,natural-afriswitch,1
audio/robustness/afriswitch-hausa-000666-ExMMbnjpzmM_chunk_1242656-1251632_144--pstn-mulaw.wav,c222350b30e234c524a9e9107820bd903dc4d657661dbfd6c57ae06fdbaeea84,8.0,pstn-mulaw,8.97599983215332,Hausa-English,"Baiwa, I mean cikin rahamar sa ne da sauransu ba wai kafi wani da wani abu bane karatun danayi wasu ma za su iya yi","Baiwa, [[EN]]I mean[[/EN]] cikin rahamar sa ne da sauransu ba wai kafi wani da wani abu bane karatun danayi wasu ma za su iya yi",afriswitch-hausa-000666-ExMMbnjpzmM_chunk_1242656-1251632_144--pstn-mulaw,ExMMbnjpzmM_chunk,natural-afriswitch,2
audio/robustness/afriswitch-hausa-000666-ExMMbnjpzmM_chunk_1242656-1251632_144--noise-10db.wav,ba10955c318ca510daf839a5c0270fe7ba8d8abb90a60f465b4fe51c1baa830f,8.0,noise-10db,8.97599983215332,Hausa-English,"Baiwa, I mean cikin rahamar sa ne da sauransu ba wai kafi wani da wani abu bane karatun danayi wasu ma za su iya yi","Baiwa, [[EN]]I mean[[/EN]] cikin rahamar sa ne da sauransu ba wai kafi wani da wani abu bane karatun danayi wasu ma za su iya yi",afriswitch-hausa-000666-ExMMbnjpzmM_chunk_1242656-1251632_144--noise-10db,ExMMbnjpzmM_chunk,natural-afriswitch,2
audio/robustness/afriswitch-hausa-000666-ExMMbnjpzmM_chunk_1242656-1251632_144--packet-loss-3pct.wav,9fb70c6980fb580271cd823d4e6cbb6814b7edc5ca32a3040a7524d83f4656f5,8.0,packet-loss-3pct,8.97599983215332,Hausa-English,"Baiwa, I mean cikin rahamar sa ne da sauransu ba wai kafi wani da wani abu bane karatun danayi wasu ma za su iya yi","Baiwa, [[EN]]I mean[[/EN]] cikin rahamar sa ne da sauransu ba wai kafi wani da wani abu bane karatun danayi wasu ma za su iya yi",afriswitch-hausa-000666-ExMMbnjpzmM_chunk_1242656-1251632_144--packet-loss-3pct,ExMMbnjpzmM_chunk,natural-afriswitch,2
audio/robustness/afriswitch-hausa-000686-Zk-GCl5WFXE_chunk_1563840-1569520_186--pstn-mulaw.wav,88cf4e80cc0cd3cacd9d40d7e137545c3d29d23c27632c132b9821b8a1d45f00,6.25,pstn-mulaw,5.679999828338623,Hausa-English,So sama'ba ta aro aka yi ta juya ko ba aro aka bata ba kinda ajiya,[[EN]]So[[/EN]] sama'ba ta aro aka yi ta juya ko ba aro aka bata ba kinda ajiya,afriswitch-hausa-000686-Zk-GCl5WFXE_chunk_1563840-1569520_186--pstn-mulaw,Zk_GCl5WFXE,natural-afriswitch,1
audio/robustness/afriswitch-hausa-000686-Zk-GCl5WFXE_chunk_1563840-1569520_186--noise-10db.wav,d72f7db3af316666b8b1a9233ef6a4ceddc526b56342c00f495d8b7eceed1595,6.25,noise-10db,5.679999828338623,Hausa-English,So sama'ba ta aro aka yi ta juya ko ba aro aka bata ba kinda ajiya,[[EN]]So[[/EN]] sama'ba ta aro aka yi ta juya ko ba aro aka bata ba kinda ajiya,afriswitch-hausa-000686-Zk-GCl5WFXE_chunk_1563840-1569520_186--noise-10db,Zk_GCl5WFXE,natural-afriswitch,1
audio/robustness/afriswitch-hausa-000686-Zk-GCl5WFXE_chunk_1563840-1569520_186--packet-loss-3pct.wav,8e042f586ae515edbbe57e744ecffd72220b864c4865bb1312d149d5205fa52b,6.25,packet-loss-3pct,5.679999828338623,Hausa-English,So sama'ba ta aro aka yi ta juya ko ba aro aka bata ba kinda ajiya,[[EN]]So[[/EN]] sama'ba ta aro aka yi ta juya ko ba aro aka bata ba kinda ajiya,afriswitch-hausa-000686-Zk-GCl5WFXE_chunk_1563840-1569520_186--packet-loss-3pct,Zk_GCl5WFXE,natural-afriswitch,1
audio/robustness/afriswitch-hausa-000727-1Q6Ptr2RLF8_chunk_413408-425328_46--pstn-mulaw.wav,34260880ad802cf2e7a8d380e414a7d5dfdd579be7b3578347389756c2842595,5.880000114440918,pstn-mulaw,11.920000076293945,Hausa-English,Ce kabani shikenan je signing zai cema kaje can Idan Magani za a baka za a ciro maka magani Maganunnuka ne na gaske masu kyau Wanda in kasha inde ba ciwo na ajali bane,Ce kabani shikenan je [[EN]]signing[[/EN]] zai cema kaje [[EN]]can[[/EN]] Idan Magani za a baka za a ciro maka magani Maganunnuka ne na gaske masu kyau Wanda in kasha inde ba ciwo na ajali bane,afriswitch-hausa-000727-1Q6Ptr2RLF8_chunk_413408-425328_46--pstn-mulaw,1Q6Ptr2RLF8_chunk,natural-afriswitch,4
audio/robustness/afriswitch-hausa-000727-1Q6Ptr2RLF8_chunk_413408-425328_46--noise-10db.wav,bae9414d11327e4e6145c29949b94ab6947908044caf212e93259b10d7284b22,5.880000114440918,noise-10db,11.920000076293945,Hausa-English,Ce kabani shikenan je signing zai cema kaje can Idan Magani za a baka za a ciro maka magani Maganunnuka ne na gaske masu kyau Wanda in kasha inde ba ciwo na ajali bane,Ce kabani shikenan je [[EN]]signing[[/EN]] zai cema kaje [[EN]]can[[/EN]] Idan Magani za a baka za a ciro maka magani Maganunnuka ne na gaske masu kyau Wanda in kasha inde ba ciwo na ajali bane,afriswitch-hausa-000727-1Q6Ptr2RLF8_chunk_413408-425328_46--noise-10db,1Q6Ptr2RLF8_chunk,natural-afriswitch,4
audio/robustness/afriswitch-hausa-000727-1Q6Ptr2RLF8_chunk_413408-425328_46--packet-loss-3pct.wav,afc8c5f5f7a38d780146eb37abcacaa8a4277c4547e73f0c0c3c1682b53b188d,5.880000114440918,packet-loss-3pct,11.920000076293945,Hausa-English,Ce kabani shikenan je signing zai cema kaje can Idan Magani za a baka za a ciro maka magani Maganunnuka ne na gaske masu kyau Wanda in kasha inde ba ciwo na ajali bane,Ce kabani shikenan je [[EN]]signing[[/EN]] zai cema kaje [[EN]]can[[/EN]] Idan Magani za a baka za a ciro maka magani Maganunnuka ne na gaske masu kyau Wanda in kasha inde ba ciwo na ajali bane,afriswitch-hausa-000727-1Q6Ptr2RLF8_chunk_413408-425328_46--packet-loss-3pct,1Q6Ptr2RLF8_chunk,natural-afriswitch,4
audio/robustness/afriswitch-hausa-000728-1_A7aPYl01M_chunk_2612480-2625616_240--pstn-mulaw.wav,6012161381f70ed015b60cc6b6eb4aef98bdee02166e5c1c6865c2d87d4b47c0,8.569999694824219,pstn-mulaw,13.13599967956543,Hausa-English,Better candidate waanda suke mafi cancanta mafi karko sai mu fara res din suje mu fara tayar da su mu fara yin wannan shukan mu fara yin dashe me kyau sannan kuma mu fara marawa,[[EN]]Better candidate[[/EN]] waanda suke mafi cancanta mafi karko sai mu fara [[EN]]res[[/EN]] din suje mu fara tayar da su mu fara yin wannan shukan mu fara yin dashe me kyau sannan kuma mu fara marawa,afriswitch-hausa-000728-1_A7aPYl01M_chunk_2612480-2625616_240--pstn-mulaw,1_A7aPYl01M,natural-afriswitch,3
audio/robustness/afriswitch-hausa-000728-1_A7aPYl01M_chunk_2612480-2625616_240--noise-10db.wav,c3e2b6de853232ab571b5cbbc98174e9fdb8f4847c0fc71d53b756f5ae92b865,8.569999694824219,noise-10db,13.13599967956543,Hausa-English,Better candidate waanda suke mafi cancanta mafi karko sai mu fara res din suje mu fara tayar da su mu fara yin wannan shukan mu fara yin dashe me kyau sannan kuma mu fara marawa,[[EN]]Better candidate[[/EN]] waanda suke mafi cancanta mafi karko sai mu fara [[EN]]res[[/EN]] din suje mu fara tayar da su mu fara yin wannan shukan mu fara yin dashe me kyau sannan kuma mu fara marawa,afriswitch-hausa-000728-1_A7aPYl01M_chunk_2612480-2625616_240--noise-10db,1_A7aPYl01M,natural-afriswitch,3
audio/robustness/afriswitch-hausa-000728-1_A7aPYl01M_chunk_2612480-2625616_240--packet-loss-3pct.wav,154db05cd08384ab4615371b3c4294660f8977148451e6d92f8a950d85701ee9,8.569999694824219,packet-loss-3pct,13.13599967956543,Hausa-English,Better candidate waanda suke mafi cancanta mafi karko sai mu fara res din suje mu fara tayar da su mu fara yin wannan shukan mu fara yin dashe me kyau sannan kuma mu fara marawa,[[EN]]Better candidate[[/EN]] waanda suke mafi cancanta mafi karko sai mu fara [[EN]]res[[/EN]] din suje mu fara tayar da su mu fara yin wannan shukan mu fara yin dashe me kyau sannan kuma mu fara marawa,afriswitch-hausa-000728-1_A7aPYl01M_chunk_2612480-2625616_240--packet-loss-3pct,1_A7aPYl01M,natural-afriswitch,3
audio/robustness/afriswitch-hausa-000730-KKV95D6O-io_chunk_693888-709440_60--pstn-mulaw.wav,57b8658e7aa5a8f4cdbbff0c72555b3eb815f73b9b0543b6d5b529a0a501d407,10.869999885559082,pstn-mulaw,15.552000045776367,Hausa-English,Sun bamu shaida ce akwai wani asibiti da yake cikin Abuja wanda shi asibitin shine yake taimaka musu ake wannan abu. Yanzu ma haka mun yi inviting din masu asibitin zasu zo zasu bamu jawabi in mun gama zamu compiling case file dinmu mu tafi coatu,Sun bamu shaida ce akwai wani asibiti da yake cikin Abuja wanda shi asibitin shine yake taimaka musu ake wannan abu. Yanzu ma haka mun yi [[EN]]inviting[[/EN]] din masu asibitin zasu zo zasu bamu jawabi in mun gama zamu [[EN]]compiling case file[[/EN]] dinmu mu tafi [[EN]]coatu[[/EN]],afriswitch-hausa-000730-KKV95D6O-io_chunk_693888-709440_60--pstn-mulaw,KKV95D6O_io,natural-afriswitch,5
audio/robustness/afriswitch-hausa-000730-KKV95D6O-io_chunk_693888-709440_60--noise-10db.wav,164881d910a9f424b5b51fd14f9705b5317d656e5cae32cbd82c67d8ce9b616e,10.869999885559082,noise-10db,15.552000045776367,Hausa-English,Sun bamu shaida ce akwai wani asibiti da yake cikin Abuja wanda shi asibitin shine yake taimaka musu ake wannan abu. Yanzu ma haka mun yi inviting din masu asibitin zasu zo zasu bamu jawabi in mun gama zamu compiling case file dinmu mu tafi coatu,Sun bamu shaida ce akwai wani asibiti da yake cikin Abuja wanda shi asibitin shine yake taimaka musu ake wannan abu. Yanzu ma haka mun yi [[EN]]inviting[[/EN]] din masu asibitin zasu zo zasu bamu jawabi in mun gama zamu [[EN]]compiling case file[[/EN]] dinmu mu tafi [[EN]]coatu[[/EN]],afriswitch-hausa-000730-KKV95D6O-io_chunk_693888-709440_60--noise-10db,KKV95D6O_io,natural-afriswitch,5
audio/robustness/afriswitch-hausa-000730-KKV95D6O-io_chunk_693888-709440_60--packet-loss-3pct.wav,4667b49bfef88b7810471fb6aed384e9df93b1aa75bbc153ba8396e2e1714d53,10.869999885559082,packet-loss-3pct,15.552000045776367,Hausa-English,Sun bamu shaida ce akwai wani asibiti da yake cikin Abuja wanda shi asibitin shine yake taimaka musu ake wannan abu. Yanzu ma haka mun yi inviting din masu asibitin zasu zo zasu bamu jawabi in mun gama zamu compiling case file dinmu mu tafi coatu,Sun bamu shaida ce akwai wani asibiti da yake cikin Abuja wanda shi asibitin shine yake taimaka musu ake wannan abu. Yanzu ma haka mun yi [[EN]]inviting[[/EN]] din masu asibitin zasu zo zasu bamu jawabi in mun gama zamu [[EN]]compiling case file[[/EN]] dinmu mu tafi [[EN]]coatu[[/EN]],afriswitch-hausa-000730-KKV95D6O-io_chunk_693888-709440_60--packet-loss-3pct,KKV95D6O_io,natural-afriswitch,5
audio/robustness/afriswitch-hausa-000740-N1Pfq2MDVss_chunk_1154784-1166320_69--pstn-mulaw.wav,3945fd360deeb0df0a373f11eee028496a87e56dc4a91456a4c78e025aff3924,12.5,pstn-mulaw,11.53600025177002,Hausa-English,"Koh kuma ta ja haillo ta kamo wasu ta ce tana son wancan tana son wancan azo ayi ta taruwa anata rigirgimu kala kala, so idan mutum bai yi taka tsantsan ba","Koh kuma ta ja haillo ta [[EN]]kamo[[/EN]] wasu ta ce tana [[EN]]son[[/EN]] wancan tana [[EN]]son[[/EN]] wancan azo ayi ta taruwa anata rigirgimu kala kala, [[EN]]so[[/EN]] idan mutum bai yi taka tsantsan ba",afriswitch-hausa-000740-N1Pfq2MDVss_chunk_1154784-1166320_69--pstn-mulaw,N1Pfq2MDVss_chunk,natural-afriswitch,8
audio/robustness/afriswitch-hausa-000740-N1Pfq2MDVss_chunk_1154784-1166320_69--noise-10db.wav,2805e7a117eeb48c6d57444e944aa008f0c3022102a645abd39c6a4a78828e33,12.5,noise-10db,11.53600025177002,Hausa-English,"Koh kuma ta ja haillo ta kamo wasu ta ce tana son wancan tana son wancan azo ayi ta taruwa anata rigirgimu kala kala, so idan mutum bai yi taka tsantsan ba","Koh kuma ta ja haillo ta [[EN]]kamo[[/EN]] wasu ta ce tana [[EN]]son[[/EN]] wancan tana [[EN]]son[[/EN]] wancan azo ayi ta taruwa anata rigirgimu kala kala, [[EN]]so[[/EN]] idan mutum bai yi taka tsantsan ba",afriswitch-hausa-000740-N1Pfq2MDVss_chunk_1154784-1166320_69--noise-10db,N1Pfq2MDVss_chunk,natural-afriswitch,8
audio/robustness/afriswitch-hausa-000740-N1Pfq2MDVss_chunk_1154784-1166320_69--packet-loss-3pct.wav,f84fd3da6cfdbca778110104183446488c0c6bf8c1a23a35c4302b87101d2def,12.5,packet-loss-3pct,11.53600025177002,Hausa-English,"Koh kuma ta ja haillo ta kamo wasu ta ce tana son wancan tana son wancan azo ayi ta taruwa anata rigirgimu kala kala, so idan mutum bai yi taka tsantsan ba","Koh kuma ta ja haillo ta [[EN]]kamo[[/EN]] wasu ta ce tana [[EN]]son[[/EN]] wancan tana [[EN]]son[[/EN]] wancan azo ayi ta taruwa anata rigirgimu kala kala, [[EN]]so[[/EN]] idan mutum bai yi taka tsantsan ba",afriswitch-hausa-000740-N1Pfq2MDVss_chunk_1154784-1166320_69--packet-loss-3pct,N1Pfq2MDVss_chunk,natural-afriswitch,8
audio/robustness/afriswitch-hausa-000741-1me9hUllYBg_chunk_1860848-1869328_205--pstn-mulaw.wav,9acc9dead6ef7562385074b56d375b2b7b9b6f3e793edc9d47cf0b29a1f6946a,12.5,pstn-mulaw,8.479999542236328,Hausa-English,Gwamnati a jihar Kano ta yi karin haske game da yunkurin da take na sabunta takardun mallakar filaye na C of O a jihar,Gwamnati a jihar Kano ta yi karin haske game da yunkurin da take na sabunta takardun mallakar filaye na [[EN]]C of O[[/EN]] a jihar,afriswitch-hausa-000741-1me9hUllYBg_chunk_1860848-1869328_205--pstn-mulaw,1me9hUllYBg_chunk,natural-afriswitch,2
audio/robustness/afriswitch-hausa-000741-1me9hUllYBg_chunk_1860848-1869328_205--noise-10db.wav,78eafa14edcaefa22f907b8fc80e7889b4fd6de3d08fbf6d7457bb71cf5ec9d1,12.5,noise-10db,8.479999542236328,Hausa-English,Gwamnati a jihar Kano ta yi karin haske game da yunkurin da take na sabunta takardun mallakar filaye na C of O a jihar,Gwamnati a jihar Kano ta yi karin haske game da yunkurin da take na sabunta takardun mallakar filaye na [[EN]]C of O[[/EN]] a jihar,afriswitch-hausa-000741-1me9hUllYBg_chunk_1860848-1869328_205--noise-10db,1me9hUllYBg_chunk,natural-afriswitch,2
audio/robustness/afriswitch-hausa-000741-1me9hUllYBg_chunk_1860848-1869328_205--packet-loss-3pct.wav,0fe9463e8c9d2676d12f0cecd44dc5c0e2429af97d314c285791ca1804435d17,12.5,packet-loss-3pct,8.479999542236328,Hausa-English,Gwamnati a jihar Kano ta yi karin haske game da yunkurin da take na sabunta takardun mallakar filaye na C of O a jihar,Gwamnati a jihar Kano ta yi karin haske game da yunkurin da take na sabunta takardun mallakar filaye na [[EN]]C of O[[/EN]] a jihar,afriswitch-hausa-000741-1me9hUllYBg_chunk_1860848-1869328_205--packet-loss-3pct,1me9hUllYBg_chunk,natural-afriswitch,2
audio/robustness/afriswitch-hausa-000753-m6ZHtC254gM_chunk_430688-434400_43--pstn-mulaw.wav,0a466d915cb535a8f86f5b72bec939dbdee3057f5a075ff79a176b8e7633c83f,23.079999923706055,pstn-mulaw,3.7119998931884766,Hausa-English,Da kuma tsowon mataimakin sa da suka raba garri to ma it depends,Da kuma tsowon mataimakin sa da suka raba garri [[EN]]to[[/EN]] ma [[EN]]it depends[[/EN]],afriswitch-hausa-000753-m6ZHtC254gM_chunk_430688-434400_43--pstn-mulaw,m6ZHtC254gM_chunk,natural-afriswitch,3
audio/robustness/afriswitch-hausa-000753-m6ZHtC254gM_chunk_430688-434400_43--noise-10db.wav,e98247bf990862f69c3b7d394ecfb9848ef9ecaa64af9ab51900fe35def72047,23.079999923706055,noise-10db,3.7119998931884766,Hausa-English,Da kuma tsowon mataimakin sa da suka raba garri to ma it depends,Da kuma tsowon mataimakin sa da suka raba garri [[EN]]to[[/EN]] ma [[EN]]it depends[[/EN]],afriswitch-hausa-000753-m6ZHtC254gM_chunk_430688-434400_43--noise-10db,m6ZHtC254gM_chunk,natural-afriswitch,3
audio/robustness/afriswitch-hausa-000753-m6ZHtC254gM_chunk_430688-434400_43--packet-loss-3pct.wav,c627c7e73d5db13b6a5e6902f7db6bb974c61be1dd9c703f1c79dc053ace0816,23.079999923706055,packet-loss-3pct,3.7119998931884766,Hausa-English,Da kuma tsowon mataimakin sa da suka raba garri to ma it depends,Da kuma tsowon mataimakin sa da suka raba garri [[EN]]to[[/EN]] ma [[EN]]it depends[[/EN]],afriswitch-hausa-000753-m6ZHtC254gM_chunk_430688-434400_43--packet-loss-3pct,m6ZHtC254gM_chunk,natural-afriswitch,3
audio/robustness/afriswitch-hausa-000765-nxSxmikDS1E_chunk_544096-551872_54--pstn-mulaw.wav,3c782adc74acd87c931992f749497e80401da025f77d310c235c82181fe79bbc,8.699999809265137,pstn-mulaw,7.776000022888184,Hausa-English,"To, gaskiya idea ta itace ni na zauna ne na lura da irin yanayin da matasa suke ciki yanzu eh na ga cewa","[[EN]]To,[[/EN]] gaskiya [[EN]]idea[[/EN]] ta itace ni na zauna ne na lura da irin yanayin da matasa suke ciki yanzu eh na ga cewa",afriswitch-hausa-000765-nxSxmikDS1E_chunk_544096-551872_54--pstn-mulaw,nxSxmikDS1E_chunk,natural-afriswitch,3
audio/robustness/afriswitch-hausa-000765-nxSxmikDS1E_chunk_544096-551872_54--noise-10db.wav,042f87689c3b1d90ab3995d4cc8480fc232010943235b6d3f6b548da11ab60fb,8.699999809265137,noise-10db,7.776000022888184,Hausa-English,"To, gaskiya idea ta itace ni na zauna ne na lura da irin yanayin da matasa suke ciki yanzu eh na ga cewa","[[EN]]To,[[/EN]] gaskiya [[EN]]idea[[/EN]] ta itace ni na zauna ne na lura da irin yanayin da matasa suke ciki yanzu eh na ga cewa",afriswitch-hausa-000765-nxSxmikDS1E_chunk_544096-551872_54--noise-10db,nxSxmikDS1E_chunk,natural-afriswitch,3
audio/robustness/afriswitch-hausa-000765-nxSxmikDS1E_chunk_544096-551872_54--packet-loss-3pct.wav,0391dcef37cbd2876fd3d59438851fa1bf9a0d04a9517388f65206c91357cfca,8.699999809265137,packet-loss-3pct,7.776000022888184,Hausa-English,"To, gaskiya idea ta itace ni na zauna ne na lura da irin yanayin da matasa suke ciki yanzu eh na ga cewa","[[EN]]To,[[/EN]] gaskiya [[EN]]idea[[/EN]] ta itace ni na zauna ne na lura da irin yanayin da matasa suke ciki yanzu eh na ga cewa",afriswitch-hausa-000765-nxSxmikDS1E_chunk_544096-551872_54--packet-loss-3pct,nxSxmikDS1E_chunk,natural-afriswitch,3
audio/robustness/afriswitch-hausa-000780-FP1FSP4PLqI_chunk_453412-461824_40--pstn-mulaw.wav,b356119ca34b02c7fd9be2d6a68e8f797143649b71ae023a9ea9c552b47c2fb6,6.25,pstn-mulaw,8.411999702453613,Hausa-English,Ita albasa yadda aka yanka ta round round haka ake buqata asaka ta kenan Eh haka gaskiya ya dace saboda zai fi yin kyau bayan an gama abincin zaki ganshi ya fito,Ita albasa yadda aka yanka ta [[EN]]round round[[/EN]] haka ake buqata asaka ta kenan Eh haka gaskiya ya dace saboda zai fi yin kyau bayan an gama abincin zaki ganshi ya fito,afriswitch-hausa-000780-FP1FSP4PLqI_chunk_453412-461824_40--pstn-mulaw,FP1FSP4PLqI_chunk,natural-afriswitch,2
audio/robustness/afriswitch-hausa-000780-FP1FSP4PLqI_chunk_453412-461824_40--noise-10db.wav,6f3a379afab85a2cdce96b47a044fc71690a31e03505aa8b6ece0ccaff3b9f6b,6.25,noise-10db,8.411999702453613,Hausa-English,Ita albasa yadda aka yanka ta round round haka ake buqata asaka ta kenan Eh haka gaskiya ya dace saboda zai fi yin kyau bayan an gama abincin zaki ganshi ya fito,Ita albasa yadda aka yanka ta [[EN]]round round[[/EN]] haka ake buqata asaka ta kenan Eh haka gaskiya ya dace saboda zai fi yin kyau bayan an gama abincin zaki ganshi ya fito,afriswitch-hausa-000780-FP1FSP4PLqI_chunk_453412-461824_40--noise-10db,FP1FSP4PLqI_chunk,natural-afriswitch,2
audio/robustness/afriswitch-hausa-000780-FP1FSP4PLqI_chunk_453412-461824_40--packet-loss-3pct.wav,e3bcbbc441e57639002bccc8a2da1097e5ac05d5ed6fec16b73d7027e5c9e01b,6.25,packet-loss-3pct,8.411999702453613,Hausa-English,Ita albasa yadda aka yanka ta round round haka ake buqata asaka ta kenan Eh haka gaskiya ya dace saboda zai fi yin kyau bayan an gama abincin zaki ganshi ya fito,Ita albasa yadda aka yanka ta [[EN]]round round[[/EN]] haka ake buqata asaka ta kenan Eh haka gaskiya ya dace saboda zai fi yin kyau bayan an gama abincin zaki ganshi ya fito,afriswitch-hausa-000780-FP1FSP4PLqI_chunk_453412-461824_40--packet-loss-3pct,FP1FSP4PLqI_chunk,natural-afriswitch,2
audio/robustness/afriswitch-hausa-000796-QhhV4RQC1SI_chunk_813828-831260_72--pstn-mulaw.wav,623ec8b55a2618e7c0fe49981cd9652e9620c8c75e35b545adcb6c0270d06bc5,8.109999656677246,pstn-mulaw,17.999000549316406,Hausa-English,Yauwa Lisa yanzu saura ke Kunsan me Ina tunanin Agnes tayi takaran ta fini dacewa Ahn Shikenan mezai hana muzaba a tsakanin mu duk Wanda suke goyon bayan Agnes nendi ta zama shugaban firefet ya daga hannu,Yauwa Lisa yanzu saura ke Kunsan me Ina tunanin [[EN]]Agnes[[/EN]] tayi takaran ta fini dacewa Ahn Shikenan mezai hana muzaba a tsakanin mu duk Wanda suke goyon bayan [[EN]]Agnes[[/EN]] nendi ta zama shugaban [[EN]]firefet[[/EN]] ya daga hannu,afriswitch-hausa-000796-QhhV4RQC1SI_chunk_813828-831260_72--pstn-mulaw,QhhV4RQC1SI_chunk,natural-afriswitch,6
audio/robustness/afriswitch-hausa-000796-QhhV4RQC1SI_chunk_813828-831260_72--noise-10db.wav,777aebc4ef2dc718a0cac73396e8e9af44f27bc22a9dfe2da1c65d4558b5101f,8.109999656677246,noise-10db,17.999000549316406,Hausa-English,Yauwa Lisa yanzu saura ke Kunsan me Ina tunanin Agnes tayi takaran ta fini dacewa Ahn Shikenan mezai hana muzaba a tsakanin mu duk Wanda suke goyon bayan Agnes nendi ta zama shugaban firefet ya daga hannu,Yauwa Lisa yanzu saura ke Kunsan me Ina tunanin [[EN]]Agnes[[/EN]] tayi takaran ta fini dacewa Ahn Shikenan mezai hana muzaba a tsakanin mu duk Wanda suke goyon bayan [[EN]]Agnes[[/EN]] nendi ta zama shugaban [[EN]]firefet[[/EN]] ya daga hannu,afriswitch-hausa-000796-QhhV4RQC1SI_chunk_813828-831260_72--noise-10db,QhhV4RQC1SI_chunk,natural-afriswitch,6
audio/robustness/afriswitch-hausa-000796-QhhV4RQC1SI_chunk_813828-831260_72--packet-loss-3pct.wav,552f57e9dc696c92050a573deee3cc1b55f548b8541efecf170337e40f5932ce,8.109999656677246,packet-loss-3pct,17.999000549316406,Hausa-English,Yauwa Lisa yanzu saura ke Kunsan me Ina tunanin Agnes tayi takaran ta fini dacewa Ahn Shikenan mezai hana muzaba a tsakanin mu duk Wanda suke goyon bayan Agnes nendi ta zama shugaban firefet ya daga hannu,Yauwa Lisa yanzu saura ke Kunsan me Ina tunanin [[EN]]Agnes[[/EN]] tayi takaran ta fini dacewa Ahn Shikenan mezai hana muzaba a tsakanin mu duk Wanda suke goyon bayan [[EN]]Agnes[[/EN]] nendi ta zama shugaban [[EN]]firefet[[/EN]] ya daga hannu,afriswitch-hausa-000796-QhhV4RQC1SI_chunk_813828-831260_72--packet-loss-3pct,QhhV4RQC1SI_chunk,natural-afriswitch,6
audio/robustness/afriswitch-hausa-000855-7C68C03fiho_chunk_1793984-1807664_182--pstn-mulaw.wav,734ae50c5003b9a34f864e28be7463ded558333d30fd96d637eef304eaecfc98,6.25,pstn-mulaw,13.680000305175781,Hausa-English,"Masha Allah, gaskiya mun ji dadi ko da gaske to zai muka kalli kamar accountability kamar yadda fine gaskiya yadda ya kamata. Shin a ganinka a wani sauyi ake samu wani sau ko kuma da irin sawai sau aka samu a an shekarun nan na na baya so?","Masha Allah, gaskiya mun ji dadi ko da gaske [[EN]]to[[/EN]] zai muka kalli kamar [[EN]]accountability[[/EN]] kamar yadda [[EN]]fine[[/EN]] gaskiya yadda ya kamata. Shin a ganinka a wani sauyi ake samu wani sau ko kuma da irin sawai sau aka samu a an shekarun nan na na baya so?",afriswitch-hausa-000855-7C68C03fiho_chunk_1793984-1807664_182--pstn-mulaw,7C68C03fiho_chunk,natural-afriswitch,6
audio/robustness/afriswitch-hausa-000855-7C68C03fiho_chunk_1793984-1807664_182--noise-10db.wav,13a80e40e8abd189b0a45e56830c9f3d579c425ce70d12d1e91095f020c900e2,6.25,noise-10db,13.680000305175781,Hausa-English,"Masha Allah, gaskiya mun ji dadi ko da gaske to zai muka kalli kamar accountability kamar yadda fine gaskiya yadda ya kamata. Shin a ganinka a wani sauyi ake samu wani sau ko kuma da irin sawai sau aka samu a an shekarun nan na na baya so?","Masha Allah, gaskiya mun ji dadi ko da gaske [[EN]]to[[/EN]] zai muka kalli kamar [[EN]]accountability[[/EN]] kamar yadda [[EN]]fine[[/EN]] gaskiya yadda ya kamata. Shin a ganinka a wani sauyi ake samu wani sau ko kuma da irin sawai sau aka samu a an shekarun nan na na baya so?",afriswitch-hausa-000855-7C68C03fiho_chunk_1793984-1807664_182--noise-10db,7C68C03fiho_chunk,natural-afriswitch,6
audio/robustness/afriswitch-hausa-000855-7C68C03fiho_chunk_1793984-1807664_182--packet-loss-3pct.wav,f6897fd2e68aa2e8f8b2e5fd3e857d96507c62bf6f41aea033bf3a283f3e785b,6.25,packet-loss-3pct,13.680000305175781,Hausa-English,"Masha Allah, gaskiya mun ji dadi ko da gaske to zai muka kalli kamar accountability kamar yadda fine gaskiya yadda ya kamata. Shin a ganinka a wani sauyi ake samu wani sau ko kuma da irin sawai sau aka samu a an shekarun nan na na baya so?","Masha Allah, gaskiya mun ji dadi ko da gaske [[EN]]to[[/EN]] zai muka kalli kamar [[EN]]accountability[[/EN]] kamar yadda [[EN]]fine[[/EN]] gaskiya yadda ya kamata. Shin a ganinka a wani sauyi ake samu wani sau ko kuma da irin sawai sau aka samu a an shekarun nan na na baya so?",afriswitch-hausa-000855-7C68C03fiho_chunk_1793984-1807664_182--packet-loss-3pct,7C68C03fiho_chunk,natural-afriswitch,6
audio/robustness/afriswitch-hausa-000856-zFVp4593XZY_chunk_1345700-1356412_131--pstn-mulaw.wav,e1a082d5e149e7b2bef986b7732096fdd430a337556ba15024b55c852b1fa878,7.5,pstn-mulaw,12.031000137329102,Hausa-English,kai kana da matsala wallahi don kawai kana so in zo studio shine zaka min karya wai ina da bakuwa to barin gayama wani abu daya wallahi ba zan fito ba yau wanki ma nakeyi yanzu haka nake ina gida,kai kana da matsala wallahi don kawai kana [[EN]]so[[/EN]] in zo [[EN]]studio[[/EN]] shine zaka min karya wai ina da bakuwa [[EN]]to[[/EN]] barin gayama wani abu daya wallahi ba zan fito ba yau wanki ma nakeyi yanzu haka nake ina gida,afriswitch-hausa-000856-zFVp4593XZY_chunk_1345700-1356412_131--pstn-mulaw,zFVp4593XZY_chunk,natural-afriswitch,6
audio/robustness/afriswitch-hausa-000856-zFVp4593XZY_chunk_1345700-1356412_131--noise-10db.wav,0dc2ab374df7238df545c79815f42597caa0d9f498c1f13c8c1c29cdb05a44f4,7.5,noise-10db,12.031000137329102,Hausa-English,kai kana da matsala wallahi don kawai kana so in zo studio shine zaka min karya wai ina da bakuwa to barin gayama wani abu daya wallahi ba zan fito ba yau wanki ma nakeyi yanzu haka nake ina gida,kai kana da matsala wallahi don kawai kana [[EN]]so[[/EN]] in zo [[EN]]studio[[/EN]] shine zaka min karya wai ina da bakuwa [[EN]]to[[/EN]] barin gayama wani abu daya wallahi ba zan fito ba yau wanki ma nakeyi yanzu haka nake ina gida,afriswitch-hausa-000856-zFVp4593XZY_chunk_1345700-1356412_131--noise-10db,zFVp4593XZY_chunk,natural-afriswitch,6
audio/robustness/afriswitch-hausa-000856-zFVp4593XZY_chunk_1345700-1356412_131--packet-loss-3pct.wav,dd1844ef4f925a0288d53c2c7e09c1cdb54495d89f5d05f0fe71a4568e821664,7.5,packet-loss-3pct,12.031000137329102,Hausa-English,kai kana da matsala wallahi don kawai kana so in zo studio shine zaka min karya wai ina da bakuwa to barin gayama wani abu daya wallahi ba zan fito ba yau wanki ma nakeyi yanzu haka nake ina gida,kai kana da matsala wallahi don kawai kana [[EN]]so[[/EN]] in zo [[EN]]studio[[/EN]] shine zaka min karya wai ina da bakuwa [[EN]]to[[/EN]] barin gayama wani abu daya wallahi ba zan fito ba yau wanki ma nakeyi yanzu haka nake ina gida,afriswitch-hausa-000856-zFVp4593XZY_chunk_1345700-1356412_131--packet-loss-3pct,zFVp4593XZY_chunk,natural-afriswitch,6
audio/robustness/afriswitch-hausa-000863-Zw1dZAGkh2s_chunk_239940-246672_22--pstn-mulaw.wav,70d38a933cf4a70e165cf6aba3d0c3fad5bada5ca5da71f0fdb7db439b4284c4,20.0,pstn-mulaw,6.73199987411499,Hausa-English,"Yan watanni kadan da suka gabata, kwararriyan mai kwalliyar ta kasance soja na tsaro na tigrey wato tigrey defence force","Yan watanni kadan da suka gabata, kwararriyan mai kwalliyar ta kasance soja na tsaro na [[EN]]tigrey[[/EN]] wato [[EN]]tigrey defence force[[/EN]]",afriswitch-hausa-000863-Zw1dZAGkh2s_chunk_239940-246672_22--pstn-mulaw,Zw1dZAGkh2s_chunk,natural-afriswitch,3
audio/robustness/afriswitch-hausa-000863-Zw1dZAGkh2s_chunk_239940-246672_22--noise-10db.wav,87ebfe15d5b0985f2f4f60e561638ec3c349dd7d0b4b6b7dc62d706451a6ea57,20.0,noise-10db,6.73199987411499,Hausa-English,"Yan watanni kadan da suka gabata, kwararriyan mai kwalliyar ta kasance soja na tsaro na tigrey wato tigrey defence force","Yan watanni kadan da suka gabata, kwararriyan mai kwalliyar ta kasance soja na tsaro na [[EN]]tigrey[[/EN]] wato [[EN]]tigrey defence force[[/EN]]",afriswitch-hausa-000863-Zw1dZAGkh2s_chunk_239940-246672_22--noise-10db,Zw1dZAGkh2s_chunk,natural-afriswitch,3
audio/robustness/afriswitch-hausa-000863-Zw1dZAGkh2s_chunk_239940-246672_22--packet-loss-3pct.wav,06e57869c7eb1f76ca7709d4c492bacc3b953df7f47c7e82ef3aecb62bbf02a4,20.0,packet-loss-3pct,6.73199987411499,Hausa-English,"Yan watanni kadan da suka gabata, kwararriyan mai kwalliyar ta kasance soja na tsaro na tigrey wato tigrey defence force","Yan watanni kadan da suka gabata, kwararriyan mai kwalliyar ta kasance soja na tsaro na [[EN]]tigrey[[/EN]] wato [[EN]]tigrey defence force[[/EN]]",afriswitch-hausa-000863-Zw1dZAGkh2s_chunk_239940-246672_22--packet-loss-3pct,Zw1dZAGkh2s_chunk,natural-afriswitch,3
audio/robustness/afriswitch-hausa-000872-c9c1e8838019418e96f872f2b1a314bb--pstn-mulaw.wav,50e8e14a7bd42131cfc3db394352fec4cdef457f2919cbb4ef75377d36105363,5.260000228881836,pstn-mulaw,29.0,Hausa-English,Cut off shiga dakin wani ko wata ko wani a kira a ce a a zo zamu ciya abu a ce ki shiga gida karki shiga wanda ya ke so ya siya abu ya fito waje ya siya already an yi mana wanann nasihan nasihan wato so boda haka baƙi bi shi ba ban bi shi ba to a lokacin da na san lokacin kina er karamarkin ta ya kika samu overcoming waɗannan challenges din musamman shi wannan cin zarafin da kika fadi gaskiya gidan da mu taso an nuna mana kaunar da soyayya sosai,[[EN]]Cut off[[/EN]] shiga dakin wani ko wata ko wani a kira a ce a a zo zamu ciya abu a ce ki shiga gida karki shiga wanda ya ke so ya siya abu ya fito waje ya siya [[EN]]already[[/EN]] an yi mana wanann nasihan nasihan wato so boda haka baƙi bi shi ba ban bi shi ba to a lokacin da na san lokacin kina er karamarkin ta ya kika samu [[EN]]overcoming[[/EN]] waɗannan [[EN]]challenges[[/EN]] din musamman shi wannan cin zarafin da kika fadi gaskiya gidan da mu taso an nuna mana kaunar da soyayya sosai,afriswitch-hausa-000872-c9c1e8838019418e96f872f2b1a314bb--pstn-mulaw,c9c1e8838019418e96f872f2b1a314bb,natural-afriswitch,7
audio/robustness/afriswitch-hausa-000872-c9c1e8838019418e96f872f2b1a314bb--noise-10db.wav,3231cd4e33aac10a99b95f7cc78cb2baa549f8720fe47b79084dcc9d6498f39d,5.260000228881836,noise-10db,29.0,Hausa-English,Cut off shiga dakin wani ko wata ko wani a kira a ce a a zo zamu ciya abu a ce ki shiga gida karki shiga wanda ya ke so ya siya abu ya fito waje ya siya already an yi mana wanann nasihan nasihan wato so boda haka baƙi bi shi ba ban bi shi ba to a lokacin da na san lokacin kina er karamarkin ta ya kika samu overcoming waɗannan challenges din musamman shi wannan cin zarafin da kika fadi gaskiya gidan da mu taso an nuna mana kaunar da soyayya sosai,[[EN]]Cut off[[/EN]] shiga dakin wani ko wata ko wani a kira a ce a a zo zamu ciya abu a ce ki shiga gida karki shiga wanda ya ke so ya siya abu ya fito waje ya siya [[EN]]already[[/EN]] an yi mana wanann nasihan nasihan wato so boda haka baƙi bi shi ba ban bi shi ba to a lokacin da na san lokacin kina er karamarkin ta ya kika samu [[EN]]overcoming[[/EN]] waɗannan [[EN]]challenges[[/EN]] din musamman shi wannan cin zarafin da kika fadi gaskiya gidan da mu taso an nuna mana kaunar da soyayya sosai,afriswitch-hausa-000872-c9c1e8838019418e96f872f2b1a314bb--noise-10db,c9c1e8838019418e96f872f2b1a314bb,natural-afriswitch,7
audio/robustness/afriswitch-hausa-000872-c9c1e8838019418e96f872f2b1a314bb--packet-loss-3pct.wav,f2a53ae64f372c19d9d003f59d34d5cc888f6af81fc5f5c44a16fd099131d23d,5.260000228881836,packet-loss-3pct,29.0,Hausa-English,Cut off shiga dakin wani ko wata ko wani a kira a ce a a zo zamu ciya abu a ce ki shiga gida karki shiga wanda ya ke so ya siya abu ya fito waje ya siya already an yi mana wanann nasihan nasihan wato so boda haka baƙi bi shi ba ban bi shi ba to a lokacin da na san lokacin kina er karamarkin ta ya kika samu overcoming waɗannan challenges din musamman shi wannan cin zarafin da kika fadi gaskiya gidan da mu taso an nuna mana kaunar da soyayya sosai,[[EN]]Cut off[[/EN]] shiga dakin wani ko wata ko wani a kira a ce a a zo zamu ciya abu a ce ki shiga gida karki shiga wanda ya ke so ya siya abu ya fito waje ya siya [[EN]]already[[/EN]] an yi mana wanann nasihan nasihan wato so boda haka baƙi bi shi ba ban bi shi ba to a lokacin da na san lokacin kina er karamarkin ta ya kika samu [[EN]]overcoming[[/EN]] waɗannan [[EN]]challenges[[/EN]] din musamman shi wannan cin zarafin da kika fadi gaskiya gidan da mu taso an nuna mana kaunar da soyayya sosai,afriswitch-hausa-000872-c9c1e8838019418e96f872f2b1a314bb--packet-loss-3pct,c9c1e8838019418e96f872f2b1a314bb,natural-afriswitch,7
audio/robustness/afriswitch-hausa-000902-O4eq8j5LvrA_chunk_2299104-2317024_258--pstn-mulaw.wav,de19c08635c35b143bc52d95acaf0db0897bf134f679e04b8335de8649388c33,3.640000104904175,pstn-mulaw,17.920000076293945,Hausa-English,To a'a shi ba fah wai a siyar bane aci kudin shi dai a sayar da motan in tambaye ki za a sa kudin a gaba ana kallon su ne. Wayau yake mata daga an ce a saida ai akwai wani business opportunity zai kwace mata yan kudadan ta toh mu kima an maudu'in mu,To a'a shi ba fah wai a siyar bane aci kudin shi dai a sayar da motan in tambaye ki za a sa kudin a gaba ana kallon su ne. Wayau yake mata daga an ce a saida ai akwai wani [[EN]]business opportunity[[/EN]] zai kwace mata yan kudadan ta toh mu kima an maudu'in mu,afriswitch-hausa-000902-O4eq8j5LvrA_chunk_2299104-2317024_258--pstn-mulaw,O4eq8j5LvrA_chunk,natural-afriswitch,2
audio/robustness/afriswitch-hausa-000902-O4eq8j5LvrA_chunk_2299104-2317024_258--noise-10db.wav,2dd89e6e4aaf70c5ce09d997e3b0df3cfa7c35cd2cf512c53f475f9583d3f3e6,3.640000104904175,noise-10db,17.920000076293945,Hausa-English,To a'a shi ba fah wai a siyar bane aci kudin shi dai a sayar da motan in tambaye ki za a sa kudin a gaba ana kallon su ne. Wayau yake mata daga an ce a saida ai akwai wani business opportunity zai kwace mata yan kudadan ta toh mu kima an maudu'in mu,To a'a shi ba fah wai a siyar bane aci kudin shi dai a sayar da motan in tambaye ki za a sa kudin a gaba ana kallon su ne. Wayau yake mata daga an ce a saida ai akwai wani [[EN]]business opportunity[[/EN]] zai kwace mata yan kudadan ta toh mu kima an maudu'in mu,afriswitch-hausa-000902-O4eq8j5LvrA_chunk_2299104-2317024_258--noise-10db,O4eq8j5LvrA_chunk,natural-afriswitch,2
audio/robustness/afriswitch-hausa-000902-O4eq8j5LvrA_chunk_2299104-2317024_258--packet-loss-3pct.wav,2ec902702204c28575adaf03b6d52c357fe3872ed16fb5edc0ae75d5454692aa,3.640000104904175,packet-loss-3pct,17.920000076293945,Hausa-English,To a'a shi ba fah wai a siyar bane aci kudin shi dai a sayar da motan in tambaye ki za a sa kudin a gaba ana kallon su ne. Wayau yake mata daga an ce a saida ai akwai wani business opportunity zai kwace mata yan kudadan ta toh mu kima an maudu'in mu,To a'a shi ba fah wai a siyar bane aci kudin shi dai a sayar da motan in tambaye ki za a sa kudin a gaba ana kallon su ne. Wayau yake mata daga an ce a saida ai akwai wani [[EN]]business opportunity[[/EN]] zai kwace mata yan kudadan ta toh mu kima an maudu'in mu,afriswitch-hausa-000902-O4eq8j5LvrA_chunk_2299104-2317024_258--packet-loss-3pct,O4eq8j5LvrA_chunk,natural-afriswitch,2
audio/robustness/afriswitch-hausa-000903-TwGY2-M81zE_chunk_2671104-2681120_283--pstn-mulaw.wav,2d8b353d1834f330fe0019581d06d4d833d10caf28112c240688f5995883a331,6.449999809265137,pstn-mulaw,10.015999794006348,Hausa-English,Ya dauko 'yan daba ya sasu a cikin al'ummar gari ya sada zumunci tsakanin al'umma gari da 'yan daba. Akwai wata ball da aka dan gayyace ni a Sani Abacha stadium.,Ya dauko 'yan daba ya sasu a cikin al'ummar gari ya sada zumunci tsakanin al'umma gari da 'yan daba. Akwai wata [[EN]]ball[[/EN]] da aka dan gayyace ni a Sani Abacha [[EN]]stadium.[[/EN]],afriswitch-hausa-000903-TwGY2-M81zE_chunk_2671104-2681120_283--pstn-mulaw,TwGY2_M81zE,natural-afriswitch,3
audio/robustness/afriswitch-hausa-000903-TwGY2-M81zE_chunk_2671104-2681120_283--noise-10db.wav,d2ca28e8062191853d0c105dbd42750714fd1e73a17eff1884a13358f7b59b47,6.449999809265137,noise-10db,10.015999794006348,Hausa-English,Ya dauko 'yan daba ya sasu a cikin al'ummar gari ya sada zumunci tsakanin al'umma gari da 'yan daba. Akwai wata ball da aka dan gayyace ni a Sani Abacha stadium.,Ya dauko 'yan daba ya sasu a cikin al'ummar gari ya sada zumunci tsakanin al'umma gari da 'yan daba. Akwai wata [[EN]]ball[[/EN]] da aka dan gayyace ni a Sani Abacha [[EN]]stadium.[[/EN]],afriswitch-hausa-000903-TwGY2-M81zE_chunk_2671104-2681120_283--noise-10db,TwGY2_M81zE,natural-afriswitch,3
audio/robustness/afriswitch-hausa-000903-TwGY2-M81zE_chunk_2671104-2681120_283--packet-loss-3pct.wav,9d4f79ad9fddd5e794ebed49d2c13305107ef6a1f01655a55e6230003a7d5bed,6.449999809265137,packet-loss-3pct,10.015999794006348,Hausa-English,Ya dauko 'yan daba ya sasu a cikin al'ummar gari ya sada zumunci tsakanin al'umma gari da 'yan daba. Akwai wata ball da aka dan gayyace ni a Sani Abacha stadium.,Ya dauko 'yan daba ya sasu a cikin al'ummar gari ya sada zumunci tsakanin al'umma gari da 'yan daba. Akwai wata [[EN]]ball[[/EN]] da aka dan gayyace ni a Sani Abacha [[EN]]stadium.[[/EN]],afriswitch-hausa-000903-TwGY2-M81zE_chunk_2671104-2681120_283--packet-loss-3pct,TwGY2_M81zE,natural-afriswitch,3
audio/robustness/afriswitch-hausa-000908-w-Rzjskwfis_chunk_2052100-2060656_175--pstn-mulaw.wav,00e84e49cc0f53d2939d0cdd16691a0bd12285c9dde1e87eba47ca5d9dbe101f,16.1299991607666,pstn-mulaw,8.555999755859375,Hausa-English,"Timesup U see zat line wancan layin da wancan saukan mu su, angama! Bassa! muna da gida guda biyu da suke biyan mu a wannan layin da kasa zamu sauke yanzu.","[[EN]]Timesup U see zat line[[/EN]] wancan layin da wancan saukan mu su, angama! Bassa! muna da gida guda biyu da suke biyan mu a wannan layin da kasa zamu sauke yanzu.",afriswitch-hausa-000908-w-Rzjskwfis_chunk_2052100-2060656_175--pstn-mulaw,w_Rzjskwfis,natural-afriswitch,1
audio/robustness/afriswitch-hausa-000908-w-Rzjskwfis_chunk_2052100-2060656_175--noise-10db.wav,17e72788ea1c3d270b949eb4c39214b163c344f31e594ad1c6f40920d2a2dbce,16.1299991607666,noise-10db,8.555999755859375,Hausa-English,"Timesup U see zat line wancan layin da wancan saukan mu su, angama! Bassa! muna da gida guda biyu da suke biyan mu a wannan layin da kasa zamu sauke yanzu.","[[EN]]Timesup U see zat line[[/EN]] wancan layin da wancan saukan mu su, angama! Bassa! muna da gida guda biyu da suke biyan mu a wannan layin da kasa zamu sauke yanzu.",afriswitch-hausa-000908-w-Rzjskwfis_chunk_2052100-2060656_175--noise-10db,w_Rzjskwfis,natural-afriswitch,1
audio/robustness/afriswitch-hausa-000908-w-Rzjskwfis_chunk_2052100-2060656_175--packet-loss-3pct.wav,12b6aebd3a185fe183c3caca1b1c6018ba1ce0abb46abe46b4b3cbb2caaabaad,16.1299991607666,packet-loss-3pct,8.555999755859375,Hausa-English,"Timesup U see zat line wancan layin da wancan saukan mu su, angama! Bassa! muna da gida guda biyu da suke biyan mu a wannan layin da kasa zamu sauke yanzu.","[[EN]]Timesup U see zat line[[/EN]] wancan layin da wancan saukan mu su, angama! Bassa! muna da gida guda biyu da suke biyan mu a wannan layin da kasa zamu sauke yanzu.",afriswitch-hausa-000908-w-Rzjskwfis_chunk_2052100-2060656_175--packet-loss-3pct,w_Rzjskwfis,natural-afriswitch,1
audio/robustness/afriswitch-hausa-000963-QhhV4RQC1SI_chunk_395792-411360_32--pstn-mulaw.wav,43847c8b1a1189088a2e788d4227e132740f17ccb6f9db3de89c06084345b5bb,2.1700000762939453,pstn-mulaw,15.567999839782715,Hausa-English,Kara mun karsashi da kwarewarki da kuma irin salanki ina son haka um wai takamaiman me kike so a gurina nemu to sun tambaya ta ka rashi gwarin frifet zanyi ina so ki tsaya mun kuma bana tunanin akwai wanda tafi dacewa in baki baya miki,Kara mun karsashi da kwarewarki da kuma irin salanki ina son haka um wai takamaiman me kike so a gurina nemu to sun tambaya ta ka rashi gwarin [[EN]]frifet[[/EN]] zanyi ina so ki tsaya mun kuma bana tunanin akwai wanda tafi dacewa in baki baya miki,afriswitch-hausa-000963-QhhV4RQC1SI_chunk_395792-411360_32--pstn-mulaw,QhhV4RQC1SI_chunk,natural-afriswitch,2
audio/robustness/afriswitch-hausa-000963-QhhV4RQC1SI_chunk_395792-411360_32--noise-10db.wav,fb4263f1376c072b54bfc3fbda8fdd896c323600411e7d095b8548c15d494110,2.1700000762939453,noise-10db,15.567999839782715,Hausa-English,Kara mun karsashi da kwarewarki da kuma irin salanki ina son haka um wai takamaiman me kike so a gurina nemu to sun tambaya ta ka rashi gwarin frifet zanyi ina so ki tsaya mun kuma bana tunanin akwai wanda tafi dacewa in baki baya miki,Kara mun karsashi da kwarewarki da kuma irin salanki ina son haka um wai takamaiman me kike so a gurina nemu to sun tambaya ta ka rashi gwarin [[EN]]frifet[[/EN]] zanyi ina so ki tsaya mun kuma bana tunanin akwai wanda tafi dacewa in baki baya miki,afriswitch-hausa-000963-QhhV4RQC1SI_chunk_395792-411360_32--noise-10db,QhhV4RQC1SI_chunk,natural-afriswitch,2
audio/robustness/afriswitch-hausa-000963-QhhV4RQC1SI_chunk_395792-411360_32--packet-loss-3pct.wav,687e7cd507c51178bec024baa20ec2da3201939540989338de770afc916c6bed,2.1700000762939453,packet-loss-3pct,15.567999839782715,Hausa-English,Kara mun karsashi da kwarewarki da kuma irin salanki ina son haka um wai takamaiman me kike so a gurina nemu to sun tambaya ta ka rashi gwarin frifet zanyi ina so ki tsaya mun kuma bana tunanin akwai wanda tafi dacewa in baki baya miki,Kara mun karsashi da kwarewarki da kuma irin salanki ina son haka um wai takamaiman me kike so a gurina nemu to sun tambaya ta ka rashi gwarin [[EN]]frifet[[/EN]] zanyi ina so ki tsaya mun kuma bana tunanin akwai wanda tafi dacewa in baki baya miki,afriswitch-hausa-000963-QhhV4RQC1SI_chunk_395792-411360_32--packet-loss-3pct,QhhV4RQC1SI_chunk,natural-afriswitch,2
audio/robustness/afriswitch-hausa-000972-_4ksyQsw28M_chunk_426576-433760_45--pstn-mulaw.wav,a12a842a5d347c2ad149c20804e77cdbc8598aae71d2dcfd7f072d224df9fc88,16.670000076293945,pstn-mulaw,7.184000015258789,Hausa-English,"Tor shi kanshi waken, 99% ai,suga ne a cikin, protein ne amma da suga, ka ga ne,tor a wannan.","Tor shi kanshi [[EN]]waken,[[/EN]] 99% ai,suga ne a cikin, [[EN]]protein[[/EN]] ne amma da suga, ka ga [[EN]]ne,tor[[/EN]] a wannan.",afriswitch-hausa-000972-_4ksyQsw28M_chunk_426576-433760_45--pstn-mulaw,_4ksyQsw28M,natural-afriswitch,6
audio/robustness/afriswitch-hausa-000972-_4ksyQsw28M_chunk_426576-433760_45--noise-10db.wav,7368c81f6ef43b4f9f4cdfc4dc40d25d0ff51ae12d99a8ff6a872221ce81aa7b,16.670000076293945,noise-10db,7.184000015258789,Hausa-English,"Tor shi kanshi waken, 99% ai,suga ne a cikin, protein ne amma da suga, ka ga ne,tor a wannan.","Tor shi kanshi [[EN]]waken,[[/EN]] 99% ai,suga ne a cikin, [[EN]]protein[[/EN]] ne amma da suga, ka ga [[EN]]ne,tor[[/EN]] a wannan.",afriswitch-hausa-000972-_4ksyQsw28M_chunk_426576-433760_45--noise-10db,_4ksyQsw28M,natural-afriswitch,6
audio/robustness/afriswitch-hausa-000972-_4ksyQsw28M_chunk_426576-433760_45--packet-loss-3pct.wav,2fa6795fa30ea40937254171ea44c2095d18b7db50bdf01e01c2cb316f60b222,16.670000076293945,packet-loss-3pct,7.184000015258789,Hausa-English,"Tor shi kanshi waken, 99% ai,suga ne a cikin, protein ne amma da suga, ka ga ne,tor a wannan.","Tor shi kanshi [[EN]]waken,[[/EN]] 99% ai,suga ne a cikin, [[EN]]protein[[/EN]] ne amma da suga, ka ga [[EN]]ne,tor[[/EN]] a wannan.",afriswitch-hausa-000972-_4ksyQsw28M_chunk_426576-433760_45--packet-loss-3pct,_4ksyQsw28M,natural-afriswitch,6
audio/robustness/afriswitch-hausa-000974-2x39Sx_u1mM_chunk_87552-97792_11--pstn-mulaw.wav,5bcd9dd18fa280c9ef16f8fcd1cca18ee0dc2d5eddf6fe9859fd136b267bb08d,45.0,pstn-mulaw,10.239999771118164,Hausa-English,"Recharge. To abinda zakayi gashi nan ga wallet address da zakayi copy, TRC20, TRC20 zakayi copying se ka shiga am","[[EN]]Recharge. To[[/EN]] abinda zakayi gashi nan ga [[EN]]wallet address[[/EN]] da zakayi [[EN]]copy, TRC20, TRC20[[/EN]] zakayi [[EN]]copying[[/EN]] se ka shiga [[EN]]am[[/EN]]",afriswitch-hausa-000974-2x39Sx_u1mM_chunk_87552-97792_11--pstn-mulaw,2x39Sx_u1mM,natural-afriswitch,8
audio/robustness/afriswitch-hausa-000974-2x39Sx_u1mM_chunk_87552-97792_11--noise-10db.wav,7ca2fdd5135a2d4915613c5fbb59fbadbf89531ce9c5bfc22f38e4a1117b2d00,45.0,noise-10db,10.239999771118164,Hausa-English,"Recharge. To abinda zakayi gashi nan ga wallet address da zakayi copy, TRC20, TRC20 zakayi copying se ka shiga am","[[EN]]Recharge. To[[/EN]] abinda zakayi gashi nan ga [[EN]]wallet address[[/EN]] da zakayi [[EN]]copy, TRC20, TRC20[[/EN]] zakayi [[EN]]copying[[/EN]] se ka shiga [[EN]]am[[/EN]]",afriswitch-hausa-000974-2x39Sx_u1mM_chunk_87552-97792_11--noise-10db,2x39Sx_u1mM,natural-afriswitch,8
audio/robustness/afriswitch-hausa-000974-2x39Sx_u1mM_chunk_87552-97792_11--packet-loss-3pct.wav,d3db8202f9c65e6d625efdde79b9ee87ba7629b99c357fc9bf5af5749ccf972b,45.0,packet-loss-3pct,10.239999771118164,Hausa-English,"Recharge. To abinda zakayi gashi nan ga wallet address da zakayi copy, TRC20, TRC20 zakayi copying se ka shiga am","[[EN]]Recharge. To[[/EN]] abinda zakayi gashi nan ga [[EN]]wallet address[[/EN]] da zakayi [[EN]]copy, TRC20, TRC20[[/EN]] zakayi [[EN]]copying[[/EN]] se ka shiga [[EN]]am[[/EN]]",afriswitch-hausa-000974-2x39Sx_u1mM_chunk_87552-97792_11--packet-loss-3pct,2x39Sx_u1mM,natural-afriswitch,8
audio/robustness/afriswitch-hausa-001001-RTyE20wftpc_chunk_493408-507792_45--pstn-mulaw.wav,5d9b8b49200c2b6b680d942a5a6a2aa019bf104f47276ef877b0ccedfd3dd7e7,19.350000381469727,pstn-mulaw,14.383999824523926,Hausa-English,Makarantu ta gamayya ta tarayya Yawwa awajen nayi makaranta ban da haka kuma na je makarantar military na je makarantar military that's my primary school tun daga lokacin mukayi ta abubuwa,Makarantu ta gamayya ta tarayya Yawwa awajen nayi makaranta ban da haka kuma na je makarantar [[EN]]military[[/EN]] na je makarantar [[EN]]military that's my primary school[[/EN]] tun daga lokacin mukayi ta abubuwa,afriswitch-hausa-001001-RTyE20wftpc_chunk_493408-507792_45--pstn-mulaw,RTyE20wftpc_chunk,natural-afriswitch,4
audio/robustness/afriswitch-hausa-001001-RTyE20wftpc_chunk_493408-507792_45--noise-10db.wav,43dd7c7d3203a24ddb94fa595f3dba621bc8739035c7d6952ecb3b723fd7557d,19.350000381469727,noise-10db,14.383999824523926,Hausa-English,Makarantu ta gamayya ta tarayya Yawwa awajen nayi makaranta ban da haka kuma na je makarantar military na je makarantar military that's my primary school tun daga lokacin mukayi ta abubuwa,Makarantu ta gamayya ta tarayya Yawwa awajen nayi makaranta ban da haka kuma na je makarantar [[EN]]military[[/EN]] na je makarantar [[EN]]military that's my primary school[[/EN]] tun daga lokacin mukayi ta abubuwa,afriswitch-hausa-001001-RTyE20wftpc_chunk_493408-507792_45--noise-10db,RTyE20wftpc_chunk,natural-afriswitch,4
audio/robustness/afriswitch-hausa-001001-RTyE20wftpc_chunk_493408-507792_45--packet-loss-3pct.wav,534a70d4ab0d96ad0a4dc4ad2b7981dc51acbb034c8b79a971255c590172a4be,19.350000381469727,packet-loss-3pct,14.383999824523926,Hausa-English,Makarantu ta gamayya ta tarayya Yawwa awajen nayi makaranta ban da haka kuma na je makarantar military na je makarantar military that's my primary school tun daga lokacin mukayi ta abubuwa,Makarantu ta gamayya ta tarayya Yawwa awajen nayi makaranta ban da haka kuma na je makarantar [[EN]]military[[/EN]] na je makarantar [[EN]]military that's my primary school[[/EN]] tun daga lokacin mukayi ta abubuwa,afriswitch-hausa-001001-RTyE20wftpc_chunk_493408-507792_45--packet-loss-3pct,RTyE20wftpc_chunk,natural-afriswitch,4
audio/robustness/afriswitch-hausa-001014-5FMDTQzfNN0_chunk_1954640-1959260_179--pstn-mulaw.wav,c6460910e3678b055d99b56bfcaa29dbf530efaad79fd6609fe4fe119cae3fee,7.139999866485596,pstn-mulaw,5.556000232696533,Hausa-English,"Me amfanin tashin hankali ne, ke rayya wannan ba seniornki bane kike masa ihu","Me amfanin tashin hankali ne, ke rayya wannan ba [[EN]]seniornki[[/EN]] bane kike masa ihu",afriswitch-hausa-001014-5FMDTQzfNN0_chunk_1954640-1959260_179--pstn-mulaw,5FMDTQzfNN0_chunk,natural-afriswitch,2
audio/robustness/afriswitch-hausa-001014-5FMDTQzfNN0_chunk_1954640-1959260_179--noise-10db.wav,48c2a489326e306fc27eb5511cbcfa4c421418fda9ebfb4cb2fb87b83e07eae0,7.139999866485596,noise-10db,5.556000232696533,Hausa-English,"Me amfanin tashin hankali ne, ke rayya wannan ba seniornki bane kike masa ihu","Me amfanin tashin hankali ne, ke rayya wannan ba [[EN]]seniornki[[/EN]] bane kike masa ihu",afriswitch-hausa-001014-5FMDTQzfNN0_chunk_1954640-1959260_179--noise-10db,5FMDTQzfNN0_chunk,natural-afriswitch,2
audio/robustness/afriswitch-hausa-001014-5FMDTQzfNN0_chunk_1954640-1959260_179--packet-loss-3pct.wav,d503702dda4b3381c137419aa40ab849e8a7b461b971b03aa62a6f7bf7d173b4,7.139999866485596,packet-loss-3pct,5.556000232696533,Hausa-English,"Me amfanin tashin hankali ne, ke rayya wannan ba seniornki bane kike masa ihu","Me amfanin tashin hankali ne, ke rayya wannan ba [[EN]]seniornki[[/EN]] bane kike masa ihu",afriswitch-hausa-001014-5FMDTQzfNN0_chunk_1954640-1959260_179--packet-loss-3pct,5FMDTQzfNN0_chunk,natural-afriswitch,2
audio/robustness/afriswitch-hausa-001046-cF5H4ldem_8_chunk_689360-697184_60--pstn-mulaw.wav,5ad132257167a37886a06d2911f2cbc45f29f8d12cedc8da8c30bce6ed8a8b91,3.569999933242798,pstn-mulaw,7.823999881744385,Hausa-English,"Ai na gama kerata na bashi, wanda ya ja yayi accident shi ya jiyo, wanda yaje lafiya shi ya jiyo ni na gama nawa. Ahhhh… toh, ikon Allah. Toh.","Ai na gama kerata na bashi, wanda ya ja yayi [[EN]]accident[[/EN]] shi ya jiyo, wanda yaje lafiya shi ya jiyo ni na gama nawa. Ahhhh… toh, ikon Allah. Toh.",afriswitch-hausa-001046-cF5H4ldem_8_chunk_689360-697184_60--pstn-mulaw,cF5H4ldem_8,natural-afriswitch,2
audio/robustness/afriswitch-hausa-001046-cF5H4ldem_8_chunk_689360-697184_60--noise-10db.wav,0b4f748c300f5702663ce3ea6fe7fde6d17e153699f5e6656f25f80bd902fb16,3.569999933242798,noise-10db,7.823999881744385,Hausa-English,"Ai na gama kerata na bashi, wanda ya ja yayi accident shi ya jiyo, wanda yaje lafiya shi ya jiyo ni na gama nawa. Ahhhh… toh, ikon Allah. Toh.","Ai na gama kerata na bashi, wanda ya ja yayi [[EN]]accident[[/EN]] shi ya jiyo, wanda yaje lafiya shi ya jiyo ni na gama nawa. Ahhhh… toh, ikon Allah. Toh.",afriswitch-hausa-001046-cF5H4ldem_8_chunk_689360-697184_60--noise-10db,cF5H4ldem_8,natural-afriswitch,2
audio/robustness/afriswitch-hausa-001046-cF5H4ldem_8_chunk_689360-697184_60--packet-loss-3pct.wav,9203d2c064b208cdf26224279915aa8c11bbfd1b1b205f98b0977ed9c2611551,3.569999933242798,packet-loss-3pct,7.823999881744385,Hausa-English,"Ai na gama kerata na bashi, wanda ya ja yayi accident shi ya jiyo, wanda yaje lafiya shi ya jiyo ni na gama nawa. Ahhhh… toh, ikon Allah. Toh.","Ai na gama kerata na bashi, wanda ya ja yayi [[EN]]accident[[/EN]] shi ya jiyo, wanda yaje lafiya shi ya jiyo ni na gama nawa. Ahhhh… toh, ikon Allah. Toh.",afriswitch-hausa-001046-cF5H4ldem_8_chunk_689360-697184_60--packet-loss-3pct,cF5H4ldem_8,natural-afriswitch,2
audio/robustness/afriswitch-hausa-001053-YI5ZY_n82Ao_chunk_346864-352496_31--pstn-mulaw.wav,b015289990b132e99637970038b35e4614784fc9466c6c2ad92178bc76ec41cf,6.670000076293945,pstn-mulaw,5.631999969482422,Hausa-English,A'a kusan abubuwan da kafin ma mu fara ayyukan nan sai da muka yi research.,A'a kusan abubuwan da kafin ma mu fara ayyukan nan sai da muka yi [[EN]]research.[[/EN]],afriswitch-hausa-001053-YI5ZY_n82Ao_chunk_346864-352496_31--pstn-mulaw,YI5ZY_n82Ao,natural-afriswitch,1
audio/robustness/afriswitch-hausa-001053-YI5ZY_n82Ao_chunk_346864-352496_31--noise-10db.wav,8e6c0b682a1261f185bf8e86e09b23ea89cecdefecf99358a30fc0a703acc5fb,6.670000076293945,noise-10db,5.631999969482422,Hausa-English,A'a kusan abubuwan da kafin ma mu fara ayyukan nan sai da muka yi research.,A'a kusan abubuwan da kafin ma mu fara ayyukan nan sai da muka yi [[EN]]research.[[/EN]],afriswitch-hausa-001053-YI5ZY_n82Ao_chunk_346864-352496_31--noise-10db,YI5ZY_n82Ao,natural-afriswitch,1
audio/robustness/afriswitch-hausa-001053-YI5ZY_n82Ao_chunk_346864-352496_31--packet-loss-3pct.wav,b8f9e92e7545cd2c894740ecafd8ad24d22d96efa8c398160aff567bc4a19879,6.670000076293945,packet-loss-3pct,5.631999969482422,Hausa-English,A'a kusan abubuwan da kafin ma mu fara ayyukan nan sai da muka yi research.,A'a kusan abubuwan da kafin ma mu fara ayyukan nan sai da muka yi [[EN]]research.[[/EN]],afriswitch-hausa-001053-YI5ZY_n82Ao_chunk_346864-352496_31--packet-loss-3pct,YI5ZY_n82Ao,natural-afriswitch,1
audio/robustness/afriswitch-hausa-001057-QPBjTsB5X3A_chunk_39536-50288_7--pstn-mulaw.wav,0ffe3fcf5d1562c0c550bf08edaf3c0975ae7c0f95de1d63a51cdf0484d18dad,47.619998931884766,pstn-mulaw,10.751999855041504,Hausa-English,Shi ma zamu bashi jessyn shi kamar yanda muka yi alkawari senior man we all know this tournament is sponsored by TDbet,Shi ma zamu bashi jessyn shi kamar yanda muka yi alkawari [[EN]]senior man we all know this tournament is sponsored by[[/EN]] TDbet,afriswitch-hausa-001057-QPBjTsB5X3A_chunk_39536-50288_7--pstn-mulaw,QPBjTsB5X3A_chunk,natural-afriswitch,1
audio/robustness/afriswitch-hausa-001057-QPBjTsB5X3A_chunk_39536-50288_7--noise-10db.wav,141ffb61dc06f30a6ac43c5a38d3801d7037b953174602d3f22f2e5fcbe96694,47.619998931884766,noise-10db,10.751999855041504,Hausa-English,Shi ma zamu bashi jessyn shi kamar yanda muka yi alkawari senior man we all know this tournament is sponsored by TDbet,Shi ma zamu bashi jessyn shi kamar yanda muka yi alkawari [[EN]]senior man we all know this tournament is sponsored by[[/EN]] TDbet,afriswitch-hausa-001057-QPBjTsB5X3A_chunk_39536-50288_7--noise-10db,QPBjTsB5X3A_chunk,natural-afriswitch,1
audio/robustness/afriswitch-hausa-001057-QPBjTsB5X3A_chunk_39536-50288_7--packet-loss-3pct.wav,00306514b62444b806e63518d352a02313e4e28225103fb4ee1c6382d1a62b92,47.619998931884766,packet-loss-3pct,10.751999855041504,Hausa-English,Shi ma zamu bashi jessyn shi kamar yanda muka yi alkawari senior man we all know this tournament is sponsored by TDbet,Shi ma zamu bashi jessyn shi kamar yanda muka yi alkawari [[EN]]senior man we all know this tournament is sponsored by[[/EN]] TDbet,afriswitch-hausa-001057-QPBjTsB5X3A_chunk_39536-50288_7--packet-loss-3pct,QPBjTsB5X3A_chunk,natural-afriswitch,1
audio/robustness/afriswitch-hausa-001101-ejU8-lYEVXY_chunk_350672-357788_31--pstn-mulaw.wav,eab2206245add23a3b5e75b68ebf70732faae15357ca76565a929c26559b7d64,9.09000015258789,pstn-mulaw,10.157999992370605,Hausa-English,"Wato idan baka so kinan ba ka bukatar ma ka saka? Um baka bukatar ma kasaka a ciki, in baka cin garlic","Wato idan baka so kinan ba ka bukatar ma ka saka? Um baka bukatar ma kasaka a ciki, [[EN]]in[[/EN]] baka cin [[EN]]garlic[[/EN]]",afriswitch-hausa-001101-ejU8-lYEVXY_chunk_350672-357788_31--pstn-mulaw,ejU8_lYEVXY,natural-afriswitch,3
audio/robustness/afriswitch-hausa-001101-ejU8-lYEVXY_chunk_350672-357788_31--noise-10db.wav,e29714ca3223752217abcffa40abd788ee1240da5eea805bcad701d14428f34b,9.09000015258789,noise-10db,10.157999992370605,Hausa-English,"Wato idan baka so kinan ba ka bukatar ma ka saka? Um baka bukatar ma kasaka a ciki, in baka cin garlic","Wato idan baka so kinan ba ka bukatar ma ka saka? Um baka bukatar ma kasaka a ciki, [[EN]]in[[/EN]] baka cin [[EN]]garlic[[/EN]]",afriswitch-hausa-001101-ejU8-lYEVXY_chunk_350672-357788_31--noise-10db,ejU8_lYEVXY,natural-afriswitch,3
audio/robustness/afriswitch-hausa-001101-ejU8-lYEVXY_chunk_350672-357788_31--packet-loss-3pct.wav,1b91f7d6925d80295e53f09abce91a990f1649171e823ff0f26ba827aa94afdd,9.09000015258789,packet-loss-3pct,10.157999992370605,Hausa-English,"Wato idan baka so kinan ba ka bukatar ma ka saka? Um baka bukatar ma kasaka a ciki, in baka cin garlic","Wato idan baka so kinan ba ka bukatar ma ka saka? Um baka bukatar ma kasaka a ciki, [[EN]]in[[/EN]] baka cin [[EN]]garlic[[/EN]]",afriswitch-hausa-001101-ejU8-lYEVXY_chunk_350672-357788_31--packet-loss-3pct,ejU8_lYEVXY,natural-afriswitch,3
audio/robustness/afriswitch-hausa-001111-Qfk9xAQjv14_chunk_187664-194624_16--pstn-mulaw.wav,30fac44b9e9ccf5d014eec2838e2b6a9b561abb08760434e965ffc2293cbd68f,21.43000030517578,pstn-mulaw,6.960000038146973,Hausa-English,Sai in keta langalangan sai in fidda shape din mota ko jirgi ko vespar.,Sai [[EN]]in[[/EN]] keta langalangan sai [[EN]]in[[/EN]] fidda [[EN]]shape[[/EN]] din mota ko jirgi ko vespar.,afriswitch-hausa-001111-Qfk9xAQjv14_chunk_187664-194624_16--pstn-mulaw,Qfk9xAQjv14_chunk,natural-afriswitch,6
audio/robustness/afriswitch-hausa-001111-Qfk9xAQjv14_chunk_187664-194624_16--noise-10db.wav,eaa30d728c823255d609cacd4ef70bf84d673524275ce0a091074f8b77215302,21.43000030517578,noise-10db,6.960000038146973,Hausa-English,Sai in keta langalangan sai in fidda shape din mota ko jirgi ko vespar.,Sai [[EN]]in[[/EN]] keta langalangan sai [[EN]]in[[/EN]] fidda [[EN]]shape[[/EN]] din mota ko jirgi ko vespar.,afriswitch-hausa-001111-Qfk9xAQjv14_chunk_187664-194624_16--noise-10db,Qfk9xAQjv14_chunk,natural-afriswitch,6
audio/robustness/afriswitch-hausa-001111-Qfk9xAQjv14_chunk_187664-194624_16--packet-loss-3pct.wav,d1448cb31661d1eae1365f08728e33cdde732dcb0e414772c72a4825090324b2,21.43000030517578,packet-loss-3pct,6.960000038146973,Hausa-English,Sai in keta langalangan sai in fidda shape din mota ko jirgi ko vespar.,Sai [[EN]]in[[/EN]] keta langalangan sai [[EN]]in[[/EN]] fidda [[EN]]shape[[/EN]] din mota ko jirgi ko vespar.,afriswitch-hausa-001111-Qfk9xAQjv14_chunk_187664-194624_16--packet-loss-3pct,Qfk9xAQjv14_chunk,natural-afriswitch,6
audio/robustness/afriswitch-hausa-001121-Fugp7beACgs_chunk_3398116-3405926_314--pstn-mulaw.wav,e6d83891e86846091a04efa5a297bad4ee5183bdb65eab0fd45c3e73ebee3aa5,9.520000457763672,pstn-mulaw,7.809999942779541,Hausa-English,"standing by bara muje shirin mu na gaba, to masu kallon mu ga shirin mu na gaba wato shirin zangon baki","[[EN]]standing by[[/EN]] bara muje shirin mu na gaba, to masu kallon mu ga shirin mu na gaba wato shirin zangon baki",afriswitch-hausa-001121-Fugp7beACgs_chunk_3398116-3405926_314--pstn-mulaw,Fugp7beACgs_chunk,natural-afriswitch,1
audio/robustness/afriswitch-hausa-001121-Fugp7beACgs_chunk_3398116-3405926_314--noise-10db.wav,93f76d94bd37daa43332902aa2748dfc277fccaefb8edd1db0e81bc3618364b4,9.520000457763672,noise-10db,7.809999942779541,Hausa-English,"standing by bara muje shirin mu na gaba, to masu kallon mu ga shirin mu na gaba wato shirin zangon baki","[[EN]]standing by[[/EN]] bara muje shirin mu na gaba, to masu kallon mu ga shirin mu na gaba wato shirin zangon baki",afriswitch-hausa-001121-Fugp7beACgs_chunk_3398116-3405926_314--noise-10db,Fugp7beACgs_chunk,natural-afriswitch,1
audio/robustness/afriswitch-hausa-001121-Fugp7beACgs_chunk_3398116-3405926_314--packet-loss-3pct.wav,192d4572189e12d1cc5fd3b8761c1354de8822733d210e4fa3ed2e112ad0c638,9.520000457763672,packet-loss-3pct,7.809999942779541,Hausa-English,"standing by bara muje shirin mu na gaba, to masu kallon mu ga shirin mu na gaba wato shirin zangon baki","[[EN]]standing by[[/EN]] bara muje shirin mu na gaba, to masu kallon mu ga shirin mu na gaba wato shirin zangon baki",afriswitch-hausa-001121-Fugp7beACgs_chunk_3398116-3405926_314--packet-loss-3pct,Fugp7beACgs_chunk,natural-afriswitch,1
audio/robustness/afriswitch-hausa-001140-jB7sp6lmZHA_chunk_1220576-1231728_102--pstn-mulaw.wav,b711b33f770de04f9ed6d18dad23c63f06ce436fdf94b2e850aadfe30a5a414c,19.229999542236328,pstn-mulaw,11.152000427246094,Hausa-English,"To do with economic political, wato sun da shafi tattalin arziki da siyasa da kuma batuniyoyin da aka amince dasu a baya kan batutuwa da dama.","[[EN]]To do with economic political,[[/EN]] wato sun da shafi tattalin arziki da siyasa da kuma batuniyoyin da aka amince dasu a baya kan batutuwa da dama.",afriswitch-hausa-001140-jB7sp6lmZHA_chunk_1220576-1231728_102--pstn-mulaw,jB7sp6lmZHA_chunk,natural-afriswitch,1
audio/robustness/afriswitch-hausa-001140-jB7sp6lmZHA_chunk_1220576-1231728_102--noise-10db.wav,32ff51bd5bee555708d1da84e2a86bf7aee45861ac9d13f892dff4baab4a0d09,19.229999542236328,noise-10db,11.152000427246094,Hausa-English,"To do with economic political, wato sun da shafi tattalin arziki da siyasa da kuma batuniyoyin da aka amince dasu a baya kan batutuwa da dama.","[[EN]]To do with economic political,[[/EN]] wato sun da shafi tattalin arziki da siyasa da kuma batuniyoyin da aka amince dasu a baya kan batutuwa da dama.",afriswitch-hausa-001140-jB7sp6lmZHA_chunk_1220576-1231728_102--noise-10db,jB7sp6lmZHA_chunk,natural-afriswitch,1
audio/robustness/afriswitch-hausa-001140-jB7sp6lmZHA_chunk_1220576-1231728_102--packet-loss-3pct.wav,6d7021d0dd21ed48ff080d39c65b7901ce05b0b4d45f01bb2601b5a9fc500917,19.229999542236328,packet-loss-3pct,11.152000427246094,Hausa-English,"To do with economic political, wato sun da shafi tattalin arziki da siyasa da kuma batuniyoyin da aka amince dasu a baya kan batutuwa da dama.","[[EN]]To do with economic political,[[/EN]] wato sun da shafi tattalin arziki da siyasa da kuma batuniyoyin da aka amince dasu a baya kan batutuwa da dama.",afriswitch-hausa-001140-jB7sp6lmZHA_chunk_1220576-1231728_102--packet-loss-3pct,jB7sp6lmZHA_chunk,natural-afriswitch,1
audio/robustness/afriswitch-hausa-001143-f7zfDd33Sz0_chunk_806448-816000_68--pstn-mulaw.wav,5b5d8221ec5f6a3792d105773316b679aa622ab7af0dba565d9101fea6cc4da7,13.789999961853027,pstn-mulaw,9.552000045776367,Hausa-English,Unbeaten har ta ci kofi sama da Arsenal kuma ina me tabbatar maka yanzu har a gama gasar premiere babu kungiyar da zata fara wasan gasar premiere a tashi,[[EN]]Unbeaten[[/EN]] har ta ci kofi sama da [[EN]]Arsenal[[/EN]] kuma ina me tabbatar maka yanzu har a gama gasar [[EN]]premiere[[/EN]] babu kungiyar da zata fara wasan gasar [[EN]]premiere[[/EN]] a tashi,afriswitch-hausa-001143-f7zfDd33Sz0_chunk_806448-816000_68--pstn-mulaw,f7zfDd33Sz0_chunk,natural-afriswitch,7
audio/robustness/afriswitch-hausa-001143-f7zfDd33Sz0_chunk_806448-816000_68--noise-10db.wav,0d815e65af647e9f663e1494e7c6e8a5c5b77a9ac29d95086ba6ea8642cf78c6,13.789999961853027,noise-10db,9.552000045776367,Hausa-English,Unbeaten har ta ci kofi sama da Arsenal kuma ina me tabbatar maka yanzu har a gama gasar premiere babu kungiyar da zata fara wasan gasar premiere a tashi,[[EN]]Unbeaten[[/EN]] har ta ci kofi sama da [[EN]]Arsenal[[/EN]] kuma ina me tabbatar maka yanzu har a gama gasar [[EN]]premiere[[/EN]] babu kungiyar da zata fara wasan gasar [[EN]]premiere[[/EN]] a tashi,afriswitch-hausa-001143-f7zfDd33Sz0_chunk_806448-816000_68--noise-10db,f7zfDd33Sz0_chunk,natural-afriswitch,7
audio/robustness/afriswitch-hausa-001143-f7zfDd33Sz0_chunk_806448-816000_68--packet-loss-3pct.wav,cfb9003115ed0b37d1a0e6ce163b6e49aa07e86c854b406832b02678a77e0f40,13.789999961853027,packet-loss-3pct,9.552000045776367,Hausa-English,Unbeaten har ta ci kofi sama da Arsenal kuma ina me tabbatar maka yanzu har a gama gasar premiere babu kungiyar da zata fara wasan gasar premiere a tashi,[[EN]]Unbeaten[[/EN]] har ta ci kofi sama da [[EN]]Arsenal[[/EN]] kuma ina me tabbatar maka yanzu har a gama gasar [[EN]]premiere[[/EN]] babu kungiyar da zata fara wasan gasar [[EN]]premiere[[/EN]] a tashi,afriswitch-hausa-001143-f7zfDd33Sz0_chunk_806448-816000_68--packet-loss-3pct,f7zfDd33Sz0_chunk,natural-afriswitch,7
audio/robustness/afriswitch-hausa-001145-odhogXZUoiM_chunk_512912-518720_49--pstn-mulaw.wav,fbb10719d7fef486ac6be653de665b30033fc23e7b6ed9ea22306fae2681ea11,10.529999732971191,pstn-mulaw,5.808000087738037,Hausa-English,A matsina babu inda aka ce in yi maka ror proce dina wasa kawai ake son shi shi yawo,[[EN]]A[[/EN]] matsina babu inda aka ce in yi maka ror [[EN]]proce[[/EN]] dina wasa kawai ake son shi shi yawo,afriswitch-hausa-001145-odhogXZUoiM_chunk_512912-518720_49--pstn-mulaw,odhogXZUoiM_chunk,natural-afriswitch,3
audio/robustness/afriswitch-hausa-001145-odhogXZUoiM_chunk_512912-518720_49--noise-10db.wav,934817aada986cefe72b9450423c04a17b5419b6f6507cb95eb9829f93bb82e3,10.529999732971191,noise-10db,5.808000087738037,Hausa-English,A matsina babu inda aka ce in yi maka ror proce dina wasa kawai ake son shi shi yawo,[[EN]]A[[/EN]] matsina babu inda aka ce in yi maka ror [[EN]]proce[[/EN]] dina wasa kawai ake son shi shi yawo,afriswitch-hausa-001145-odhogXZUoiM_chunk_512912-518720_49--noise-10db,odhogXZUoiM_chunk,natural-afriswitch,3
audio/robustness/afriswitch-hausa-001145-odhogXZUoiM_chunk_512912-518720_49--packet-loss-3pct.wav,63df911a0b8344c5db952e4b0c397c1eb07b78e8c88a243a59f958bfa096af21,10.529999732971191,packet-loss-3pct,5.808000087738037,Hausa-English,A matsina babu inda aka ce in yi maka ror proce dina wasa kawai ake son shi shi yawo,[[EN]]A[[/EN]] matsina babu inda aka ce in yi maka ror [[EN]]proce[[/EN]] dina wasa kawai ake son shi shi yawo,afriswitch-hausa-001145-odhogXZUoiM_chunk_512912-518720_49--packet-loss-3pct,odhogXZUoiM_chunk,natural-afriswitch,3
audio/robustness/afriswitch-hausa-001166-LeIqB_-hmQ0_chunk_2192832-2205344_215--pstn-mulaw.wav,20291fefc93ba3a0d5f5d786ccb522739d34e5bcfbfc5e42cbf2dfe00b1a6998,3.119999885559082,pstn-mulaw,12.51200008392334,Hausa-English,Mabaratan dadin kowa 'yankuci ku bamu albishirin ki goro albishirin ki goro kwana kwanan nan zaki je ki a bayan mota an kunna maki AC kina shan raba direba na tuqa ki,Mabaratan dadin kowa 'yankuci ku bamu albishirin ki goro albishirin ki goro kwana kwanan nan zaki je ki a bayan mota an kunna maki [[EN]]AC[[/EN]] kina shan raba direba na tuqa ki,afriswitch-hausa-001166-LeIqB_-hmQ0_chunk_2192832-2205344_215--pstn-mulaw,LeIqB_,natural-afriswitch,2
audio/robustness/afriswitch-hausa-001166-LeIqB_-hmQ0_chunk_2192832-2205344_215--noise-10db.wav,58d6198dcdb2c8f4b969ce6f00c6ffed424c073c5e3a3659e011b55474b74a22,3.119999885559082,noise-10db,12.51200008392334,Hausa-English,Mabaratan dadin kowa 'yankuci ku bamu albishirin ki goro albishirin ki goro kwana kwanan nan zaki je ki a bayan mota an kunna maki AC kina shan raba direba na tuqa ki,Mabaratan dadin kowa 'yankuci ku bamu albishirin ki goro albishirin ki goro kwana kwanan nan zaki je ki a bayan mota an kunna maki [[EN]]AC[[/EN]] kina shan raba direba na tuqa ki,afriswitch-hausa-001166-LeIqB_-hmQ0_chunk_2192832-2205344_215--noise-10db,LeIqB_,natural-afriswitch,2
audio/robustness/afriswitch-hausa-001166-LeIqB_-hmQ0_chunk_2192832-2205344_215--packet-loss-3pct.wav,693f44bd39a63c8d05fadb5d7ee15fba91523085d8a9a121c2df5b304304bf83,3.119999885559082,packet-loss-3pct,12.51200008392334,Hausa-English,Mabaratan dadin kowa 'yankuci ku bamu albishirin ki goro albishirin ki goro kwana kwanan nan zaki je ki a bayan mota an kunna maki AC kina shan raba direba na tuqa ki,Mabaratan dadin kowa 'yankuci ku bamu albishirin ki goro albishirin ki goro kwana kwanan nan zaki je ki a bayan mota an kunna maki [[EN]]AC[[/EN]] kina shan raba direba na tuqa ki,afriswitch-hausa-001166-LeIqB_-hmQ0_chunk_2192832-2205344_215--packet-loss-3pct,LeIqB_,natural-afriswitch,2
audio/robustness/afriswitch-hausa-001197-WAVcH-nTgRY_chunk_244688-258912_21--pstn-mulaw.wav,394fed7b42a4e6dc68daded3fc1b7a51fad63a31a6b7f2444fb1c97fd922973e,12.899999618530273,pstn-mulaw,14.223999977111816,Hausa-English,Ka shiga makarantar kimiya da fisalin na karanta Ate and design to kace kai kwararre ne kenan aharkan taswiral Zane Zane hanzu haka da dan sanda da dan kadbom sai in,Ka shiga makarantar kimiya da fisalin na karanta [[EN]]Ate and design to[[/EN]] kace kai kwararre ne kenan aharkan taswiral Zane Zane hanzu haka da dan sanda da dan kadbom sai in,afriswitch-hausa-001197-WAVcH-nTgRY_chunk_244688-258912_21--pstn-mulaw,WAVcH_nTgRY,natural-afriswitch,2
audio/robustness/afriswitch-hausa-001197-WAVcH-nTgRY_chunk_244688-258912_21--noise-10db.wav,64844f0b2ce3646bca4614f273ff66ad1cd49f60cfd703db771940e482a8bf55,12.899999618530273,noise-10db,14.223999977111816,Hausa-English,Ka shiga makarantar kimiya da fisalin na karanta Ate and design to kace kai kwararre ne kenan aharkan taswiral Zane Zane hanzu haka da dan sanda da dan kadbom sai in,Ka shiga makarantar kimiya da fisalin na karanta [[EN]]Ate and design to[[/EN]] kace kai kwararre ne kenan aharkan taswiral Zane Zane hanzu haka da dan sanda da dan kadbom sai in,afriswitch-hausa-001197-WAVcH-nTgRY_chunk_244688-258912_21--noise-10db,WAVcH_nTgRY,natural-afriswitch,2
audio/robustness/afriswitch-hausa-001197-WAVcH-nTgRY_chunk_244688-258912_21--packet-loss-3pct.wav,25d3df04b9f4f7aed1c25b3474494ccac20ca6b0912cf228a4d8625d461c2c35,12.899999618530273,packet-loss-3pct,14.223999977111816,Hausa-English,Ka shiga makarantar kimiya da fisalin na karanta Ate and design to kace kai kwararre ne kenan aharkan taswiral Zane Zane hanzu haka da dan sanda da dan kadbom sai in,Ka shiga makarantar kimiya da fisalin na karanta [[EN]]Ate and design to[[/EN]] kace kai kwararre ne kenan aharkan taswiral Zane Zane hanzu haka da dan sanda da dan kadbom sai in,afriswitch-hausa-001197-WAVcH-nTgRY_chunk_244688-258912_21--packet-loss-3pct,WAVcH_nTgRY,natural-afriswitch,2
audio/robustness/afriswitch-hausa-001210-hX7qZ1MSZJo_chunk_467744-475056_51--pstn-mulaw.wav,5bdcf54de06966838ac5dbe13be0b5af8c6a099841b73e0d12b6dde03ea08872,47.369998931884766,pstn-mulaw,7.311999797821045,Hausa-English,So in essence abinda nake fadi shine ko a America democracy dinsu sanda suka samu irin wa'yannan gallops in,[[EN]]So in essence[[/EN]] abinda nake fadi [[EN]]shine[[/EN]] ko [[EN]]a America democracy[[/EN]] dinsu sanda suka samu irin wa'yannan [[EN]]gallops in[[/EN]],afriswitch-hausa-001210-hX7qZ1MSZJo_chunk_467744-475056_51--pstn-mulaw,hX7qZ1MSZJo_chunk,natural-afriswitch,6
audio/robustness/afriswitch-hausa-001210-hX7qZ1MSZJo_chunk_467744-475056_51--noise-10db.wav,1b939f9420126955fc140d0288ad82b1d6d50a2b44387c2bd6b71e8f811af6bf,47.369998931884766,noise-10db,7.311999797821045,Hausa-English,So in essence abinda nake fadi shine ko a America democracy dinsu sanda suka samu irin wa'yannan gallops in,[[EN]]So in essence[[/EN]] abinda nake fadi [[EN]]shine[[/EN]] ko [[EN]]a America democracy[[/EN]] dinsu sanda suka samu irin wa'yannan [[EN]]gallops in[[/EN]],afriswitch-hausa-001210-hX7qZ1MSZJo_chunk_467744-475056_51--noise-10db,hX7qZ1MSZJo_chunk,natural-afriswitch,6
audio/robustness/afriswitch-hausa-001210-hX7qZ1MSZJo_chunk_467744-475056_51--packet-loss-3pct.wav,82e8ec593cd84dc5d2c6ae8a1ef8fb9fa995457128fb6c8388561c52a9fd3914,47.369998931884766,packet-loss-3pct,7.311999797821045,Hausa-English,So in essence abinda nake fadi shine ko a America democracy dinsu sanda suka samu irin wa'yannan gallops in,[[EN]]So in essence[[/EN]] abinda nake fadi [[EN]]shine[[/EN]] ko [[EN]]a America democracy[[/EN]] dinsu sanda suka samu irin wa'yannan [[EN]]gallops in[[/EN]],afriswitch-hausa-001210-hX7qZ1MSZJo_chunk_467744-475056_51--packet-loss-3pct,hX7qZ1MSZJo_chunk,natural-afriswitch,6
audio/robustness/afriswitch-hausa-001219-_fY-glHqvA0_chunk_1149072-1160128_119--pstn-mulaw.wav,423671c5de2240b23830cb121b9f76b4b539ad4b557846d37c8cd0de30898639,7.690000057220459,pstn-mulaw,11.055999755859375,Hausa-English,Sai dai laifin da ake zargin kwamandan general Army da aikatawa shine sace mutane fararen hula ya kuma tambayi kudade masu yawa a matsayin na fansa,Sai dai laifin da ake zargin kwamandan [[EN]]general Army[[/EN]] da aikatawa shine sace mutane fararen hula ya kuma tambayi kudade masu yawa a matsayin na fansa,afriswitch-hausa-001219-_fY-glHqvA0_chunk_1149072-1160128_119--pstn-mulaw,_fY,natural-afriswitch,2
audio/robustness/afriswitch-hausa-001219-_fY-glHqvA0_chunk_1149072-1160128_119--noise-10db.wav,81dfe9e8638820a22c33062d36c90649e7e1a8e14ee5a83cefe22f2dd8477e9d,7.690000057220459,noise-10db,11.055999755859375,Hausa-English,Sai dai laifin da ake zargin kwamandan general Army da aikatawa shine sace mutane fararen hula ya kuma tambayi kudade masu yawa a matsayin na fansa,Sai dai laifin da ake zargin kwamandan [[EN]]general Army[[/EN]] da aikatawa shine sace mutane fararen hula ya kuma tambayi kudade masu yawa a matsayin na fansa,afriswitch-hausa-001219-_fY-glHqvA0_chunk_1149072-1160128_119--noise-10db,_fY,natural-afriswitch,2
audio/robustness/afriswitch-hausa-001219-_fY-glHqvA0_chunk_1149072-1160128_119--packet-loss-3pct.wav,c49765f09a5b03858612059f7ecc518a26f14a6274828e30cc73d37d6f267e73,7.690000057220459,packet-loss-3pct,11.055999755859375,Hausa-English,Sai dai laifin da ake zargin kwamandan general Army da aikatawa shine sace mutane fararen hula ya kuma tambayi kudade masu yawa a matsayin na fansa,Sai dai laifin da ake zargin kwamandan [[EN]]general Army[[/EN]] da aikatawa shine sace mutane fararen hula ya kuma tambayi kudade masu yawa a matsayin na fansa,afriswitch-hausa-001219-_fY-glHqvA0_chunk_1149072-1160128_119--packet-loss-3pct,_fY,natural-afriswitch,2
audio/robustness/afriswitch-hausa-001231-cDSsWSG4R0Y_chunk_2736256-2738208_273--pstn-mulaw.wav,050e75613e611e7fa97d795eb3afd5b5e5233dfbc1ecf7a25ee89a33f28c77fc,14.289999961853027,pstn-mulaw,1.9520000219345093,Hausa-English,Moza ta fai da mu ta one,Moza ta fai da mu ta [[EN]]one[[/EN]],afriswitch-hausa-001231-cDSsWSG4R0Y_chunk_2736256-2738208_273--pstn-mulaw,cDSsWSG4R0Y_chunk,natural-afriswitch,1
audio/robustness/afriswitch-hausa-001231-cDSsWSG4R0Y_chunk_2736256-2738208_273--noise-10db.wav,8ec56ff13432f68700cc604ce4a9e179d133964940ae803b64b2fe5b90ab50c3,14.289999961853027,noise-10db,1.9520000219345093,Hausa-English,Moza ta fai da mu ta one,Moza ta fai da mu ta [[EN]]one[[/EN]],afriswitch-hausa-001231-cDSsWSG4R0Y_chunk_2736256-2738208_273--noise-10db,cDSsWSG4R0Y_chunk,natural-afriswitch,1
audio/robustness/afriswitch-hausa-001231-cDSsWSG4R0Y_chunk_2736256-2738208_273--packet-loss-3pct.wav,2ff5c47b8b35f54b1f11afb1866687e126adedc4cf456f62ac6bc0105f80a60c,14.289999961853027,packet-loss-3pct,1.9520000219345093,Hausa-English,Moza ta fai da mu ta one,Moza ta fai da mu ta [[EN]]one[[/EN]],afriswitch-hausa-001231-cDSsWSG4R0Y_chunk_2736256-2738208_273--packet-loss-3pct,cDSsWSG4R0Y_chunk,natural-afriswitch,1
audio/robustness/afriswitch-hausa-001245-831_eYeytmA_chunk_376068-389884_27--pstn-mulaw.wav,ac55071281e611129643a9b2bf9843e2dc76ba4a6eca8346a9a746065929ebcd,45.83000183105469,pstn-mulaw,15.13599967956543,Hausa-English,"Wetin be shinge? To bara in gaya maka, shinge ko katanga yana nufin barrier. So Love has no barrier. Uhum Love has no barrier","Wetin be shinge? [[EN]]To[[/EN]] bara in gaya maka, shinge ko katanga yana nufin [[EN]]barrier. So Love has no barrier.[[/EN]] Uhum [[EN]]Love has no barrier[[/EN]]",afriswitch-hausa-001245-831_eYeytmA_chunk_376068-389884_27--pstn-mulaw,831_eYeytmA,natural-afriswitch,5
audio/robustness/afriswitch-hausa-001245-831_eYeytmA_chunk_376068-389884_27--noise-10db.wav,21281cb66ad37094e92d27db54aff411e2ed889083485931d3e658ed18207259,45.83000183105469,noise-10db,15.13599967956543,Hausa-English,"Wetin be shinge? To bara in gaya maka, shinge ko katanga yana nufin barrier. So Love has no barrier. Uhum Love has no barrier","Wetin be shinge? [[EN]]To[[/EN]] bara in gaya maka, shinge ko katanga yana nufin [[EN]]barrier. So Love has no barrier.[[/EN]] Uhum [[EN]]Love has no barrier[[/EN]]",afriswitch-hausa-001245-831_eYeytmA_chunk_376068-389884_27--noise-10db,831_eYeytmA,natural-afriswitch,5
audio/robustness/afriswitch-hausa-001245-831_eYeytmA_chunk_376068-389884_27--packet-loss-3pct.wav,e347a873433c722c5a1b9d36ee1a05e22c79de8fcc74d85309207b1a9c799a73,45.83000183105469,packet-loss-3pct,15.13599967956543,Hausa-English,"Wetin be shinge? To bara in gaya maka, shinge ko katanga yana nufin barrier. So Love has no barrier. Uhum Love has no barrier","Wetin be shinge? [[EN]]To[[/EN]] bara in gaya maka, shinge ko katanga yana nufin [[EN]]barrier. So Love has no barrier.[[/EN]] Uhum [[EN]]Love has no barrier[[/EN]]",afriswitch-hausa-001245-831_eYeytmA_chunk_376068-389884_27--packet-loss-3pct,831_eYeytmA,natural-afriswitch,5
audio/robustness/afriswitch-hausa-001249-M-nq8iRuf04_chunk_1385840-1398880_141--pstn-mulaw.wav,71298f8bfbed0cfe98a8884478bda9d6b9e115b1586955b0325e859754e11e47,15.380000114440918,pstn-mulaw,13.039999961853027,Hausa-English,Sarauta uku sarkin Mayu sarkin Bakawa kuma sarkin magani inda ta zo gaban karshe bida fa nake Niger state daga jihar Bida Niger state masu kallo,Sarauta uku sarkin Mayu sarkin Bakawa kuma sarkin magani inda ta zo gaban karshe bida fa nake [[EN]]Niger state[[/EN]] daga jihar Bida [[EN]]Niger state[[/EN]] masu kallo,afriswitch-hausa-001249-M-nq8iRuf04_chunk_1385840-1398880_141--pstn-mulaw,M_nq8iRuf04,natural-afriswitch,4
audio/robustness/afriswitch-hausa-001249-M-nq8iRuf04_chunk_1385840-1398880_141--noise-10db.wav,b4de164e89880bf8fceb40298691494e7527b118da60752ebf3e2348970b5074,15.380000114440918,noise-10db,13.039999961853027,Hausa-English,Sarauta uku sarkin Mayu sarkin Bakawa kuma sarkin magani inda ta zo gaban karshe bida fa nake Niger state daga jihar Bida Niger state masu kallo,Sarauta uku sarkin Mayu sarkin Bakawa kuma sarkin magani inda ta zo gaban karshe bida fa nake [[EN]]Niger state[[/EN]] daga jihar Bida [[EN]]Niger state[[/EN]] masu kallo,afriswitch-hausa-001249-M-nq8iRuf04_chunk_1385840-1398880_141--noise-10db,M_nq8iRuf04,natural-afriswitch,4
audio/robustness/afriswitch-hausa-001249-M-nq8iRuf04_chunk_1385840-1398880_141--packet-loss-3pct.wav,3da01ad409c78ec66f7c6ec646bc7055515bfb1b00d0782f5808c882a38d2ff8,15.380000114440918,packet-loss-3pct,13.039999961853027,Hausa-English,Sarauta uku sarkin Mayu sarkin Bakawa kuma sarkin magani inda ta zo gaban karshe bida fa nake Niger state daga jihar Bida Niger state masu kallo,Sarauta uku sarkin Mayu sarkin Bakawa kuma sarkin magani inda ta zo gaban karshe bida fa nake [[EN]]Niger state[[/EN]] daga jihar Bida [[EN]]Niger state[[/EN]] masu kallo,afriswitch-hausa-001249-M-nq8iRuf04_chunk_1385840-1398880_141--packet-loss-3pct,M_nq8iRuf04,natural-afriswitch,4
audio/robustness/afriswitch-hausa-001259-AFwY2Tlyw38_chunk_755440-761696_69--pstn-mulaw.wav,84674f6019fb5a72d5177dcfdddef50ffcfa0a0d27bd7ef90154d22d247d43bf,15.789999961853027,pstn-mulaw,6.25600004196167,Hausa-English,"Eh, wannan galic wannan ginjan da galic da jinjan da wasu spices din wasu suna iya sawa dan kadan","Eh, wannan [[EN]]galic[[/EN]] wannan ginjan da [[EN]]galic[[/EN]] da jinjan da wasu [[EN]]spices[[/EN]] din wasu suna iya sawa dan kadan",afriswitch-hausa-001259-AFwY2Tlyw38_chunk_755440-761696_69--pstn-mulaw,AFwY2Tlyw38_chunk,natural-afriswitch,6
audio/robustness/afriswitch-hausa-001259-AFwY2Tlyw38_chunk_755440-761696_69--noise-10db.wav,c0172f8d3282744a7e90fd4b27e24577b1f8bda7825cfc97f969dcc0826dd562,15.789999961853027,noise-10db,6.25600004196167,Hausa-English,"Eh, wannan galic wannan ginjan da galic da jinjan da wasu spices din wasu suna iya sawa dan kadan","Eh, wannan [[EN]]galic[[/EN]] wannan ginjan da [[EN]]galic[[/EN]] da jinjan da wasu [[EN]]spices[[/EN]] din wasu suna iya sawa dan kadan",afriswitch-hausa-001259-AFwY2Tlyw38_chunk_755440-761696_69--noise-10db,AFwY2Tlyw38_chunk,natural-afriswitch,6
audio/robustness/afriswitch-hausa-001259-AFwY2Tlyw38_chunk_755440-761696_69--packet-loss-3pct.wav,ddb7e2252d5eaf1fb879148b605b59ab7d85a2ca948cc5e0b4a73610b6ba646a,15.789999961853027,packet-loss-3pct,6.25600004196167,Hausa-English,"Eh, wannan galic wannan ginjan da galic da jinjan da wasu spices din wasu suna iya sawa dan kadan","Eh, wannan [[EN]]galic[[/EN]] wannan ginjan da [[EN]]galic[[/EN]] da jinjan da wasu [[EN]]spices[[/EN]] din wasu suna iya sawa dan kadan",afriswitch-hausa-001259-AFwY2Tlyw38_chunk_755440-761696_69--packet-loss-3pct,AFwY2Tlyw38_chunk,natural-afriswitch,6
audio/robustness/afriswitch-hausa-001273-z2AOFo3UJRA_chunk_187684-202576_24--pstn-mulaw.wav,d7a72e6e2d5f52a9b20a85591066c37a4bc36896ed1a6ecb6f9fc9bc2422a38a,13.510000228881836,pstn-mulaw,14.892000198364258,Hausa-English,malam Danladi na fahimci kana neman Kai ja'inja dani to Ina tabbatar makea in Kai jain ja'inja dani bazaka kai labari ba labarin film din headmaster Yana bayarda labarin shugaban wata makarantan firamare wacce take garin gangare,malam Danladi na fahimci kana neman Kai ja'inja dani [[EN]]to[[/EN]] Ina tabbatar makea [[EN]]in[[/EN]] Kai jain ja'inja dani bazaka kai labari ba labarin [[EN]]film[[/EN]] din [[EN]]headmaster[[/EN]] Yana bayarda labarin shugaban wata makarantan firamare wacce [[EN]]take[[/EN]] garin gangare,afriswitch-hausa-001273-z2AOFo3UJRA_chunk_187684-202576_24--pstn-mulaw,z2AOFo3UJRA_chunk,natural-afriswitch,10
audio/robustness/afriswitch-hausa-001273-z2AOFo3UJRA_chunk_187684-202576_24--noise-10db.wav,d7f647b6fe344a0876bbca185591830049567e1c353b06356db3a96d4be4628b,13.510000228881836,noise-10db,14.892000198364258,Hausa-English,malam Danladi na fahimci kana neman Kai ja'inja dani to Ina tabbatar makea in Kai jain ja'inja dani bazaka kai labari ba labarin film din headmaster Yana bayarda labarin shugaban wata makarantan firamare wacce take garin gangare,malam Danladi na fahimci kana neman Kai ja'inja dani [[EN]]to[[/EN]] Ina tabbatar makea [[EN]]in[[/EN]] Kai jain ja'inja dani bazaka kai labari ba labarin [[EN]]film[[/EN]] din [[EN]]headmaster[[/EN]] Yana bayarda labarin shugaban wata makarantan firamare wacce [[EN]]take[[/EN]] garin gangare,afriswitch-hausa-001273-z2AOFo3UJRA_chunk_187684-202576_24--noise-10db,z2AOFo3UJRA_chunk,natural-afriswitch,10
audio/robustness/afriswitch-hausa-001273-z2AOFo3UJRA_chunk_187684-202576_24--packet-loss-3pct.wav,de3707bc0c97cecdc5db47950a1540ee92a018b87ddfbf0dd40fc5f99d7f42ae,13.510000228881836,packet-loss-3pct,14.892000198364258,Hausa-English,malam Danladi na fahimci kana neman Kai ja'inja dani to Ina tabbatar makea in Kai jain ja'inja dani bazaka kai labari ba labarin film din headmaster Yana bayarda labarin shugaban wata makarantan firamare wacce take garin gangare,malam Danladi na fahimci kana neman Kai ja'inja dani [[EN]]to[[/EN]] Ina tabbatar makea [[EN]]in[[/EN]] Kai jain ja'inja dani bazaka kai labari ba labarin [[EN]]film[[/EN]] din [[EN]]headmaster[[/EN]] Yana bayarda labarin shugaban wata makarantan firamare wacce [[EN]]take[[/EN]] garin gangare,afriswitch-hausa-001273-z2AOFo3UJRA_chunk_187684-202576_24--packet-loss-3pct,z2AOFo3UJRA_chunk,natural-afriswitch,10
audio/robustness/afriswitch-hausa-001278-ExMMbnjpzmM_chunk_377216-393456_42--pstn-mulaw.wav,804c3e22381e3c84f68750b35c4df14f623b41766221540e2547e9e813fa663c,37.5,pstn-mulaw,16.239999771118164,Hausa-English,Abu kowane abin da zaka yi a rayuwanka sai kayi daidai kuma da sauran Allah parcivarans is one dem patient is one of them,Abu kowane abin da zaka yi a rayuwanka sai kayi daidai kuma da sauran Allah [[EN]]parcivarans is one dem patient is one of them[[/EN]],afriswitch-hausa-001278-ExMMbnjpzmM_chunk_377216-393456_42--pstn-mulaw,ExMMbnjpzmM_chunk,natural-afriswitch,1
audio/robustness/afriswitch-hausa-001278-ExMMbnjpzmM_chunk_377216-393456_42--noise-10db.wav,8a355fd5b1616c82f40142c9513773d55fb0dfa0bf49030e7fcde230d7707c3a,37.5,noise-10db,16.239999771118164,Hausa-English,Abu kowane abin da zaka yi a rayuwanka sai kayi daidai kuma da sauran Allah parcivarans is one dem patient is one of them,Abu kowane abin da zaka yi a rayuwanka sai kayi daidai kuma da sauran Allah [[EN]]parcivarans is one dem patient is one of them[[/EN]],afriswitch-hausa-001278-ExMMbnjpzmM_chunk_377216-393456_42--noise-10db,ExMMbnjpzmM_chunk,natural-afriswitch,1
audio/robustness/afriswitch-hausa-001278-ExMMbnjpzmM_chunk_377216-393456_42--packet-loss-3pct.wav,6efe58d60cdbf55492a0b356d873e3817456dcf7eb99937a9df1a3542880aeee,37.5,packet-loss-3pct,16.239999771118164,Hausa-English,Abu kowane abin da zaka yi a rayuwanka sai kayi daidai kuma da sauran Allah parcivarans is one dem patient is one of them,Abu kowane abin da zaka yi a rayuwanka sai kayi daidai kuma da sauran Allah [[EN]]parcivarans is one dem patient is one of them[[/EN]],afriswitch-hausa-001278-ExMMbnjpzmM_chunk_377216-393456_42--packet-loss-3pct,ExMMbnjpzmM_chunk,natural-afriswitch,1
audio/robustness/afriswitch-hausa-001283-a0b4UMQGaPI_chunk_1995856-2002080_222--pstn-mulaw.wav,2d2b865c8fd53b0fdc45fa7a42e45ac1f50750df95e418615125a2e9d3020cca,33.33000183105469,pstn-mulaw,6.223999977111816,Hausa-English,Kuma wannan council meeting -Federal council,Kuma wannan [[EN]]council meeting -Federal council[[/EN]],afriswitch-hausa-001283-a0b4UMQGaPI_chunk_1995856-2002080_222--pstn-mulaw,a0b4UMQGaPI_chunk,natural-afriswitch,1
audio/robustness/afriswitch-hausa-001283-a0b4UMQGaPI_chunk_1995856-2002080_222--noise-10db.wav,c9999a992a4c0612d59e96bf7d9b271cacb8ef888a8e6ed7148ac13728e15c36,33.33000183105469,noise-10db,6.223999977111816,Hausa-English,Kuma wannan council meeting -Federal council,Kuma wannan [[EN]]council meeting -Federal council[[/EN]],afriswitch-hausa-001283-a0b4UMQGaPI_chunk_1995856-2002080_222--noise-10db,a0b4UMQGaPI_chunk,natural-afriswitch,1
audio/robustness/afriswitch-hausa-001283-a0b4UMQGaPI_chunk_1995856-2002080_222--packet-loss-3pct.wav,fdd1656ad6b8d748dd5339eb79ec14362ee42d3786b270a12ded55e0db2e19bb,33.33000183105469,packet-loss-3pct,6.223999977111816,Hausa-English,Kuma wannan council meeting -Federal council,Kuma wannan [[EN]]council meeting -Federal council[[/EN]],afriswitch-hausa-001283-a0b4UMQGaPI_chunk_1995856-2002080_222--packet-loss-3pct,a0b4UMQGaPI_chunk,natural-afriswitch,1
audio/robustness/afriswitch-hausa-001359-yAESHeKkRk0_chunk_176368-186384_19--pstn-mulaw.wav,52e1a7109748a267b81c7cea55647db635384b201e7bca6166bb0cec9daab2c4,31.81999969482422,pstn-mulaw,10.016009330749512,Hausa-English,"Wai su yan hip hop dinnan kullum sai sababbin abubuwa ne? Ai kasan hip hop, asalin hip hop, ai hio hop wato","Wai su yan [[EN]]hip hop[[/EN]] dinnan kullum sai sababbin abubuwa ne? Ai kasan [[EN]]hip hop,[[/EN]] asalin [[EN]]hip hop,[[/EN]] ai hio [[EN]]hop[[/EN]] wato",afriswitch-hausa-001359-yAESHeKkRk0_chunk_176368-186384_19--pstn-mulaw,yAESHeKkRk0_chunk,natural-afriswitch,8
audio/robustness/afriswitch-hausa-001359-yAESHeKkRk0_chunk_176368-186384_19--noise-10db.wav,80305542c7657379d4a915128ea9053a65e8c487a951f13b145ee6f578f5c20c,31.81999969482422,noise-10db,10.016009330749512,Hausa-English,"Wai su yan hip hop dinnan kullum sai sababbin abubuwa ne? Ai kasan hip hop, asalin hip hop, ai hio hop wato","Wai su yan [[EN]]hip hop[[/EN]] dinnan kullum sai sababbin abubuwa ne? Ai kasan [[EN]]hip hop,[[/EN]] asalin [[EN]]hip hop,[[/EN]] ai hio [[EN]]hop[[/EN]] wato",afriswitch-hausa-001359-yAESHeKkRk0_chunk_176368-186384_19--noise-10db,yAESHeKkRk0_chunk,natural-afriswitch,8
audio/robustness/afriswitch-hausa-001359-yAESHeKkRk0_chunk_176368-186384_19--packet-loss-3pct.wav,ac14030f2007d26830827bcbaa53a6fbb35bd98135fef14ad7252ba641730cdc,31.81999969482422,packet-loss-3pct,10.016009330749512,Hausa-English,"Wai su yan hip hop dinnan kullum sai sababbin abubuwa ne? Ai kasan hip hop, asalin hip hop, ai hio hop wato","Wai su yan [[EN]]hip hop[[/EN]] dinnan kullum sai sababbin abubuwa ne? Ai kasan [[EN]]hip hop,[[/EN]] asalin [[EN]]hip hop,[[/EN]] ai hio [[EN]]hop[[/EN]] wato",afriswitch-hausa-001359-yAESHeKkRk0_chunk_176368-186384_19--packet-loss-3pct,yAESHeKkRk0_chunk,natural-afriswitch,8
audio/robustness/afriswitch-hausa-001379-WAVcH-nTgRY_chunk_402400-411120_37--pstn-mulaw.wav,877c5208c151e1c5d8dad25e883a704316b61791e73b305afd996b0671126ce9,19.229999542236328,pstn-mulaw,8.720000267028809,Hausa-English,"Eh shine fim dina na farko kuma mai bada umarni Hafizu Bello shine dalilin silak ka na shiga cikin harkar fina-finai, shine dalilin silata na shiga","[[EN]]Eh shine fim[[/EN]] dina na farko kuma mai bada umarni Hafizu Bello [[EN]]shine[[/EN]] dalilin silak ka na shiga cikin harkar fina-finai, [[EN]]shine[[/EN]] dalilin silata na shiga",afriswitch-hausa-001379-WAVcH-nTgRY_chunk_402400-411120_37--pstn-mulaw,WAVcH_nTgRY,natural-afriswitch,5
audio/robustness/afriswitch-hausa-001379-WAVcH-nTgRY_chunk_402400-411120_37--noise-10db.wav,763bdc0d130ea95cfa3321c0073258346aea627167da5c21d947158de41cee83,19.229999542236328,noise-10db,8.720000267028809,Hausa-English,"Eh shine fim dina na farko kuma mai bada umarni Hafizu Bello shine dalilin silak ka na shiga cikin harkar fina-finai, shine dalilin silata na shiga","[[EN]]Eh shine fim[[/EN]] dina na farko kuma mai bada umarni Hafizu Bello [[EN]]shine[[/EN]] dalilin silak ka na shiga cikin harkar fina-finai, [[EN]]shine[[/EN]] dalilin silata na shiga",afriswitch-hausa-001379-WAVcH-nTgRY_chunk_402400-411120_37--noise-10db,WAVcH_nTgRY,natural-afriswitch,5
audio/robustness/afriswitch-hausa-001379-WAVcH-nTgRY_chunk_402400-411120_37--packet-loss-3pct.wav,6beb3df80ab72dd19b63a322bb1cac6bbea78134d96d8fbc1ab259a1ec97194a,19.229999542236328,packet-loss-3pct,8.720000267028809,Hausa-English,"Eh shine fim dina na farko kuma mai bada umarni Hafizu Bello shine dalilin silak ka na shiga cikin harkar fina-finai, shine dalilin silata na shiga","[[EN]]Eh shine fim[[/EN]] dina na farko kuma mai bada umarni Hafizu Bello [[EN]]shine[[/EN]] dalilin silak ka na shiga cikin harkar fina-finai, [[EN]]shine[[/EN]] dalilin silata na shiga",afriswitch-hausa-001379-WAVcH-nTgRY_chunk_402400-411120_37--packet-loss-3pct,WAVcH_nTgRY,natural-afriswitch,5
audio/robustness/afriswitch-hausa-001385-H_OvKs9f458_chunk_311296-313056_34--pstn-mulaw.wav,4c664d359654cf2d07e1bb0c86b43f95eee14d8dda2a5a51f2f3c92472623bcd,16.670000076293945,pstn-mulaw,1.7599999904632568,Hausa-English,To abin da ake so shine,To abin da ake so [[EN]]shine[[/EN]],afriswitch-hausa-001385-H_OvKs9f458_chunk_311296-313056_34--pstn-mulaw,H_OvKs9f458,natural-afriswitch,1
audio/robustness/afriswitch-hausa-001385-H_OvKs9f458_chunk_311296-313056_34--noise-10db.wav,b99b6a4a4607b516f7332270ca2eddaa1f4212a15b7a181ffcc54eb144117dfc,16.670000076293945,noise-10db,1.7599999904632568,Hausa-English,To abin da ake so shine,To abin da ake so [[EN]]shine[[/EN]],afriswitch-hausa-001385-H_OvKs9f458_chunk_311296-313056_34--noise-10db,H_OvKs9f458,natural-afriswitch,1
audio/robustness/afriswitch-hausa-001385-H_OvKs9f458_chunk_311296-313056_34--packet-loss-3pct.wav,7716d9522a2be7cfe737feec198da2479e1ca2f3748980790399a96631b94cb4,16.670000076293945,packet-loss-3pct,1.7599999904632568,Hausa-English,To abin da ake so shine,To abin da ake so [[EN]]shine[[/EN]],afriswitch-hausa-001385-H_OvKs9f458_chunk_311296-313056_34--packet-loss-3pct,H_OvKs9f458,natural-afriswitch,1
audio/robustness/afriswitch-hausa-001399-5PCQc_VZAqs_chunk_1713648-1722896_190--pstn-mulaw.wav,ad8685d0a174e44eca4e40e302183975121907acb048dbadf8e4950c8f8d0bff,14.289999961853027,pstn-mulaw,9.248000144958496,Hausa-English,Idan a rediyo ne muna tare da ku idan kuma a shafukan sada zumunta ne za ku same mu a Facebook da Instagram da twitter da kuma YouTube.,Idan a rediyo ne muna tare da ku idan kuma a shafukan sada zumunta ne za ku same mu a [[EN]]Facebook[[/EN]] da [[EN]]Instagram[[/EN]] da [[EN]]twitter[[/EN]] da kuma [[EN]]YouTube.[[/EN]],afriswitch-hausa-001399-5PCQc_VZAqs_chunk_1713648-1722896_190--pstn-mulaw,5PCQc_VZAqs,natural-afriswitch,7
audio/robustness/afriswitch-hausa-001399-5PCQc_VZAqs_chunk_1713648-1722896_190--noise-10db.wav,6e586a599b6bf0e5ab8f736b27461a17f4b4b8a045ccdb9355f255bbf9710c97,14.289999961853027,noise-10db,9.248000144958496,Hausa-English,Idan a rediyo ne muna tare da ku idan kuma a shafukan sada zumunta ne za ku same mu a Facebook da Instagram da twitter da kuma YouTube.,Idan a rediyo ne muna tare da ku idan kuma a shafukan sada zumunta ne za ku same mu a [[EN]]Facebook[[/EN]] da [[EN]]Instagram[[/EN]] da [[EN]]twitter[[/EN]] da kuma [[EN]]YouTube.[[/EN]],afriswitch-hausa-001399-5PCQc_VZAqs_chunk_1713648-1722896_190--noise-10db,5PCQc_VZAqs,natural-afriswitch,7
audio/robustness/afriswitch-hausa-001399-5PCQc_VZAqs_chunk_1713648-1722896_190--packet-loss-3pct.wav,8c9eae65e96ff66bf1109597f8803de2249954c77589780214a85441175d135c,14.289999961853027,packet-loss-3pct,9.248000144958496,Hausa-English,Idan a rediyo ne muna tare da ku idan kuma a shafukan sada zumunta ne za ku same mu a Facebook da Instagram da twitter da kuma YouTube.,Idan a rediyo ne muna tare da ku idan kuma a shafukan sada zumunta ne za ku same mu a [[EN]]Facebook[[/EN]] da [[EN]]Instagram[[/EN]] da [[EN]]twitter[[/EN]] da kuma [[EN]]YouTube.[[/EN]],afriswitch-hausa-001399-5PCQc_VZAqs_chunk_1713648-1722896_190--packet-loss-3pct,5PCQc_VZAqs,natural-afriswitch,7
audio/robustness/afriswitch-hausa-001421-_fY-glHqvA0_chunk_1603588-1613920_174--pstn-mulaw.wav,a62b45189ce9f3bf6b4673f09d800d0a8248bbe9c03c9f7cc8a6b1ba66dd55ee,11.760000228881836,pstn-mulaw,10.331999778747559,Hausa-English,Najeriya yana da matatun man fetur hudu to amma sun shafe kusan shekara arba'in ba sa aiki wani abu da ya zaburar da dangote wani attajirinan na Afirka ya kafa matatar dangote a kasar,Najeriya yana da matatun [[EN]]man fetur[[/EN]] hudu to amma sun shafe kusan shekara arba'in ba sa aiki wani abu da ya zaburar da [[EN]]dangote[[/EN]] wani attajirinan na Afirka ya kafa matatar [[EN]]dangote[[/EN]] a kasar,afriswitch-hausa-001421-_fY-glHqvA0_chunk_1603588-1613920_174--pstn-mulaw,_fY,natural-afriswitch,6
audio/robustness/afriswitch-hausa-001421-_fY-glHqvA0_chunk_1603588-1613920_174--noise-10db.wav,718de90a07d361ed007a05fe7e27777950b31046a18f5101b9d7224c53451efc,11.760000228881836,noise-10db,10.331999778747559,Hausa-English,Najeriya yana da matatun man fetur hudu to amma sun shafe kusan shekara arba'in ba sa aiki wani abu da ya zaburar da dangote wani attajirinan na Afirka ya kafa matatar dangote a kasar,Najeriya yana da matatun [[EN]]man fetur[[/EN]] hudu to amma sun shafe kusan shekara arba'in ba sa aiki wani abu da ya zaburar da [[EN]]dangote[[/EN]] wani attajirinan na Afirka ya kafa matatar [[EN]]dangote[[/EN]] a kasar,afriswitch-hausa-001421-_fY-glHqvA0_chunk_1603588-1613920_174--noise-10db,_fY,natural-afriswitch,6
audio/robustness/afriswitch-hausa-001421-_fY-glHqvA0_chunk_1603588-1613920_174--packet-loss-3pct.wav,2f0e8e2d78a24397856868a1479b6cd43da7271961057ff38dad77501ed0eb0f,11.760000228881836,packet-loss-3pct,10.331999778747559,Hausa-English,Najeriya yana da matatun man fetur hudu to amma sun shafe kusan shekara arba'in ba sa aiki wani abu da ya zaburar da dangote wani attajirinan na Afirka ya kafa matatar dangote a kasar,Najeriya yana da matatun [[EN]]man fetur[[/EN]] hudu to amma sun shafe kusan shekara arba'in ba sa aiki wani abu da ya zaburar da [[EN]]dangote[[/EN]] wani attajirinan na Afirka ya kafa matatar [[EN]]dangote[[/EN]] a kasar,afriswitch-hausa-001421-_fY-glHqvA0_chunk_1603588-1613920_174--packet-loss-3pct,_fY,natural-afriswitch,6
audio/robustness/afriswitch-hausa-001429-jxZsyuTxVAI_chunk_157616-160572_16--pstn-mulaw.wav,edf49726e2667c4577e2565c37dba7b78c5e6bc52db5e98eb0cb70c0d0a7cafd,11.109999656677246,pstn-mulaw,2.9560000896453857,Hausa-English,A nan ake tura shi a kulle da safe,A nan ake tura shi a kulle da [[EN]]safe[[/EN]],afriswitch-hausa-001429-jxZsyuTxVAI_chunk_157616-160572_16--pstn-mulaw,jxZsyuTxVAI_chunk,natural-afriswitch,1
audio/robustness/afriswitch-hausa-001429-jxZsyuTxVAI_chunk_157616-160572_16--noise-10db.wav,fb2d8ca3ef6794ef0f4d3c4294e623068e321c2393155a9cf0c2fbd0d23792b0,11.109999656677246,noise-10db,2.9560000896453857,Hausa-English,A nan ake tura shi a kulle da safe,A nan ake tura shi a kulle da [[EN]]safe[[/EN]],afriswitch-hausa-001429-jxZsyuTxVAI_chunk_157616-160572_16--noise-10db,jxZsyuTxVAI_chunk,natural-afriswitch,1
audio/robustness/afriswitch-hausa-001429-jxZsyuTxVAI_chunk_157616-160572_16--packet-loss-3pct.wav,b43619648552ac55f2952b3809deaf0fff17267034f4220a39d3d61abcf082d6,11.109999656677246,packet-loss-3pct,2.9560000896453857,Hausa-English,A nan ake tura shi a kulle da safe,A nan ake tura shi a kulle da [[EN]]safe[[/EN]],afriswitch-hausa-001429-jxZsyuTxVAI_chunk_157616-160572_16--packet-loss-3pct,jxZsyuTxVAI_chunk,natural-afriswitch,1
audio/robustness/afriswitch-hausa-001468-4iDa2Ap0eQA_chunk_21344-37468_2--pstn-mulaw.wav,269c592a833665a62171b1dbb07fa7c9bdb544ee098b8de2595896cdf1e96b15,8.0,pstn-mulaw,16.22800064086914,Hausa-English,"Aka ce ni na miji Meye? Bayi zan shiga,lafiya na ganta a tube? Ba ruwanka,ba ruwanka,matsala nawa da shi nan,ka bar mu Meke faruwa ne?","Aka ce ni na miji Meye? Bayi zan shiga,lafiya na ganta [[EN]]a tube?[[/EN]] Ba ruwanka,ba ruwanka,matsala nawa da shi nan,ka bar mu Meke faruwa ne?",afriswitch-hausa-001468-4iDa2Ap0eQA_chunk_21344-37468_2--pstn-mulaw,4iDa2Ap0eQA_chunk,natural-afriswitch,2
audio/robustness/afriswitch-hausa-001468-4iDa2Ap0eQA_chunk_21344-37468_2--noise-10db.wav,f0b98c17a11addfe22592183e1a8f46d477ecfef592f94ec64cd9b04e9290d56,8.0,noise-10db,16.22800064086914,Hausa-English,"Aka ce ni na miji Meye? Bayi zan shiga,lafiya na ganta a tube? Ba ruwanka,ba ruwanka,matsala nawa da shi nan,ka bar mu Meke faruwa ne?","Aka ce ni na miji Meye? Bayi zan shiga,lafiya na ganta [[EN]]a tube?[[/EN]] Ba ruwanka,ba ruwanka,matsala nawa da shi nan,ka bar mu Meke faruwa ne?",afriswitch-hausa-001468-4iDa2Ap0eQA_chunk_21344-37468_2--noise-10db,4iDa2Ap0eQA_chunk,natural-afriswitch,2
audio/robustness/afriswitch-hausa-001468-4iDa2Ap0eQA_chunk_21344-37468_2--packet-loss-3pct.wav,d077f5a8323a857f1a1c6d3b465c84ba079a5ec27bbb28a98d5b85469ac2e081,8.0,packet-loss-3pct,16.22800064086914,Hausa-English,"Aka ce ni na miji Meye? Bayi zan shiga,lafiya na ganta a tube? Ba ruwanka,ba ruwanka,matsala nawa da shi nan,ka bar mu Meke faruwa ne?","Aka ce ni na miji Meye? Bayi zan shiga,lafiya na ganta [[EN]]a tube?[[/EN]] Ba ruwanka,ba ruwanka,matsala nawa da shi nan,ka bar mu Meke faruwa ne?",afriswitch-hausa-001468-4iDa2Ap0eQA_chunk_21344-37468_2--packet-loss-3pct,4iDa2Ap0eQA_chunk,natural-afriswitch,2
audio/robustness/afriswitch-hausa-001489-0KMuB4HvHLY_chunk_208612-222016_21--pstn-mulaw.wav,f9a0e2c3f003c2f4d84305f35bfefd9073dbbd107045ce92a7f818851ed75cfc,6.670000076293945,pstn-mulaw,13.404000282287598,Hausa-English,wani ma'aikacin kiwon lafiya a Gaza wanda ya tsani ke rijiya da baya a harda Isra'ila ta kai kan ayar motocin ungiyar agaji ta red trasant inda aka kashe ma'aikata a gaji goma sha biyar ya kalubalanci dalilin bue wuta da sojojin Isra'ila suka bayar,wani ma'aikacin kiwon lafiya a [[EN]]Gaza[[/EN]] wanda ya tsani ke rijiya da baya a harda Isra'ila ta kai kan ayar motocin ungiyar agaji ta [[EN]]red trasant[[/EN]] inda aka kashe ma'aikata a gaji goma sha biyar ya kalubalanci dalilin bue wuta da sojojin Isra'ila suka bayar,afriswitch-hausa-001489-0KMuB4HvHLY_chunk_208612-222016_21--pstn-mulaw,0KMuB4HvHLY_chunk,natural-afriswitch,4
audio/robustness/afriswitch-hausa-001489-0KMuB4HvHLY_chunk_208612-222016_21--noise-10db.wav,f916411c20b77b185bfa8c9d3f396077cceff8d55af022339ef7d62c1bf42ea4,6.670000076293945,noise-10db,13.404000282287598,Hausa-English,wani ma'aikacin kiwon lafiya a Gaza wanda ya tsani ke rijiya da baya a harda Isra'ila ta kai kan ayar motocin ungiyar agaji ta red trasant inda aka kashe ma'aikata a gaji goma sha biyar ya kalubalanci dalilin bue wuta da sojojin Isra'ila suka bayar,wani ma'aikacin kiwon lafiya a [[EN]]Gaza[[/EN]] wanda ya tsani ke rijiya da baya a harda Isra'ila ta kai kan ayar motocin ungiyar agaji ta [[EN]]red trasant[[/EN]] inda aka kashe ma'aikata a gaji goma sha biyar ya kalubalanci dalilin bue wuta da sojojin Isra'ila suka bayar,afriswitch-hausa-001489-0KMuB4HvHLY_chunk_208612-222016_21--noise-10db,0KMuB4HvHLY_chunk,natural-afriswitch,4
audio/robustness/afriswitch-hausa-001489-0KMuB4HvHLY_chunk_208612-222016_21--packet-loss-3pct.wav,7a44dc6987c29cc7849dbb39507a76164586fdaed739ef00ac443673285977db,6.670000076293945,packet-loss-3pct,13.404000282287598,Hausa-English,wani ma'aikacin kiwon lafiya a Gaza wanda ya tsani ke rijiya da baya a harda Isra'ila ta kai kan ayar motocin ungiyar agaji ta red trasant inda aka kashe ma'aikata a gaji goma sha biyar ya kalubalanci dalilin bue wuta da sojojin Isra'ila suka bayar,wani ma'aikacin kiwon lafiya a [[EN]]Gaza[[/EN]] wanda ya tsani ke rijiya da baya a harda Isra'ila ta kai kan ayar motocin ungiyar agaji ta [[EN]]red trasant[[/EN]] inda aka kashe ma'aikata a gaji goma sha biyar ya kalubalanci dalilin bue wuta da sojojin Isra'ila suka bayar,afriswitch-hausa-001489-0KMuB4HvHLY_chunk_208612-222016_21--packet-loss-3pct,0KMuB4HvHLY_chunk,natural-afriswitch,4
audio/robustness/afriswitch-hausa-001491-VDjdFeKbqaA_chunk_465936-472592_47--pstn-mulaw.wav,30ccf61ab3993446cae82cfbb99f1fe5ffaf31e79075510d3897407e7135a460,6.670000076293945,pstn-mulaw,6.656000137329102,Hausa-English,Yar jarida ta yura da ni ya sake yin tambaya faya barkon tsoya tune wurin,Yar jarida ta yura da ni ya sake yin tambaya faya barkon tsoya [[EN]]tune[[/EN]] wurin,afriswitch-hausa-001491-VDjdFeKbqaA_chunk_465936-472592_47--pstn-mulaw,VDjdFeKbqaA_chunk,natural-afriswitch,2
audio/robustness/afriswitch-hausa-001491-VDjdFeKbqaA_chunk_465936-472592_47--noise-10db.wav,9dc7f940849e09f2e50a1b8c9c46d2a0d5e9888bbdbc45ce78e22e647a53250c,6.670000076293945,noise-10db,6.656000137329102,Hausa-English,Yar jarida ta yura da ni ya sake yin tambaya faya barkon tsoya tune wurin,Yar jarida ta yura da ni ya sake yin tambaya faya barkon tsoya [[EN]]tune[[/EN]] wurin,afriswitch-hausa-001491-VDjdFeKbqaA_chunk_465936-472592_47--noise-10db,VDjdFeKbqaA_chunk,natural-afriswitch,2
audio/robustness/afriswitch-hausa-001491-VDjdFeKbqaA_chunk_465936-472592_47--packet-loss-3pct.wav,7c3419eec10f602afc0ee7d56c7d7120675253f58265f05bba6124bd22ce5f7d,6.670000076293945,packet-loss-3pct,6.656000137329102,Hausa-English,Yar jarida ta yura da ni ya sake yin tambaya faya barkon tsoya tune wurin,Yar jarida ta yura da ni ya sake yin tambaya faya barkon tsoya [[EN]]tune[[/EN]] wurin,afriswitch-hausa-001491-VDjdFeKbqaA_chunk_465936-472592_47--packet-loss-3pct,VDjdFeKbqaA_chunk,natural-afriswitch,2
audio/robustness/afriswitch-hausa-001498-Oy6a5MXUJP0_chunk_945104-954160_108--pstn-mulaw.wav,9e03eafc32843bb87326457ef81a73225ecfa0db27a518609b12865c9099d969,6.449999809265137,pstn-mulaw,9.055999755859375,Hausa-English,Suna neman irin su ibrahima bit har Wanda duk Yan wasa ne da in a dane ba zama ayi tinanin man city zama ta neme suba ko dama rade raden ne,Suna neman irin su ibrahima [[EN]]bit[[/EN]] har Wanda duk Yan wasa ne da in a dane ba zama ayi tinanin man [[EN]]city[[/EN]] zama ta neme suba ko dama rade raden ne,afriswitch-hausa-001498-Oy6a5MXUJP0_chunk_945104-954160_108--pstn-mulaw,Oy6a5MXUJP0_chunk,natural-afriswitch,4
audio/robustness/afriswitch-hausa-001498-Oy6a5MXUJP0_chunk_945104-954160_108--noise-10db.wav,c76de2fef701e2134db4c536b7e00388206cf6282559d3302111f911d2e53910,6.449999809265137,noise-10db,9.055999755859375,Hausa-English,Suna neman irin su ibrahima bit har Wanda duk Yan wasa ne da in a dane ba zama ayi tinanin man city zama ta neme suba ko dama rade raden ne,Suna neman irin su ibrahima [[EN]]bit[[/EN]] har Wanda duk Yan wasa ne da in a dane ba zama ayi tinanin man [[EN]]city[[/EN]] zama ta neme suba ko dama rade raden ne,afriswitch-hausa-001498-Oy6a5MXUJP0_chunk_945104-954160_108--noise-10db,Oy6a5MXUJP0_chunk,natural-afriswitch,4
audio/robustness/afriswitch-hausa-001498-Oy6a5MXUJP0_chunk_945104-954160_108--packet-loss-3pct.wav,4ac6a9034f77afe22b5b54fdcc5fdece306337dd53281d4fb9fae6476a7fbbd6,6.449999809265137,packet-loss-3pct,9.055999755859375,Hausa-English,Suna neman irin su ibrahima bit har Wanda duk Yan wasa ne da in a dane ba zama ayi tinanin man city zama ta neme suba ko dama rade raden ne,Suna neman irin su ibrahima [[EN]]bit[[/EN]] har Wanda duk Yan wasa ne da in a dane ba zama ayi tinanin man [[EN]]city[[/EN]] zama ta neme suba ko dama rade raden ne,afriswitch-hausa-001498-Oy6a5MXUJP0_chunk_945104-954160_108--packet-loss-3pct,Oy6a5MXUJP0_chunk,natural-afriswitch,4
audio/robustness/afriswitch-hausa-001499-BQBAQKzk4Ic_chunk_1104784-1121216_105--pstn-mulaw.wav,a179f2eb86b170fba674672c714269946f728e1a9cefd9ab9b2d0a1f99722344,6.380000114440918,pstn-mulaw,16.43199920654297,Hausa-English,"Idan ya kama, akwai wasu haraji kamfanoni da suke nan da aka dakatar musu da haraji kowanne ya dawo da su sun isa ya rage mabukatar wannan nauyin harajin da aka dora kansu yadda aka sarrafa cocoa bod za a samu wani bod kuma haka da zai","Idan ya kama, akwai wasu haraji kamfanoni da suke nan da aka dakatar musu da haraji kowanne ya dawo da su sun isa ya rage mabukatar wannan nauyin harajin da aka dora kansu yadda aka sarrafa [[EN]]cocoa bod[[/EN]] za a samu wani [[EN]]bod[[/EN]] kuma haka da zai",afriswitch-hausa-001499-BQBAQKzk4Ic_chunk_1104784-1121216_105--pstn-mulaw,BQBAQKzk4Ic_chunk,natural-afriswitch,4
audio/robustness/afriswitch-hausa-001499-BQBAQKzk4Ic_chunk_1104784-1121216_105--noise-10db.wav,232ae703462c3da5f7acf55f091e3c35605845437ec1da8c08e55f8cbe8866f3,6.380000114440918,noise-10db,16.43199920654297,Hausa-English,"Idan ya kama, akwai wasu haraji kamfanoni da suke nan da aka dakatar musu da haraji kowanne ya dawo da su sun isa ya rage mabukatar wannan nauyin harajin da aka dora kansu yadda aka sarrafa cocoa bod za a samu wani bod kuma haka da zai","Idan ya kama, akwai wasu haraji kamfanoni da suke nan da aka dakatar musu da haraji kowanne ya dawo da su sun isa ya rage mabukatar wannan nauyin harajin da aka dora kansu yadda aka sarrafa [[EN]]cocoa bod[[/EN]] za a samu wani [[EN]]bod[[/EN]] kuma haka da zai",afriswitch-hausa-001499-BQBAQKzk4Ic_chunk_1104784-1121216_105--noise-10db,BQBAQKzk4Ic_chunk,natural-afriswitch,4
audio/robustness/afriswitch-hausa-001499-BQBAQKzk4Ic_chunk_1104784-1121216_105--packet-loss-3pct.wav,3a02382694b30325d43df30b5db8ecab368f030fe6b1b8d3563180827102bf02,6.380000114440918,packet-loss-3pct,16.43199920654297,Hausa-English,"Idan ya kama, akwai wasu haraji kamfanoni da suke nan da aka dakatar musu da haraji kowanne ya dawo da su sun isa ya rage mabukatar wannan nauyin harajin da aka dora kansu yadda aka sarrafa cocoa bod za a samu wani bod kuma haka da zai","Idan ya kama, akwai wasu haraji kamfanoni da suke nan da aka dakatar musu da haraji kowanne ya dawo da su sun isa ya rage mabukatar wannan nauyin harajin da aka dora kansu yadda aka sarrafa [[EN]]cocoa bod[[/EN]] za a samu wani [[EN]]bod[[/EN]] kuma haka da zai",afriswitch-hausa-001499-BQBAQKzk4Ic_chunk_1104784-1121216_105--packet-loss-3pct,BQBAQKzk4Ic_chunk,natural-afriswitch,4
audio/robustness/afriswitch-igbo-000003-LoLPh-PVyyc_chunk_1226560-1239184_138--pstn-mulaw.wav,02e98dc995908056de58dafc16e584b037d034c12880a15724f189ccde144b11,20.0,pstn-mulaw,12.62399959564209,Igbo-English,"Fere bia ha nso, and called them by their names, were kpo ha aha n'ofu n'ofu","Fere bia [[EN]]ha nso, and called them by their names, were[[/EN]] kpo [[EN]]ha[[/EN]] aha [[EN]]n'ofu n'ofu[[/EN]]",afriswitch-igbo-000003-LoLPh-PVyyc_chunk_1226560-1239184_138--pstn-mulaw,LoLPh_PVyyc,natural-afriswitch,3
audio/robustness/afriswitch-igbo-000003-LoLPh-PVyyc_chunk_1226560-1239184_138--noise-10db.wav,00c099bc798ff21b8001e10927e9c8cbc52fb85042f450debb7a5045b197ad43,20.0,noise-10db,12.62399959564209,Igbo-English,"Fere bia ha nso, and called them by their names, were kpo ha aha n'ofu n'ofu","Fere bia [[EN]]ha nso, and called them by their names, were[[/EN]] kpo [[EN]]ha[[/EN]] aha [[EN]]n'ofu n'ofu[[/EN]]",afriswitch-igbo-000003-LoLPh-PVyyc_chunk_1226560-1239184_138--noise-10db,LoLPh_PVyyc,natural-afriswitch,3
audio/robustness/afriswitch-igbo-000003-LoLPh-PVyyc_chunk_1226560-1239184_138--packet-loss-3pct.wav,dc109d90fa409006bcfe652e1b9e25023d040939edc3d7da5a0bbd6c366da0a8,20.0,packet-loss-3pct,12.62399959564209,Igbo-English,"Fere bia ha nso, and called them by their names, were kpo ha aha n'ofu n'ofu","Fere bia [[EN]]ha nso, and called them by their names, were[[/EN]] kpo [[EN]]ha[[/EN]] aha [[EN]]n'ofu n'ofu[[/EN]]",afriswitch-igbo-000003-LoLPh-PVyyc_chunk_1226560-1239184_138--packet-loss-3pct,LoLPh_PVyyc,natural-afriswitch,3
audio/robustness/afriswitch-igbo-000050-377qQqaCs8A_chunk_648068-654556_68--pstn-mulaw.wav,beaf33b26a924fe09fb50387779a61bd02b20a03347fa3d86c31cec5614ac24c,5.880000114440918,pstn-mulaw,6.48799991607666,Igbo-English,Wait let me block this eze thankgod Austin oyaa goodbye from this page you are an idiot,[[EN]]Wait let me block this eze thankgod Austin[[/EN]] oyaa [[EN]]goodbye from this page you are an idiot[[/EN]],afriswitch-igbo-000050-377qQqaCs8A_chunk_648068-654556_68--pstn-mulaw,377qQqaCs8A_chunk,natural-afriswitch,2
audio/robustness/afriswitch-igbo-000050-377qQqaCs8A_chunk_648068-654556_68--noise-10db.wav,983aec2e25a1b92800ab3baf0e6087ad11a467475b647adfa92ed771769c5cd6,5.880000114440918,noise-10db,6.48799991607666,Igbo-English,Wait let me block this eze thankgod Austin oyaa goodbye from this page you are an idiot,[[EN]]Wait let me block this eze thankgod Austin[[/EN]] oyaa [[EN]]goodbye from this page you are an idiot[[/EN]],afriswitch-igbo-000050-377qQqaCs8A_chunk_648068-654556_68--noise-10db,377qQqaCs8A_chunk,natural-afriswitch,2
audio/robustness/afriswitch-igbo-000050-377qQqaCs8A_chunk_648068-654556_68--packet-loss-3pct.wav,0b2b67c66e27628d1f8353e611b31718719018f40be4b63c2ac53250d3d1711c,5.880000114440918,packet-loss-3pct,6.48799991607666,Igbo-English,Wait let me block this eze thankgod Austin oyaa goodbye from this page you are an idiot,[[EN]]Wait let me block this eze thankgod Austin[[/EN]] oyaa [[EN]]goodbye from this page you are an idiot[[/EN]],afriswitch-igbo-000050-377qQqaCs8A_chunk_648068-654556_68--packet-loss-3pct,377qQqaCs8A_chunk,natural-afriswitch,2
audio/robustness/afriswitch-igbo-000069-L7fEHb6tafI_chunk_12388-28128_2--pstn-mulaw.wav,608b3ca90ffcd29b494163828ab27c5d2d8b884aac5bdb5c823ec8e0999d56a5,46.150001525878906,pstn-mulaw,15.739999771118164,Igbo-English,"It's dark, chi ejigo, chi ejigo. The moon is shining, ọnwa n'eti. Ọnwa","[[EN]]It's dark,[[/EN]] chi ejigo, chi ejigo. [[EN]]The moon is shining,[[/EN]] ọnwa n'eti. Ọnwa",afriswitch-igbo-000069-L7fEHb6tafI_chunk_12388-28128_2--pstn-mulaw,L7fEHb6tafI_chunk,natural-afriswitch,3
audio/robustness/afriswitch-igbo-000069-L7fEHb6tafI_chunk_12388-28128_2--noise-10db.wav,b26c26cb60a51c4aa70a99b2d4572f95ed8bb6c0acd01ee443b2fddf1823b6d8,46.150001525878906,noise-10db,15.739999771118164,Igbo-English,"It's dark, chi ejigo, chi ejigo. The moon is shining, ọnwa n'eti. Ọnwa","[[EN]]It's dark,[[/EN]] chi ejigo, chi ejigo. [[EN]]The moon is shining,[[/EN]] ọnwa n'eti. Ọnwa",afriswitch-igbo-000069-L7fEHb6tafI_chunk_12388-28128_2--noise-10db,L7fEHb6tafI_chunk,natural-afriswitch,3
audio/robustness/afriswitch-igbo-000069-L7fEHb6tafI_chunk_12388-28128_2--packet-loss-3pct.wav,5e846c3f64ae67f31ef7ebe80426415064ee107717e2993f71fcfcf28a116307,46.150001525878906,packet-loss-3pct,15.739999771118164,Igbo-English,"It's dark, chi ejigo, chi ejigo. The moon is shining, ọnwa n'eti. Ọnwa","[[EN]]It's dark,[[/EN]] chi ejigo, chi ejigo. [[EN]]The moon is shining,[[/EN]] ọnwa n'eti. Ọnwa",afriswitch-igbo-000069-L7fEHb6tafI_chunk_12388-28128_2--packet-loss-3pct,L7fEHb6tafI_chunk,natural-afriswitch,3
audio/robustness/afriswitch-igbo-000071-_U2cSu8UNe8_chunk_220164-234320_27--pstn-mulaw.wav,843e13e44074048bfdfbcd174a239f74abe7381ad06fcf1a6001aa9080c28a24,42.41999816894531,pstn-mulaw,14.156000137329102,Igbo-English,"Ka osi ka njo bu no ndi Igbo anyi You cannot do it to another outside police apart from ndi Igbo anyi, you cannot try it Eyinyeha unu gown, unu ana ezuzughari Okay","Ka osi ka njo bu [[EN]]no[[/EN]] ndi [[EN]]Igbo[[/EN]] anyi [[EN]]You cannot do it to another outside police apart from[[/EN]] ndi [[EN]]Igbo[[/EN]] anyi, [[EN]]you cannot try it[[/EN]] Eyinyeha unu [[EN]]gown,[[/EN]] unu ana ezuzughari [[EN]]Okay[[/EN]]",afriswitch-igbo-000071-_U2cSu8UNe8_chunk_220164-234320_27--pstn-mulaw,_U2cSu8UNe8,natural-afriswitch,13
audio/robustness/afriswitch-igbo-000071-_U2cSu8UNe8_chunk_220164-234320_27--noise-10db.wav,6c5a3d8fd7a60f805fa50cc41ee6f4f3ec7bfd5073d2e63182ff37f036f43a24,42.41999816894531,noise-10db,14.156000137329102,Igbo-English,"Ka osi ka njo bu no ndi Igbo anyi You cannot do it to another outside police apart from ndi Igbo anyi, you cannot try it Eyinyeha unu gown, unu ana ezuzughari Okay","Ka osi ka njo bu [[EN]]no[[/EN]] ndi [[EN]]Igbo[[/EN]] anyi [[EN]]You cannot do it to another outside police apart from[[/EN]] ndi [[EN]]Igbo[[/EN]] anyi, [[EN]]you cannot try it[[/EN]] Eyinyeha unu [[EN]]gown,[[/EN]] unu ana ezuzughari [[EN]]Okay[[/EN]]",afriswitch-igbo-000071-_U2cSu8UNe8_chunk_220164-234320_27--noise-10db,_U2cSu8UNe8,natural-afriswitch,13
audio/robustness/afriswitch-igbo-000071-_U2cSu8UNe8_chunk_220164-234320_27--packet-loss-3pct.wav,220abfca0878e2d72f2677ba9f6305b4a2aea6fdf22d566e8d43b5e2e8a64511,42.41999816894531,packet-loss-3pct,14.156000137329102,Igbo-English,"Ka osi ka njo bu no ndi Igbo anyi You cannot do it to another outside police apart from ndi Igbo anyi, you cannot try it Eyinyeha unu gown, unu ana ezuzughari Okay","Ka osi ka njo bu [[EN]]no[[/EN]] ndi [[EN]]Igbo[[/EN]] anyi [[EN]]You cannot do it to another outside police apart from[[/EN]] ndi [[EN]]Igbo[[/EN]] anyi, [[EN]]you cannot try it[[/EN]] Eyinyeha unu [[EN]]gown,[[/EN]] unu ana ezuzughari [[EN]]Okay[[/EN]]",afriswitch-igbo-000071-_U2cSu8UNe8_chunk_220164-234320_27--packet-loss-3pct,_U2cSu8UNe8,natural-afriswitch,13
audio/robustness/afriswitch-igbo-000115-P-LVtnjfoYI_chunk_2954256-2962876_289--pstn-mulaw.wav,5adbd9ec3ead5ebc79a2d233287a0c241e33172e0f13e54ee6a975133ee89f2f,35.709999084472656,pstn-mulaw,9.87600040435791,Igbo-English,Ma gwa ha ma ga za ndi ntopu give vo mu my own stegimenti and they explained everything to me that I got the whole thing messed up,Ma gwa ha ma ga za ndi ntopu [[EN]]give[[/EN]] vo mu [[EN]]my own stegimenti and they explained everything to me that I got the whole thing messed up[[/EN]],afriswitch-igbo-000115-P-LVtnjfoYI_chunk_2954256-2962876_289--pstn-mulaw,P_LVtnjfoYI,natural-afriswitch,3
audio/robustness/afriswitch-igbo-000115-P-LVtnjfoYI_chunk_2954256-2962876_289--noise-10db.wav,29f395c3625ce4784312c59a8a50ec42bbbfe952f2776cc7be152129cb898f14,35.709999084472656,noise-10db,9.87600040435791,Igbo-English,Ma gwa ha ma ga za ndi ntopu give vo mu my own stegimenti and they explained everything to me that I got the whole thing messed up,Ma gwa ha ma ga za ndi ntopu [[EN]]give[[/EN]] vo mu [[EN]]my own stegimenti and they explained everything to me that I got the whole thing messed up[[/EN]],afriswitch-igbo-000115-P-LVtnjfoYI_chunk_2954256-2962876_289--noise-10db,P_LVtnjfoYI,natural-afriswitch,3
audio/robustness/afriswitch-igbo-000115-P-LVtnjfoYI_chunk_2954256-2962876_289--packet-loss-3pct.wav,ff7c4330189b51aa27c5e53107a6b0717df85994bb8480a2980bae0f08b67b4f,35.709999084472656,packet-loss-3pct,9.87600040435791,Igbo-English,Ma gwa ha ma ga za ndi ntopu give vo mu my own stegimenti and they explained everything to me that I got the whole thing messed up,Ma gwa ha ma ga za ndi ntopu [[EN]]give[[/EN]] vo mu [[EN]]my own stegimenti and they explained everything to me that I got the whole thing messed up[[/EN]],afriswitch-igbo-000115-P-LVtnjfoYI_chunk_2954256-2962876_289--packet-loss-3pct,P_LVtnjfoYI,natural-afriswitch,3
audio/robustness/afriswitch-igbo-000160-MXXlxkuCRjM_chunk_2920612-2926640_325--pstn-mulaw.wav,ee2f5ceb7dd038cfad318a428d6f677471a92f711b1fa5a08581a880aa4cc82d,25.0,pstn-mulaw,6.0279998779296875,Igbo-English,I ghotago? So o gbasaghị m ihe unu na-aplan; o gbasaghị m nke unu plan-a-plan ni,[[EN]]I[[/EN]] ghotago? [[EN]]So[[/EN]] o gbasaghị m ihe unu [[EN]]na-aplan;[[/EN]] o gbasaghị m nke unu [[EN]]plan-a-plan[[/EN]] ni,afriswitch-igbo-000160-MXXlxkuCRjM_chunk_2920612-2926640_325--pstn-mulaw,MXXlxkuCRjM_chunk,natural-afriswitch,7
audio/robustness/afriswitch-igbo-000160-MXXlxkuCRjM_chunk_2920612-2926640_325--noise-10db.wav,6b7a558531bd7182742864fd9fe42f101a168d73468478eb715571ccf619ff6b,25.0,noise-10db,6.0279998779296875,Igbo-English,I ghotago? So o gbasaghị m ihe unu na-aplan; o gbasaghị m nke unu plan-a-plan ni,[[EN]]I[[/EN]] ghotago? [[EN]]So[[/EN]] o gbasaghị m ihe unu [[EN]]na-aplan;[[/EN]] o gbasaghị m nke unu [[EN]]plan-a-plan[[/EN]] ni,afriswitch-igbo-000160-MXXlxkuCRjM_chunk_2920612-2926640_325--noise-10db,MXXlxkuCRjM_chunk,natural-afriswitch,7
audio/robustness/afriswitch-igbo-000160-MXXlxkuCRjM_chunk_2920612-2926640_325--packet-loss-3pct.wav,8b769a2220b482390170c612ff5bad4310fa8c3d6e15ee573dd43ff4bcd27e51,25.0,packet-loss-3pct,6.0279998779296875,Igbo-English,I ghotago? So o gbasaghị m ihe unu na-aplan; o gbasaghị m nke unu plan-a-plan ni,[[EN]]I[[/EN]] ghotago? [[EN]]So[[/EN]] o gbasaghị m ihe unu [[EN]]na-aplan;[[/EN]] o gbasaghị m nke unu [[EN]]plan-a-plan[[/EN]] ni,afriswitch-igbo-000160-MXXlxkuCRjM_chunk_2920612-2926640_325--packet-loss-3pct,MXXlxkuCRjM_chunk,natural-afriswitch,7
audio/robustness/afriswitch-igbo-000171-LoLPh-PVyyc_chunk_3332416-3349660_379--pstn-mulaw.wav,2f0376268a723c1a1a2fda2981db84e5bb2b5c5e20fcc25352f8040e3cf9be14,14.8100004196167,pstn-mulaw,17.423999786376953,Igbo-English,"To produce quality, fun, visual children's programs that can help our kids learn asusu Igbo, also enroll in our online Igbo school today. Ka Ndi obia lawachara.","[[EN]]To produce quality, fun, visual children's programs that can help our kids learn asusu Igbo, also enroll in our online Igbo school today.[[/EN]] Ka Ndi obia lawachara.",afriswitch-igbo-000171-LoLPh-PVyyc_chunk_3332416-3349660_379--pstn-mulaw,LoLPh_PVyyc,natural-afriswitch,1
audio/robustness/afriswitch-igbo-000171-LoLPh-PVyyc_chunk_3332416-3349660_379--noise-10db.wav,ec49b94bdba02a8f9d4b979c4b7edde2e36db3590a26125a4ae1522652e7689a,14.8100004196167,noise-10db,17.423999786376953,Igbo-English,"To produce quality, fun, visual children's programs that can help our kids learn asusu Igbo, also enroll in our online Igbo school today. Ka Ndi obia lawachara.","[[EN]]To produce quality, fun, visual children's programs that can help our kids learn asusu Igbo, also enroll in our online Igbo school today.[[/EN]] Ka Ndi obia lawachara.",afriswitch-igbo-000171-LoLPh-PVyyc_chunk_3332416-3349660_379--noise-10db,LoLPh_PVyyc,natural-afriswitch,1
audio/robustness/afriswitch-igbo-000171-LoLPh-PVyyc_chunk_3332416-3349660_379--packet-loss-3pct.wav,c14dbe758acaec0fbe522da9865328739c6f94c42a49798b8b42b8f0bd039068,14.8100004196167,packet-loss-3pct,17.423999786376953,Igbo-English,"To produce quality, fun, visual children's programs that can help our kids learn asusu Igbo, also enroll in our online Igbo school today. Ka Ndi obia lawachara.","[[EN]]To produce quality, fun, visual children's programs that can help our kids learn asusu Igbo, also enroll in our online Igbo school today.[[/EN]] Ka Ndi obia lawachara.",afriswitch-igbo-000171-LoLPh-PVyyc_chunk_3332416-3349660_379--packet-loss-3pct,LoLPh_PVyyc,natural-afriswitch,1
audio/robustness/afriswitch-igbo-000180-aRIK319lpS0_chunk_1689072-1703584_186--pstn-mulaw.wav,927376555a82e0b5112dfa8824d937082bcd18c9ae85375c4bb8b7c51a93ff9b,14.8100004196167,pstn-mulaw,14.51200008392334,Igbo-English,"Ugochi? uhhhhhhhhh! guys ok so the funny story about that one, I have met Ugochi she was in Atlanta for the Umuigbo unite convention. Who said Ugochi?","Ugochi? [[EN]]uhhhhhhhhh! guys ok so the funny story about that one, I have met[[/EN]] Ugochi [[EN]]she was in Atlanta for the[[/EN]] Umuigbo [[EN]]unite convention. Who said[[/EN]] Ugochi?",afriswitch-igbo-000180-aRIK319lpS0_chunk_1689072-1703584_186--pstn-mulaw,aRIK319lpS0_chunk,natural-afriswitch,6
audio/robustness/afriswitch-igbo-000180-aRIK319lpS0_chunk_1689072-1703584_186--noise-10db.wav,59db99dcaf4551317181369fb79495cf61832ec527eefd0d3a5f2f5f38483e86,14.8100004196167,noise-10db,14.51200008392334,Igbo-English,"Ugochi? uhhhhhhhhh! guys ok so the funny story about that one, I have met Ugochi she was in Atlanta for the Umuigbo unite convention. Who said Ugochi?","Ugochi? [[EN]]uhhhhhhhhh! guys ok so the funny story about that one, I have met[[/EN]] Ugochi [[EN]]she was in Atlanta for the[[/EN]] Umuigbo [[EN]]unite convention. Who said[[/EN]] Ugochi?",afriswitch-igbo-000180-aRIK319lpS0_chunk_1689072-1703584_186--noise-10db,aRIK319lpS0_chunk,natural-afriswitch,6
audio/robustness/afriswitch-igbo-000180-aRIK319lpS0_chunk_1689072-1703584_186--packet-loss-3pct.wav,3b35246134cee30dee476ddee0aa10c8069e9ee97a28aa7da799ce839608acb2,14.8100004196167,packet-loss-3pct,14.51200008392334,Igbo-English,"Ugochi? uhhhhhhhhh! guys ok so the funny story about that one, I have met Ugochi she was in Atlanta for the Umuigbo unite convention. Who said Ugochi?","Ugochi? [[EN]]uhhhhhhhhh! guys ok so the funny story about that one, I have met[[/EN]] Ugochi [[EN]]she was in Atlanta for the[[/EN]] Umuigbo [[EN]]unite convention. Who said[[/EN]] Ugochi?",afriswitch-igbo-000180-aRIK319lpS0_chunk_1689072-1703584_186--packet-loss-3pct,aRIK319lpS0_chunk,natural-afriswitch,6
audio/robustness/afriswitch-igbo-000208-ItggUeiU68Q_chunk_361200-373456_46--pstn-mulaw.wav,80b9b038da43fd942c75657bceefa92672b66e5993677b1d5153e7d0d3c27bdf,5.880000114440918,pstn-mulaw,12.255999565124512,Igbo-English,"Na Before ikwo ikwo isi ya, wa Anyi otu ihe ojo nkwa mere gi ka Anyi mee peace Ogaju nwekw ozuru ochi onwyi ihe ojo omere ya, ole nwanu ihe ijiri cho inu ya.","Na [[EN]]Before[[/EN]] ikwo ikwo isi ya, wa Anyi otu ihe ojo nkwa mere gi ka Anyi mee [[EN]]peace[[/EN]] Ogaju nwekw ozuru ochi onwyi ihe ojo omere ya, ole nwanu ihe ijiri cho inu ya.",afriswitch-igbo-000208-ItggUeiU68Q_chunk_361200-373456_46--pstn-mulaw,ItggUeiU68Q_chunk,natural-afriswitch,4
audio/robustness/afriswitch-igbo-000208-ItggUeiU68Q_chunk_361200-373456_46--noise-10db.wav,595c8e6e973998b0bca02409b584574f91ae93ea4b193b1a62b1b3651588f98b,5.880000114440918,noise-10db,12.255999565124512,Igbo-English,"Na Before ikwo ikwo isi ya, wa Anyi otu ihe ojo nkwa mere gi ka Anyi mee peace Ogaju nwekw ozuru ochi onwyi ihe ojo omere ya, ole nwanu ihe ijiri cho inu ya.","Na [[EN]]Before[[/EN]] ikwo ikwo isi ya, wa Anyi otu ihe ojo nkwa mere gi ka Anyi mee [[EN]]peace[[/EN]] Ogaju nwekw ozuru ochi onwyi ihe ojo omere ya, ole nwanu ihe ijiri cho inu ya.",afriswitch-igbo-000208-ItggUeiU68Q_chunk_361200-373456_46--noise-10db,ItggUeiU68Q_chunk,natural-afriswitch,4
audio/robustness/afriswitch-igbo-000208-ItggUeiU68Q_chunk_361200-373456_46--packet-loss-3pct.wav,74dfaca96b5aced02872481bcb2ff7e22030719fd8e40d54ca7836335690b9d5,5.880000114440918,packet-loss-3pct,12.255999565124512,Igbo-English,"Na Before ikwo ikwo isi ya, wa Anyi otu ihe ojo nkwa mere gi ka Anyi mee peace Ogaju nwekw ozuru ochi onwyi ihe ojo omere ya, ole nwanu ihe ijiri cho inu ya.","Na [[EN]]Before[[/EN]] ikwo ikwo isi ya, wa Anyi otu ihe ojo nkwa mere gi ka Anyi mee [[EN]]peace[[/EN]] Ogaju nwekw ozuru ochi onwyi ihe ojo omere ya, ole nwanu ihe ijiri cho inu ya.",afriswitch-igbo-000208-ItggUeiU68Q_chunk_361200-373456_46--packet-loss-3pct,ItggUeiU68Q_chunk,natural-afriswitch,4
audio/robustness/afriswitch-igbo-000209-K6uLPexqTds_chunk_716720-721568_86--pstn-mulaw.wav,f7d5dff107ca9187f8c34122de908a489f6c5bee45e7470ebe3f7e20043b2e66,42.11000061035156,pstn-mulaw,4.8480000495910645,Igbo-English,Soso ndi I ga afu na adi make this kind of rousy noise bu ndi enwero ife ha chere,[[EN]]Soso[[/EN]] ndi [[EN]]I[[/EN]] ga afu na adi [[EN]]make this kind of rousy noise[[/EN]] bu ndi enwero ife ha chere,afriswitch-igbo-000209-K6uLPexqTds_chunk_716720-721568_86--pstn-mulaw,K6uLPexqTds_chunk,natural-afriswitch,5
audio/robustness/afriswitch-igbo-000209-K6uLPexqTds_chunk_716720-721568_86--noise-10db.wav,7509b5b32b434eda7f931ba3b805a976cc7e09149f7eb1c38ac44cb26a5ad3e5,42.11000061035156,noise-10db,4.8480000495910645,Igbo-English,Soso ndi I ga afu na adi make this kind of rousy noise bu ndi enwero ife ha chere,[[EN]]Soso[[/EN]] ndi [[EN]]I[[/EN]] ga afu na adi [[EN]]make this kind of rousy noise[[/EN]] bu ndi enwero ife ha chere,afriswitch-igbo-000209-K6uLPexqTds_chunk_716720-721568_86--noise-10db,K6uLPexqTds_chunk,natural-afriswitch,5
audio/robustness/afriswitch-igbo-000209-K6uLPexqTds_chunk_716720-721568_86--packet-loss-3pct.wav,8556de3cda7d06fb80be2d468eecdcd3367001e389e0b6f71795502d3e1fda04,42.11000061035156,packet-loss-3pct,4.8480000495910645,Igbo-English,Soso ndi I ga afu na adi make this kind of rousy noise bu ndi enwero ife ha chere,[[EN]]Soso[[/EN]] ndi [[EN]]I[[/EN]] ga afu na adi [[EN]]make this kind of rousy noise[[/EN]] bu ndi enwero ife ha chere,afriswitch-igbo-000209-K6uLPexqTds_chunk_716720-721568_86--packet-loss-3pct,K6uLPexqTds_chunk,natural-afriswitch,5
audio/robustness/afriswitch-igbo-000218-OheRKSBwaaA_chunk_3931652-3944608_432--pstn-mulaw.wav,fdab40dc76f4c9a68e4e2ed71e501cff22a73bc62464c4a74412e4ffa9bc9967,21.6200008392334,pstn-mulaw,12.956000328063965,Igbo-English,"A na gbudi ye, a na eti di, ebu di igba na eti onu? ehh? ekwuru m ya ebe si lee baa, ife a wu how many hectare, thousand hectares of land, ka e we je ufodu","A na gbudi ye, a na eti di, ebu di igba na eti onu? ehh? ekwuru m ya ebe si lee baa, ife a [[EN]]wu how many hectare, thousand hectares of land,[[/EN]] ka e we je ufodu",afriswitch-igbo-000218-OheRKSBwaaA_chunk_3931652-3944608_432--pstn-mulaw,OheRKSBwaaA_chunk,natural-afriswitch,2
audio/robustness/afriswitch-igbo-000218-OheRKSBwaaA_chunk_3931652-3944608_432--noise-10db.wav,e471f8555376be9e9715b3716b93ee756d425eaa5886ce5b876b09610e4b9134,21.6200008392334,noise-10db,12.956000328063965,Igbo-English,"A na gbudi ye, a na eti di, ebu di igba na eti onu? ehh? ekwuru m ya ebe si lee baa, ife a wu how many hectare, thousand hectares of land, ka e we je ufodu","A na gbudi ye, a na eti di, ebu di igba na eti onu? ehh? ekwuru m ya ebe si lee baa, ife a [[EN]]wu how many hectare, thousand hectares of land,[[/EN]] ka e we je ufodu",afriswitch-igbo-000218-OheRKSBwaaA_chunk_3931652-3944608_432--noise-10db,OheRKSBwaaA_chunk,natural-afriswitch,2
audio/robustness/afriswitch-igbo-000218-OheRKSBwaaA_chunk_3931652-3944608_432--packet-loss-3pct.wav,9914a9dcaebe43a615dfb0c1b5518f42c056263ac23edd2c622c394f58fdbd81,21.6200008392334,packet-loss-3pct,12.956000328063965,Igbo-English,"A na gbudi ye, a na eti di, ebu di igba na eti onu? ehh? ekwuru m ya ebe si lee baa, ife a wu how many hectare, thousand hectares of land, ka e we je ufodu","A na gbudi ye, a na eti di, ebu di igba na eti onu? ehh? ekwuru m ya ebe si lee baa, ife a [[EN]]wu how many hectare, thousand hectares of land,[[/EN]] ka e we je ufodu",afriswitch-igbo-000218-OheRKSBwaaA_chunk_3931652-3944608_432--packet-loss-3pct,OheRKSBwaaA_chunk,natural-afriswitch,2
audio/robustness/afriswitch-igbo-000236-8eTjV4nVFOs_chunk_430592-441312_52--pstn-mulaw.wav,359418af865af7cf69f134100452130bab3dfe24c21a2398028ba9b989ac1da2,50.0,pstn-mulaw,10.720000267028809,Igbo-English,"i have never spoken about ka things si we ga afuma, soso ihe unu di after ya bu Ebuka siunu, Ebuka asiri unu, when his followers now responded...","[[EN]]i have never spoken about[[/EN]] ka [[EN]]things[[/EN]] si [[EN]]we[[/EN]] ga afuma, [[EN]]soso[[/EN]] ihe unu di [[EN]]after[[/EN]] ya bu Ebuka siunu, Ebuka asiri unu, [[EN]]when his followers now responded...[[/EN]]",afriswitch-igbo-000236-8eTjV4nVFOs_chunk_430592-441312_52--pstn-mulaw,8eTjV4nVFOs_chunk,natural-afriswitch,10
audio/robustness/afriswitch-igbo-000236-8eTjV4nVFOs_chunk_430592-441312_52--noise-10db.wav,40f8ff596ad571b9c3f6efca6dd6e3c39b863d1d31ab306b30125e1fa8851324,50.0,noise-10db,10.720000267028809,Igbo-English,"i have never spoken about ka things si we ga afuma, soso ihe unu di after ya bu Ebuka siunu, Ebuka asiri unu, when his followers now responded...","[[EN]]i have never spoken about[[/EN]] ka [[EN]]things[[/EN]] si [[EN]]we[[/EN]] ga afuma, [[EN]]soso[[/EN]] ihe unu di [[EN]]after[[/EN]] ya bu Ebuka siunu, Ebuka asiri unu, [[EN]]when his followers now responded...[[/EN]]",afriswitch-igbo-000236-8eTjV4nVFOs_chunk_430592-441312_52--noise-10db,8eTjV4nVFOs_chunk,natural-afriswitch,10
audio/robustness/afriswitch-igbo-000236-8eTjV4nVFOs_chunk_430592-441312_52--packet-loss-3pct.wav,bd2f6a81bd238bd388d440eea1ee4d73d73a14971206ecb055552b56b9a7be5c,50.0,packet-loss-3pct,10.720000267028809,Igbo-English,"i have never spoken about ka things si we ga afuma, soso ihe unu di after ya bu Ebuka siunu, Ebuka asiri unu, when his followers now responded...","[[EN]]i have never spoken about[[/EN]] ka [[EN]]things[[/EN]] si [[EN]]we[[/EN]] ga afuma, [[EN]]soso[[/EN]] ihe unu di [[EN]]after[[/EN]] ya bu Ebuka siunu, Ebuka asiri unu, [[EN]]when his followers now responded...[[/EN]]",afriswitch-igbo-000236-8eTjV4nVFOs_chunk_430592-441312_52--packet-loss-3pct,8eTjV4nVFOs_chunk,natural-afriswitch,10
audio/robustness/afriswitch-igbo-000247-rXOfcEFAD_w_chunk_1019904-1023632_121--pstn-mulaw.wav,a3af89b683dbd8917dd488bfb0821b5369b2d093abdfb8f05f38f38f37f5ffa4,25.0,pstn-mulaw,3.7279999256134033,Igbo-English,Look at njo joribe today only seven people,[[EN]]Look at[[/EN]] njo joribe [[EN]]today only seven people[[/EN]],afriswitch-igbo-000247-rXOfcEFAD_w_chunk_1019904-1023632_121--pstn-mulaw,rXOfcEFAD_w,natural-afriswitch,2
audio/robustness/afriswitch-igbo-000247-rXOfcEFAD_w_chunk_1019904-1023632_121--noise-10db.wav,a0a358a1599a840a486f47274565a015aa6550592cd8268fb40f3aedcb493953,25.0,noise-10db,3.7279999256134033,Igbo-English,Look at njo joribe today only seven people,[[EN]]Look at[[/EN]] njo joribe [[EN]]today only seven people[[/EN]],afriswitch-igbo-000247-rXOfcEFAD_w_chunk_1019904-1023632_121--noise-10db,rXOfcEFAD_w,natural-afriswitch,2
audio/robustness/afriswitch-igbo-000247-rXOfcEFAD_w_chunk_1019904-1023632_121--packet-loss-3pct.wav,5db4865461c236ea7b4b1d557d6d6002848084ba038b86c8abe288462bc34b95,25.0,packet-loss-3pct,3.7279999256134033,Igbo-English,Look at njo joribe today only seven people,[[EN]]Look at[[/EN]] njo joribe [[EN]]today only seven people[[/EN]],afriswitch-igbo-000247-rXOfcEFAD_w_chunk_1019904-1023632_121--packet-loss-3pct,rXOfcEFAD_w,natural-afriswitch,2
audio/robustness/afriswitch-igbo-000283-Ie9W0VvRBlU_chunk_445008-454928_46--pstn-mulaw.wav,1ee62b6133070bb743c0aa7dd5a457f9f3a02753f76de495d0479d6cfcb976db,46.880001068115234,pstn-mulaw,9.920000076293945,Igbo-English,"I am telling you about bea'nyi, I am telling you about bea'nyi. She because na oluru ife n'Aguta, does that mean n'anyinwa bu ndi Nnewi ya di akuru aka. Iwu onye Nnewi?","[[EN]]I am telling you about bea'nyi, I am telling you about bea'nyi. She because[[/EN]] na oluru ife n'Aguta, [[EN]]does that mean[[/EN]] n'anyinwa bu ndi Nnewi ya di akuru aka. Iwu onye Nnewi?",afriswitch-igbo-000283-Ie9W0VvRBlU_chunk_445008-454928_46--pstn-mulaw,Ie9W0VvRBlU_chunk,natural-afriswitch,3
audio/robustness/afriswitch-igbo-000283-Ie9W0VvRBlU_chunk_445008-454928_46--noise-10db.wav,9e373ab9522c0157f064e595979543528efe5771a904d2bf9c87c70a7be2694b,46.880001068115234,noise-10db,9.920000076293945,Igbo-English,"I am telling you about bea'nyi, I am telling you about bea'nyi. She because na oluru ife n'Aguta, does that mean n'anyinwa bu ndi Nnewi ya di akuru aka. Iwu onye Nnewi?","[[EN]]I am telling you about bea'nyi, I am telling you about bea'nyi. She because[[/EN]] na oluru ife n'Aguta, [[EN]]does that mean[[/EN]] n'anyinwa bu ndi Nnewi ya di akuru aka. Iwu onye Nnewi?",afriswitch-igbo-000283-Ie9W0VvRBlU_chunk_445008-454928_46--noise-10db,Ie9W0VvRBlU_chunk,natural-afriswitch,3
audio/robustness/afriswitch-igbo-000283-Ie9W0VvRBlU_chunk_445008-454928_46--packet-loss-3pct.wav,305fe674f83b7810aa2dfef9cbeb571efbec44bad073cd84f77076ba0eb45d7e,46.880001068115234,packet-loss-3pct,9.920000076293945,Igbo-English,"I am telling you about bea'nyi, I am telling you about bea'nyi. She because na oluru ife n'Aguta, does that mean n'anyinwa bu ndi Nnewi ya di akuru aka. Iwu onye Nnewi?","[[EN]]I am telling you about bea'nyi, I am telling you about bea'nyi. She because[[/EN]] na oluru ife n'Aguta, [[EN]]does that mean[[/EN]] n'anyinwa bu ndi Nnewi ya di akuru aka. Iwu onye Nnewi?",afriswitch-igbo-000283-Ie9W0VvRBlU_chunk_445008-454928_46--packet-loss-3pct,Ie9W0VvRBlU_chunk,natural-afriswitch,3
audio/robustness/afriswitch-igbo-000284--_drJGeGoLg_chunk_405252-415836_33--pstn-mulaw.wav,7442789819adfa0a4893a48b2845bf14dfa33971db395ffd975d1a9df7378577,33.33000183105469,pstn-mulaw,10.847999572753906,Igbo-English,"Atu bekee, atu bekee, chewing stick.","Atu bekee, atu bekee, [[EN]]chewing stick.[[/EN]]",afriswitch-igbo-000284--_drJGeGoLg_chunk_405252-415836_33--pstn-mulaw,_,natural-afriswitch,1
audio/robustness/afriswitch-igbo-000284--_drJGeGoLg_chunk_405252-415836_33--noise-10db.wav,0952c15e8ee4ec141212667e2d2f5c37d62f199fca5d996c8216349d33f2575b,33.33000183105469,noise-10db,10.847999572753906,Igbo-English,"Atu bekee, atu bekee, chewing stick.","Atu bekee, atu bekee, [[EN]]chewing stick.[[/EN]]",afriswitch-igbo-000284--_drJGeGoLg_chunk_405252-415836_33--noise-10db,_,natural-afriswitch,1
audio/robustness/afriswitch-igbo-000284--_drJGeGoLg_chunk_405252-415836_33--packet-loss-3pct.wav,b0b72247986e663e8a46f48e82f4df928bc9682ff19c46bc637c753b2e2ea7e2,33.33000183105469,packet-loss-3pct,10.847999572753906,Igbo-English,"Atu bekee, atu bekee, chewing stick.","Atu bekee, atu bekee, [[EN]]chewing stick.[[/EN]]",afriswitch-igbo-000284--_drJGeGoLg_chunk_405252-415836_33--packet-loss-3pct,_,natural-afriswitch,1
audio/robustness/afriswitch-igbo-000289-RMEU52LaM6s_chunk_460452-466608_46--pstn-mulaw.wav,1d3bd5f1820fbd136836246a327b8664de1afa3e34fa9ca4f87ab911270f6b96,33.33000183105469,pstn-mulaw,6.156000137329102,Igbo-English,"Responded to me. Hei chineke. Ofu si ehn mummy, na o maka","[[EN]]Responded to me.[[/EN]] Hei chineke. Ofu si ehn [[EN]]mummy,[[/EN]] na o maka",afriswitch-igbo-000289-RMEU52LaM6s_chunk_460452-466608_46--pstn-mulaw,RMEU52LaM6s_chunk,natural-afriswitch,3
audio/robustness/afriswitch-igbo-000289-RMEU52LaM6s_chunk_460452-466608_46--noise-10db.wav,bf1655b8c5c6f58cbd308e113b21573b6bebfb7ece1df960016ef92fa99805a1,33.33000183105469,noise-10db,6.156000137329102,Igbo-English,"Responded to me. Hei chineke. Ofu si ehn mummy, na o maka","[[EN]]Responded to me.[[/EN]] Hei chineke. Ofu si ehn [[EN]]mummy,[[/EN]] na o maka",afriswitch-igbo-000289-RMEU52LaM6s_chunk_460452-466608_46--noise-10db,RMEU52LaM6s_chunk,natural-afriswitch,3
audio/robustness/afriswitch-igbo-000289-RMEU52LaM6s_chunk_460452-466608_46--packet-loss-3pct.wav,d886533548fc535e7cb59b5ecdc3d78b9a00ef9c73b8141c5f27a0b8d7e99636,33.33000183105469,packet-loss-3pct,6.156000137329102,Igbo-English,"Responded to me. Hei chineke. Ofu si ehn mummy, na o maka","[[EN]]Responded to me.[[/EN]] Hei chineke. Ofu si ehn [[EN]]mummy,[[/EN]] na o maka",afriswitch-igbo-000289-RMEU52LaM6s_chunk_460452-466608_46--packet-loss-3pct,RMEU52LaM6s_chunk,natural-afriswitch,3
audio/robustness/afriswitch-igbo-000293-MXXlxkuCRjM_chunk_313776-316528_34--pstn-mulaw.wav,613785eae94e60a0f2591ead3c82b82075a3ca89dba965f756fac0b350f7d8b1,42.86000061035156,pstn-mulaw,2.752000093460083,Igbo-English,"Eji tesla welcome m, brand new tesla","Eji tesla [[EN]]welcome m, brand new[[/EN]] tesla",afriswitch-igbo-000293-MXXlxkuCRjM_chunk_313776-316528_34--pstn-mulaw,MXXlxkuCRjM_chunk,natural-afriswitch,2
audio/robustness/afriswitch-igbo-000293-MXXlxkuCRjM_chunk_313776-316528_34--noise-10db.wav,ba54d5516441dfb7c7fb9f492e1878f0e15c2a56e27d716e126d571534d13750,42.86000061035156,noise-10db,2.752000093460083,Igbo-English,"Eji tesla welcome m, brand new tesla","Eji tesla [[EN]]welcome m, brand new[[/EN]] tesla",afriswitch-igbo-000293-MXXlxkuCRjM_chunk_313776-316528_34--noise-10db,MXXlxkuCRjM_chunk,natural-afriswitch,2
audio/robustness/afriswitch-igbo-000293-MXXlxkuCRjM_chunk_313776-316528_34--packet-loss-3pct.wav,2c44f875324937329283c820cf1a46df33e710fc04a197173987afed03efb105,42.86000061035156,packet-loss-3pct,2.752000093460083,Igbo-English,"Eji tesla welcome m, brand new tesla","Eji tesla [[EN]]welcome m, brand new[[/EN]] tesla",afriswitch-igbo-000293-MXXlxkuCRjM_chunk_313776-316528_34--packet-loss-3pct,MXXlxkuCRjM_chunk,natural-afriswitch,2
audio/robustness/afriswitch-igbo-000304-PrqAqZJeL70_chunk_2795936-2812528_305--pstn-mulaw.wav,e69ed0e01704c34ca43c69e3e5b693b974c0bdd8d8cadf7d0ef2f15a5c38f9a6,40.0,pstn-mulaw,16.591999053955078,Igbo-English,"Nke ndi okenye na-ekwu na okuko isi n'odu ya na-ere oku chere, na ha na-asuputa mmanu. Okay. So let me read this slowly so I can understand what it means. Obughi nke ndi okenye na-ekwu","Nke ndi okenye na-ekwu na okuko isi n'odu ya na-ere oku chere, na ha na-asuputa mmanu. [[EN]]Okay. So let me read this slowly so I can understand what it means.[[/EN]] Obughi nke ndi okenye na-ekwu",afriswitch-igbo-000304-PrqAqZJeL70_chunk_2795936-2812528_305--pstn-mulaw,PrqAqZJeL70_chunk,natural-afriswitch,2
audio/robustness/afriswitch-igbo-000304-PrqAqZJeL70_chunk_2795936-2812528_305--noise-10db.wav,66bbea07dcf46347bcf5ed422697f5c0a33b4b483e7264f3c2a4433d9d6cdb90,40.0,noise-10db,16.591999053955078,Igbo-English,"Nke ndi okenye na-ekwu na okuko isi n'odu ya na-ere oku chere, na ha na-asuputa mmanu. Okay. So let me read this slowly so I can understand what it means. Obughi nke ndi okenye na-ekwu","Nke ndi okenye na-ekwu na okuko isi n'odu ya na-ere oku chere, na ha na-asuputa mmanu. [[EN]]Okay. So let me read this slowly so I can understand what it means.[[/EN]] Obughi nke ndi okenye na-ekwu",afriswitch-igbo-000304-PrqAqZJeL70_chunk_2795936-2812528_305--noise-10db,PrqAqZJeL70_chunk,natural-afriswitch,2
audio/robustness/afriswitch-igbo-000304-PrqAqZJeL70_chunk_2795936-2812528_305--packet-loss-3pct.wav,235e43fd998f4ab9ba5150c7e55146bc1de1eb003231c00b958b9c26a9f88247,40.0,packet-loss-3pct,16.591999053955078,Igbo-English,"Nke ndi okenye na-ekwu na okuko isi n'odu ya na-ere oku chere, na ha na-asuputa mmanu. Okay. So let me read this slowly so I can understand what it means. Obughi nke ndi okenye na-ekwu","Nke ndi okenye na-ekwu na okuko isi n'odu ya na-ere oku chere, na ha na-asuputa mmanu. [[EN]]Okay. So let me read this slowly so I can understand what it means.[[/EN]] Obughi nke ndi okenye na-ekwu",afriswitch-igbo-000304-PrqAqZJeL70_chunk_2795936-2812528_305--packet-loss-3pct,PrqAqZJeL70_chunk,natural-afriswitch,2
audio/robustness/afriswitch-igbo-000311-P-LVtnjfoYI_chunk_3108708-3113852_310--pstn-mulaw.wav,bbb7603891ef81a7c3137bcab4f0786821e08072db9d51eda023053ef7a87793,16.670000076293945,pstn-mulaw,5.144000053405762,Igbo-English,enwega problem generally network na Chicago. I don't know what's going on,enwega [[EN]]problem generally network[[/EN]] na [[EN]]Chicago. I don't know what's going on[[/EN]],afriswitch-igbo-000311-P-LVtnjfoYI_chunk_3108708-3113852_310--pstn-mulaw,P_LVtnjfoYI,natural-afriswitch,3
audio/robustness/afriswitch-igbo-000311-P-LVtnjfoYI_chunk_3108708-3113852_310--noise-10db.wav,1823035c030e444857995195225bb85c1841b18e9f60ffe40a10880c4bf2404e,16.670000076293945,noise-10db,5.144000053405762,Igbo-English,enwega problem generally network na Chicago. I don't know what's going on,enwega [[EN]]problem generally network[[/EN]] na [[EN]]Chicago. I don't know what's going on[[/EN]],afriswitch-igbo-000311-P-LVtnjfoYI_chunk_3108708-3113852_310--noise-10db,P_LVtnjfoYI,natural-afriswitch,3
audio/robustness/afriswitch-igbo-000311-P-LVtnjfoYI_chunk_3108708-3113852_310--packet-loss-3pct.wav,18147d95c9621e1fc9c1a73454e031a6325987d165eb3fdc0a5da0ef382af365,16.670000076293945,packet-loss-3pct,5.144000053405762,Igbo-English,enwega problem generally network na Chicago. I don't know what's going on,enwega [[EN]]problem generally network[[/EN]] na [[EN]]Chicago. I don't know what's going on[[/EN]],afriswitch-igbo-000311-P-LVtnjfoYI_chunk_3108708-3113852_310--packet-loss-3pct,P_LVtnjfoYI,natural-afriswitch,3
audio/robustness/afriswitch-igbo-000318-5kUxvR9Qd7E_chunk_932676-936256_101--pstn-mulaw.wav,d02f4fc90d7a980ffac11103c0abecd1c6314867978c5241ff7294bac52ca818,33.33000183105469,pstn-mulaw,3.5799999237060547,Igbo-English,"(In music background) Njọ aka, remember","[[EN]](In music background)[[/EN]] Njọ aka, [[EN]]remember[[/EN]]",afriswitch-igbo-000318-5kUxvR9Qd7E_chunk_932676-936256_101--pstn-mulaw,5kUxvR9Qd7E_chunk,natural-afriswitch,2
audio/robustness/afriswitch-igbo-000318-5kUxvR9Qd7E_chunk_932676-936256_101--noise-10db.wav,d11503cffa26e95546fa3ebab0b96b48365a9a289861adff7ba0473cd3a001dc,33.33000183105469,noise-10db,3.5799999237060547,Igbo-English,"(In music background) Njọ aka, remember","[[EN]](In music background)[[/EN]] Njọ aka, [[EN]]remember[[/EN]]",afriswitch-igbo-000318-5kUxvR9Qd7E_chunk_932676-936256_101--noise-10db,5kUxvR9Qd7E_chunk,natural-afriswitch,2
audio/robustness/afriswitch-igbo-000318-5kUxvR9Qd7E_chunk_932676-936256_101--packet-loss-3pct.wav,1b20e4f35e1e702e303873283124239d4e2eeeac6bad40a58bc74c2da64a204c,33.33000183105469,packet-loss-3pct,3.5799999237060547,Igbo-English,"(In music background) Njọ aka, remember","[[EN]](In music background)[[/EN]] Njọ aka, [[EN]]remember[[/EN]]",afriswitch-igbo-000318-5kUxvR9Qd7E_chunk_932676-936256_101--packet-loss-3pct,5kUxvR9Qd7E_chunk,natural-afriswitch,2
audio/robustness/afriswitch-igbo-000333-FuCOVLjoOdU_chunk_262404-269852_34--pstn-mulaw.wav,33ec3ca275d4404cee0507711acbee1aa3b4a319771d1c214af768aff7b842ee,31.25,pstn-mulaw,8.015999794006348,Igbo-English,debanye aha n'ụlọ akwụkwọ suba asụsụ gi initiative online Igbo school taa maka mmụta asụsụ Igbo,debanye aha n'ụlọ akwụkwọ suba asụsụ gi [[EN]]initiative online Igbo school[[/EN]] taa maka mmụta asụsụ [[EN]]Igbo[[/EN]],afriswitch-igbo-000333-FuCOVLjoOdU_chunk_262404-269852_34--pstn-mulaw,FuCOVLjoOdU_chunk,natural-afriswitch,3
audio/robustness/afriswitch-igbo-000333-FuCOVLjoOdU_chunk_262404-269852_34--noise-10db.wav,d54b33a8b20be7fc1819f11a1add981183bb743b36bdef9ff1763bf1234ce891,31.25,noise-10db,8.015999794006348,Igbo-English,debanye aha n'ụlọ akwụkwọ suba asụsụ gi initiative online Igbo school taa maka mmụta asụsụ Igbo,debanye aha n'ụlọ akwụkwọ suba asụsụ gi [[EN]]initiative online Igbo school[[/EN]] taa maka mmụta asụsụ [[EN]]Igbo[[/EN]],afriswitch-igbo-000333-FuCOVLjoOdU_chunk_262404-269852_34--noise-10db,FuCOVLjoOdU_chunk,natural-afriswitch,3
audio/robustness/afriswitch-igbo-000333-FuCOVLjoOdU_chunk_262404-269852_34--packet-loss-3pct.wav,49a41a6edabb6065339de59af2e95d96e49f670a375ee0e0be77d42812ffd5b1,31.25,packet-loss-3pct,8.015999794006348,Igbo-English,debanye aha n'ụlọ akwụkwọ suba asụsụ gi initiative online Igbo school taa maka mmụta asụsụ Igbo,debanye aha n'ụlọ akwụkwọ suba asụsụ gi [[EN]]initiative online Igbo school[[/EN]] taa maka mmụta asụsụ [[EN]]Igbo[[/EN]],afriswitch-igbo-000333-FuCOVLjoOdU_chunk_262404-269852_34--packet-loss-3pct,FuCOVLjoOdU_chunk,natural-afriswitch,3
audio/robustness/afriswitch-igbo-000334-V8C5JCkdNuw_chunk_182384-190608_21--pstn-mulaw.wav,9880e674fea794264353270bdcc182533cf0b4ee563eb24b4d7bbc438213e872,14.289999961853027,pstn-mulaw,8.223999977111816,Igbo-English,"nwaanyi muo nwa, nne ya abia omugo mana abia na okwu bekee english language","nwaanyi muo nwa, nne ya abia omugo mana abia na okwu bekee [[EN]]english language[[/EN]]",afriswitch-igbo-000334-V8C5JCkdNuw_chunk_182384-190608_21--pstn-mulaw,V8C5JCkdNuw_chunk,natural-afriswitch,1
audio/robustness/afriswitch-igbo-000334-V8C5JCkdNuw_chunk_182384-190608_21--noise-10db.wav,d14d400f65ce8fa617726fad356a3ab11059350232ca55e3689a01fec3ac0337,14.289999961853027,noise-10db,8.223999977111816,Igbo-English,"nwaanyi muo nwa, nne ya abia omugo mana abia na okwu bekee english language","nwaanyi muo nwa, nne ya abia omugo mana abia na okwu bekee [[EN]]english language[[/EN]]",afriswitch-igbo-000334-V8C5JCkdNuw_chunk_182384-190608_21--noise-10db,V8C5JCkdNuw_chunk,natural-afriswitch,1
audio/robustness/afriswitch-igbo-000334-V8C5JCkdNuw_chunk_182384-190608_21--packet-loss-3pct.wav,3dba6ff39cde0b3b3093306567081c35f633639e4ac7c72533ec52857daf1973,14.289999961853027,packet-loss-3pct,8.223999977111816,Igbo-English,"nwaanyi muo nwa, nne ya abia omugo mana abia na okwu bekee english language","nwaanyi muo nwa, nne ya abia omugo mana abia na okwu bekee [[EN]]english language[[/EN]]",afriswitch-igbo-000334-V8C5JCkdNuw_chunk_182384-190608_21--packet-loss-3pct,V8C5JCkdNuw_chunk,natural-afriswitch,1
audio/robustness/afriswitch-igbo-000357-x-PZ2dOo0mI_chunk_520656-533536_62--pstn-mulaw.wav,0017207f83d47ce50edff43b0a36ffd0582f1affd126fdce246c9543da5ed085,33.33000183105469,pstn-mulaw,12.880000114440918,Igbo-English,Ha share ha share nye nke doctor ozuamaka Kwasi ọbara nke ya bụrụ ibu nke chinadu bukwara ibu ka anyi hugodi the percentage nwelite ya elu ka anyi fu ya share ndị mmadụ,[[EN]]Ha share ha share[[/EN]] nye nke [[EN]]doctor[[/EN]] ozuamaka Kwasi ọbara nke ya bụrụ ibu nke chinadu bukwara ibu ka anyi hugodi [[EN]]the percentage nwelite[[/EN]] ya elu ka anyi fu [[EN]]ya share ndị[[/EN]] mmadụ,afriswitch-igbo-000357-x-PZ2dOo0mI_chunk_520656-533536_62--pstn-mulaw,x_PZ2dOo0mI,natural-afriswitch,7
audio/robustness/afriswitch-igbo-000357-x-PZ2dOo0mI_chunk_520656-533536_62--noise-10db.wav,7b8d6149b3ee60c67ec95307c010af655056b0011f5c8dfa8af54635a0f05667,33.33000183105469,noise-10db,12.880000114440918,Igbo-English,Ha share ha share nye nke doctor ozuamaka Kwasi ọbara nke ya bụrụ ibu nke chinadu bukwara ibu ka anyi hugodi the percentage nwelite ya elu ka anyi fu ya share ndị mmadụ,[[EN]]Ha share ha share[[/EN]] nye nke [[EN]]doctor[[/EN]] ozuamaka Kwasi ọbara nke ya bụrụ ibu nke chinadu bukwara ibu ka anyi hugodi [[EN]]the percentage nwelite[[/EN]] ya elu ka anyi fu [[EN]]ya share ndị[[/EN]] mmadụ,afriswitch-igbo-000357-x-PZ2dOo0mI_chunk_520656-533536_62--noise-10db,x_PZ2dOo0mI,natural-afriswitch,7
audio/robustness/afriswitch-igbo-000357-x-PZ2dOo0mI_chunk_520656-533536_62--packet-loss-3pct.wav,7f968ad106b7f57cd609de8a80600d79efb3bf3e443648d903cdadc8e34c4072,33.33000183105469,packet-loss-3pct,12.880000114440918,Igbo-English,Ha share ha share nye nke doctor ozuamaka Kwasi ọbara nke ya bụrụ ibu nke chinadu bukwara ibu ka anyi hugodi the percentage nwelite ya elu ka anyi fu ya share ndị mmadụ,[[EN]]Ha share ha share[[/EN]] nye nke [[EN]]doctor[[/EN]] ozuamaka Kwasi ọbara nke ya bụrụ ibu nke chinadu bukwara ibu ka anyi hugodi [[EN]]the percentage nwelite[[/EN]] ya elu ka anyi fu [[EN]]ya share ndị[[/EN]] mmadụ,afriswitch-igbo-000357-x-PZ2dOo0mI_chunk_520656-533536_62--packet-loss-3pct,x_PZ2dOo0mI,natural-afriswitch,7
audio/robustness/afriswitch-igbo-000368-LoLPh-PVyyc_chunk_1752900-1762640_190--pstn-mulaw.wav,7655b892d6a75d411553a8448e654d170693a88ddd7ade98e5a1ee734b74e199,33.33000183105469,pstn-mulaw,9.739999771118164,Igbo-English,"Hello mister pig,maazi ezi ndeewo,maazi ezi","[[EN]]Hello mister[[/EN]] pig,maazi ezi ndeewo,maazi ezi",afriswitch-igbo-000368-LoLPh-PVyyc_chunk_1752900-1762640_190--pstn-mulaw,LoLPh_PVyyc,natural-afriswitch,1
audio/robustness/afriswitch-igbo-000368-LoLPh-PVyyc_chunk_1752900-1762640_190--noise-10db.wav,914f518496d453c14fc8c7cb274a00df81edc8af229f76f57d1ea66aa3422a20,33.33000183105469,noise-10db,9.739999771118164,Igbo-English,"Hello mister pig,maazi ezi ndeewo,maazi ezi","[[EN]]Hello mister[[/EN]] pig,maazi ezi ndeewo,maazi ezi",afriswitch-igbo-000368-LoLPh-PVyyc_chunk_1752900-1762640_190--noise-10db,LoLPh_PVyyc,natural-afriswitch,1
audio/robustness/afriswitch-igbo-000368-LoLPh-PVyyc_chunk_1752900-1762640_190--packet-loss-3pct.wav,c55870f0eeda94c3d8d2ff0fc2ac231c30be049c45a36680e639d65b7f689418,33.33000183105469,packet-loss-3pct,9.739999771118164,Igbo-English,"Hello mister pig,maazi ezi ndeewo,maazi ezi","[[EN]]Hello mister[[/EN]] pig,maazi ezi ndeewo,maazi ezi",afriswitch-igbo-000368-LoLPh-PVyyc_chunk_1752900-1762640_190--packet-loss-3pct,LoLPh_PVyyc,natural-afriswitch,1
audio/robustness/afriswitch-igbo-000381-DNbXW-gnneQ_chunk_406240-419644_46--pstn-mulaw.wav,657dd8d3df0b5f4650e5d9fc957964ef24fe7f5b0043d126746f962ceaee0ae4,48.939998626708984,pstn-mulaw,14.276000022888184,Igbo-English,"O buru mua choro ikwu that kind of thing, if I decide to, like enwere mgbe m na ekwu, m na eme video si na, if I decided to fight, inusa ndi father ogu n'ihe ha na eme na socal media, I will team up with Mathais","O buru mua choro ikwu [[EN]]that kind of thing, if I decide to, like enwere[[/EN]] mgbe m na ekwu, m na eme [[EN]]video[[/EN]] si na, [[EN]]if I decided to fight,[[/EN]] inusa ndi [[EN]]father[[/EN]] ogu n'ihe ha na eme na [[EN]]socal media, I will team up with[[/EN]] Mathais",afriswitch-igbo-000381-DNbXW-gnneQ_chunk_406240-419644_46--pstn-mulaw,DNbXW_gnneQ,natural-afriswitch,10
audio/robustness/afriswitch-igbo-000381-DNbXW-gnneQ_chunk_406240-419644_46--noise-10db.wav,ff68357f64a58bbf005d0ab668fa48c7ef2250a7608cb8194509fb32e15a7d85,48.939998626708984,noise-10db,14.276000022888184,Igbo-English,"O buru mua choro ikwu that kind of thing, if I decide to, like enwere mgbe m na ekwu, m na eme video si na, if I decided to fight, inusa ndi father ogu n'ihe ha na eme na socal media, I will team up with Mathais","O buru mua choro ikwu [[EN]]that kind of thing, if I decide to, like enwere[[/EN]] mgbe m na ekwu, m na eme [[EN]]video[[/EN]] si na, [[EN]]if I decided to fight,[[/EN]] inusa ndi [[EN]]father[[/EN]] ogu n'ihe ha na eme na [[EN]]socal media, I will team up with[[/EN]] Mathais",afriswitch-igbo-000381-DNbXW-gnneQ_chunk_406240-419644_46--noise-10db,DNbXW_gnneQ,natural-afriswitch,10
audio/robustness/afriswitch-igbo-000381-DNbXW-gnneQ_chunk_406240-419644_46--packet-loss-3pct.wav,bc322bb7c7eb49de9a1aeb64f25a3e84fa7bb3889d6a352f6b9378f942070079,48.939998626708984,packet-loss-3pct,14.276000022888184,Igbo-English,"O buru mua choro ikwu that kind of thing, if I decide to, like enwere mgbe m na ekwu, m na eme video si na, if I decided to fight, inusa ndi father ogu n'ihe ha na eme na socal media, I will team up with Mathais","O buru mua choro ikwu [[EN]]that kind of thing, if I decide to, like enwere[[/EN]] mgbe m na ekwu, m na eme [[EN]]video[[/EN]] si na, [[EN]]if I decided to fight,[[/EN]] inusa ndi [[EN]]father[[/EN]] ogu n'ihe ha na eme na [[EN]]socal media, I will team up with[[/EN]] Mathais",afriswitch-igbo-000381-DNbXW-gnneQ_chunk_406240-419644_46--packet-loss-3pct,DNbXW_gnneQ,natural-afriswitch,10
audio/robustness/afriswitch-igbo-000384-C83wKOwbQlE_chunk_510608-520176_58--pstn-mulaw.wav,453453d1b70993a40911b513bddd338373bf70ccb1fb2b95ee943bbb9b4b2625,16.670000076293945,pstn-mulaw,9.567999839782715,Igbo-English,"Ka anyi tulee ya. Inwere ike dee nke gi ma gbakwunye m na ya na Instagram, were akara ederede Instagram m nke bu slybeauty","Ka anyi tulee ya. [[EN]]Inwere[[/EN]] ike dee nke gi ma gbakwunye m na ya na [[EN]]Instagram,[[/EN]] were akara ederede [[EN]]Instagram[[/EN]] m nke bu [[EN]]slybeauty[[/EN]]",afriswitch-igbo-000384-C83wKOwbQlE_chunk_510608-520176_58--pstn-mulaw,C83wKOwbQlE_chunk,natural-afriswitch,7
audio/robustness/afriswitch-igbo-000384-C83wKOwbQlE_chunk_510608-520176_58--noise-10db.wav,a3ead2ddb466072c19547e9bc8655ea633b15b7188ecd7a084639467c3fcb8ea,16.670000076293945,noise-10db,9.567999839782715,Igbo-English,"Ka anyi tulee ya. Inwere ike dee nke gi ma gbakwunye m na ya na Instagram, were akara ederede Instagram m nke bu slybeauty","Ka anyi tulee ya. [[EN]]Inwere[[/EN]] ike dee nke gi ma gbakwunye m na ya na [[EN]]Instagram,[[/EN]] were akara ederede [[EN]]Instagram[[/EN]] m nke bu [[EN]]slybeauty[[/EN]]",afriswitch-igbo-000384-C83wKOwbQlE_chunk_510608-520176_58--noise-10db,C83wKOwbQlE_chunk,natural-afriswitch,7
audio/robustness/afriswitch-igbo-000384-C83wKOwbQlE_chunk_510608-520176_58--packet-loss-3pct.wav,d1d2e74c886d702e2f79b2849c59378439b28da18957eaa4c06216780a22d377,16.670000076293945,packet-loss-3pct,9.567999839782715,Igbo-English,"Ka anyi tulee ya. Inwere ike dee nke gi ma gbakwunye m na ya na Instagram, were akara ederede Instagram m nke bu slybeauty","Ka anyi tulee ya. [[EN]]Inwere[[/EN]] ike dee nke gi ma gbakwunye m na ya na [[EN]]Instagram,[[/EN]] were akara ederede [[EN]]Instagram[[/EN]] m nke bu [[EN]]slybeauty[[/EN]]",afriswitch-igbo-000384-C83wKOwbQlE_chunk_510608-520176_58--packet-loss-3pct,C83wKOwbQlE_chunk,natural-afriswitch,7
audio/robustness/afriswitch-igbo-000385-V8C5JCkdNuw_chunk_387088-393936_46--pstn-mulaw.wav,f7c81a147d3f2c71ec1b81abe9c1cb7cd58cbc749550b0683434856bb62a8364,21.43000030517578,pstn-mulaw,6.8480000495910645,Igbo-English,Chukwu gozie gi. Chetakwa na anyi no na Fesbuk suba asusu gi initiative sag 2,Chukwu gozie gi. Chetakwa na anyi [[EN]]no[[/EN]] na [[EN]]Fesbuk[[/EN]] suba asusu gi [[EN]]initiative[[/EN]] sag 2,afriswitch-igbo-000385-V8C5JCkdNuw_chunk_387088-393936_46--pstn-mulaw,V8C5JCkdNuw_chunk,natural-afriswitch,6
audio/robustness/afriswitch-igbo-000385-V8C5JCkdNuw_chunk_387088-393936_46--noise-10db.wav,c770e0d9d5e1d3bb9c974a63ec2d4747212e33694c6db9aa084176128ebec314,21.43000030517578,noise-10db,6.8480000495910645,Igbo-English,Chukwu gozie gi. Chetakwa na anyi no na Fesbuk suba asusu gi initiative sag 2,Chukwu gozie gi. Chetakwa na anyi [[EN]]no[[/EN]] na [[EN]]Fesbuk[[/EN]] suba asusu gi [[EN]]initiative[[/EN]] sag 2,afriswitch-igbo-000385-V8C5JCkdNuw_chunk_387088-393936_46--noise-10db,V8C5JCkdNuw_chunk,natural-afriswitch,6
audio/robustness/afriswitch-igbo-000385-V8C5JCkdNuw_chunk_387088-393936_46--packet-loss-3pct.wav,1f05a65159f28a47301cdadcf0752bd9dbd24d25088072acb89ccf8e40f113f3,21.43000030517578,packet-loss-3pct,6.8480000495910645,Igbo-English,Chukwu gozie gi. Chetakwa na anyi no na Fesbuk suba asusu gi initiative sag 2,Chukwu gozie gi. Chetakwa na anyi [[EN]]no[[/EN]] na [[EN]]Fesbuk[[/EN]] suba asusu gi [[EN]]initiative[[/EN]] sag 2,afriswitch-igbo-000385-V8C5JCkdNuw_chunk_387088-393936_46--packet-loss-3pct,V8C5JCkdNuw_chunk,natural-afriswitch,6
audio/robustness/afriswitch-igbo-000392-yAvGtVL_y0w_chunk_121888-135088_15--pstn-mulaw.wav,9d60896c9b565b806e36d65487ef7cfc58be01c595a062e55ad7c55985c46d0c,7.690000057220459,pstn-mulaw,13.199999809265137,Igbo-English,"maka na egwu mkpokiti abughi egwu achuta ba naka agba suba asusu gi ozi a si n'aka ndi suba asusu gi initiative,otu na-akwalite asusu n'omenala Igbo","maka na egwu mkpokiti abughi egwu achuta ba naka agba suba asusu gi ozi a si n'aka ndi suba asusu gi initiative,otu [[EN]]na-akwalite[[/EN]] asusu n'omenala [[EN]]Igbo[[/EN]]",afriswitch-igbo-000392-yAvGtVL_y0w_chunk_121888-135088_15--pstn-mulaw,yAvGtVL_y0w,natural-afriswitch,3
audio/robustness/afriswitch-igbo-000392-yAvGtVL_y0w_chunk_121888-135088_15--noise-10db.wav,10e51e2136d4be2dc678e3cd954261176bb5cc3a3a64566a01a049e17fba6cca,7.690000057220459,noise-10db,13.199999809265137,Igbo-English,"maka na egwu mkpokiti abughi egwu achuta ba naka agba suba asusu gi ozi a si n'aka ndi suba asusu gi initiative,otu na-akwalite asusu n'omenala Igbo","maka na egwu mkpokiti abughi egwu achuta ba naka agba suba asusu gi ozi a si n'aka ndi suba asusu gi initiative,otu [[EN]]na-akwalite[[/EN]] asusu n'omenala [[EN]]Igbo[[/EN]]",afriswitch-igbo-000392-yAvGtVL_y0w_chunk_121888-135088_15--noise-10db,yAvGtVL_y0w,natural-afriswitch,3
audio/robustness/afriswitch-igbo-000392-yAvGtVL_y0w_chunk_121888-135088_15--packet-loss-3pct.wav,bf4b39aebb57985acc7b0c75a138f50426c9615700f9e1bd79731671907c7ce7,7.690000057220459,packet-loss-3pct,13.199999809265137,Igbo-English,"maka na egwu mkpokiti abughi egwu achuta ba naka agba suba asusu gi ozi a si n'aka ndi suba asusu gi initiative,otu na-akwalite asusu n'omenala Igbo","maka na egwu mkpokiti abughi egwu achuta ba naka agba suba asusu gi ozi a si n'aka ndi suba asusu gi initiative,otu [[EN]]na-akwalite[[/EN]] asusu n'omenala [[EN]]Igbo[[/EN]]",afriswitch-igbo-000392-yAvGtVL_y0w_chunk_121888-135088_15--packet-loss-3pct,yAvGtVL_y0w,natural-afriswitch,3
audio/robustness/afriswitch-igbo-000427--_drJGeGoLg_chunk_24256-31708_4--pstn-mulaw.wav,0543bef6104a057049f4494048dfd1dfe3f45b2bfb9c9057747f0a9bbaa3a724,44.439998626708984,pstn-mulaw,8.003999710083008,Igbo-English,"Once, odi mma Ka anyi bido. Okay let's start","[[EN]]Once, odi[[/EN]] mma Ka anyi bido. [[EN]]Okay let's start[[/EN]]",afriswitch-igbo-000427--_drJGeGoLg_chunk_24256-31708_4--pstn-mulaw,_,natural-afriswitch,2
audio/robustness/afriswitch-igbo-000427--_drJGeGoLg_chunk_24256-31708_4--noise-10db.wav,d311fc6f0bac6a38716656768c5bbfa6cc0c5fc64a2802b4e013306c12d4ef10,44.439998626708984,noise-10db,8.003999710083008,Igbo-English,"Once, odi mma Ka anyi bido. Okay let's start","[[EN]]Once, odi[[/EN]] mma Ka anyi bido. [[EN]]Okay let's start[[/EN]]",afriswitch-igbo-000427--_drJGeGoLg_chunk_24256-31708_4--noise-10db,_,natural-afriswitch,2
audio/robustness/afriswitch-igbo-000427--_drJGeGoLg_chunk_24256-31708_4--packet-loss-3pct.wav,8c972fba20afd9c1056340571381310f635d1217af4c94c37a4362d2b2142624,44.439998626708984,packet-loss-3pct,8.003999710083008,Igbo-English,"Once, odi mma Ka anyi bido. Okay let's start","[[EN]]Once, odi[[/EN]] mma Ka anyi bido. [[EN]]Okay let's start[[/EN]]",afriswitch-igbo-000427--_drJGeGoLg_chunk_24256-31708_4--packet-loss-3pct,_,natural-afriswitch,2
audio/robustness/afriswitch-igbo-000444-ZXeJYCBOx-s_chunk_738896-748000_88--pstn-mulaw.wav,4b8d210e0e95f45848f93dcd45a3417a2078f496ce88a5a1e2624ed2b9985162,15.380000114440918,pstn-mulaw,9.104000091552734,Igbo-English,"or must. O buru na odiro na akaraaka gi, o buru na odiro na calling gi maobukwara na akporo gi oku chacha. Because ihe mmere mmadu","[[EN]]or must.[[/EN]] O buru na odiro na akaraaka gi, o buru na odiro na [[EN]]calling[[/EN]] gi maobukwara na akporo gi oku chacha. [[EN]]Because[[/EN]] ihe mmere mmadu",afriswitch-igbo-000444-ZXeJYCBOx-s_chunk_738896-748000_88--pstn-mulaw,ZXeJYCBOx_s,natural-afriswitch,5
audio/robustness/afriswitch-igbo-000444-ZXeJYCBOx-s_chunk_738896-748000_88--noise-10db.wav,d78189370a02d6f060d5be6c671a9ea6978db0a00edfeaa0807e47eca8de44ea,15.380000114440918,noise-10db,9.104000091552734,Igbo-English,"or must. O buru na odiro na akaraaka gi, o buru na odiro na calling gi maobukwara na akporo gi oku chacha. Because ihe mmere mmadu","[[EN]]or must.[[/EN]] O buru na odiro na akaraaka gi, o buru na odiro na [[EN]]calling[[/EN]] gi maobukwara na akporo gi oku chacha. [[EN]]Because[[/EN]] ihe mmere mmadu",afriswitch-igbo-000444-ZXeJYCBOx-s_chunk_738896-748000_88--noise-10db,ZXeJYCBOx_s,natural-afriswitch,5
audio/robustness/afriswitch-igbo-000444-ZXeJYCBOx-s_chunk_738896-748000_88--packet-loss-3pct.wav,fa5351e05a347728dd81de3bf6f158047d0737a75da69ee6f9039dcf3c79c392,15.380000114440918,packet-loss-3pct,9.104000091552734,Igbo-English,"or must. O buru na odiro na akaraaka gi, o buru na odiro na calling gi maobukwara na akporo gi oku chacha. Because ihe mmere mmadu","[[EN]]or must.[[/EN]] O buru na odiro na akaraaka gi, o buru na odiro na [[EN]]calling[[/EN]] gi maobukwara na akporo gi oku chacha. [[EN]]Because[[/EN]] ihe mmere mmadu",afriswitch-igbo-000444-ZXeJYCBOx-s_chunk_738896-748000_88--packet-loss-3pct,ZXeJYCBOx_s,natural-afriswitch,5
audio/robustness/afriswitch-igbo-000485-TGM0sB7iWrc_chunk_2294704-2302640_119--pstn-mulaw.wav,e44fe63fe110f6551626402647a2b458f68e12940d15e013af1d60d4d5b147cf,44.439998626708984,pstn-mulaw,7.935999870300293,Igbo-English,"Binye bes na ihe, has it happened before, yes","Binye bes na ihe, [[EN]]has it happened before, yes[[/EN]]",afriswitch-igbo-000485-TGM0sB7iWrc_chunk_2294704-2302640_119--pstn-mulaw,TGM0sB7iWrc_chunk,natural-afriswitch,1
audio/robustness/afriswitch-igbo-000485-TGM0sB7iWrc_chunk_2294704-2302640_119--noise-10db.wav,53de2d2c577b81f2322e353253266f929919cba9ec12649a0ccb330d00f1761b,44.439998626708984,noise-10db,7.935999870300293,Igbo-English,"Binye bes na ihe, has it happened before, yes","Binye bes na ihe, [[EN]]has it happened before, yes[[/EN]]",afriswitch-igbo-000485-TGM0sB7iWrc_chunk_2294704-2302640_119--noise-10db,TGM0sB7iWrc_chunk,natural-afriswitch,1
audio/robustness/afriswitch-igbo-000485-TGM0sB7iWrc_chunk_2294704-2302640_119--packet-loss-3pct.wav,f1f1096aaa112bc8544419c7323031d30fa467d0aae4b9e34d8283bef2b5ab3b,44.439998626708984,packet-loss-3pct,7.935999870300293,Igbo-English,"Binye bes na ihe, has it happened before, yes","Binye bes na ihe, [[EN]]has it happened before, yes[[/EN]]",afriswitch-igbo-000485-TGM0sB7iWrc_chunk_2294704-2302640_119--packet-loss-3pct,TGM0sB7iWrc_chunk,natural-afriswitch,1
audio/robustness/afriswitch-igbo-000494-LoLPh-PVyyc_chunk_2121732-2133648_241--pstn-mulaw.wav,a6cd57cf131aa37f9390bfb8cb3f2e7b154ac9ccabc9a24e43a31497aaa632d5,5.880000114440918,pstn-mulaw,11.916000366210938,Igbo-English,Are you truly saying that you cannot see this dirty stagnant water over here? I na-ekwu n'ezie,[[EN]]Are you truly saying that you cannot see this dirty stagnant water over here? I[[/EN]] na-ekwu [[EN]]n'ezie[[/EN]],afriswitch-igbo-000494-LoLPh-PVyyc_chunk_2121732-2133648_241--pstn-mulaw,LoLPh_PVyyc,natural-afriswitch,2
audio/robustness/afriswitch-igbo-000494-LoLPh-PVyyc_chunk_2121732-2133648_241--noise-10db.wav,9c7e62c38a221a07938f8746fafde505db8954328aee404ff0eeb23c55fd6a5b,5.880000114440918,noise-10db,11.916000366210938,Igbo-English,Are you truly saying that you cannot see this dirty stagnant water over here? I na-ekwu n'ezie,[[EN]]Are you truly saying that you cannot see this dirty stagnant water over here? I[[/EN]] na-ekwu [[EN]]n'ezie[[/EN]],afriswitch-igbo-000494-LoLPh-PVyyc_chunk_2121732-2133648_241--noise-10db,LoLPh_PVyyc,natural-afriswitch,2
audio/robustness/afriswitch-igbo-000494-LoLPh-PVyyc_chunk_2121732-2133648_241--packet-loss-3pct.wav,830b93adf3ba4e2059e3ddeb536e451b766bc42437c3227930f7ad4ffbd8f833,5.880000114440918,packet-loss-3pct,11.916000366210938,Igbo-English,Are you truly saying that you cannot see this dirty stagnant water over here? I na-ekwu n'ezie,[[EN]]Are you truly saying that you cannot see this dirty stagnant water over here? I[[/EN]] na-ekwu [[EN]]n'ezie[[/EN]],afriswitch-igbo-000494-LoLPh-PVyyc_chunk_2121732-2133648_241--packet-loss-3pct,LoLPh_PVyyc,natural-afriswitch,2
audio/robustness/afriswitch-igbo-000498-NsQDmdHr6Bc_chunk_116512-126896_14--pstn-mulaw.wav,17e07ea594a0aa5497dd8a60b4beadff16ba0acb29074acd4601d0868a4851ca,40.90999984741211,pstn-mulaw,10.383999824523926,Igbo-English,"Ee, tebl l n'ala Igbo na-emezi omenala ighota, ha na-eji ya bavk to their root. Mathias weputa trouble and kingdom of God","Ee, [[EN]]tebl l[[/EN]] n'ala [[EN]]Igbo[[/EN]] na-emezi omenala ighota, ha na-eji ya [[EN]]bavk to their root. Mathias[[/EN]] weputa [[EN]]trouble and kingdom of God[[/EN]]",afriswitch-igbo-000498-NsQDmdHr6Bc_chunk_116512-126896_14--pstn-mulaw,NsQDmdHr6Bc_chunk,natural-afriswitch,7
audio/robustness/afriswitch-igbo-000498-NsQDmdHr6Bc_chunk_116512-126896_14--noise-10db.wav,65953c1e27c7e7ccf3191333fcc2fa6526a43b7a8e7f4d06a5890131dca2e324,40.90999984741211,noise-10db,10.383999824523926,Igbo-English,"Ee, tebl l n'ala Igbo na-emezi omenala ighota, ha na-eji ya bavk to their root. Mathias weputa trouble and kingdom of God","Ee, [[EN]]tebl l[[/EN]] n'ala [[EN]]Igbo[[/EN]] na-emezi omenala ighota, ha na-eji ya [[EN]]bavk to their root. Mathias[[/EN]] weputa [[EN]]trouble and kingdom of God[[/EN]]",afriswitch-igbo-000498-NsQDmdHr6Bc_chunk_116512-126896_14--noise-10db,NsQDmdHr6Bc_chunk,natural-afriswitch,7
audio/robustness/afriswitch-igbo-000498-NsQDmdHr6Bc_chunk_116512-126896_14--packet-loss-3pct.wav,36e6e38773c7ab2ebfbad3ee0408ccdcaa9604972a028068d7707df8ae49140e,40.90999984741211,packet-loss-3pct,10.383999824523926,Igbo-English,"Ee, tebl l n'ala Igbo na-emezi omenala ighota, ha na-eji ya bavk to their root. Mathias weputa trouble and kingdom of God","Ee, [[EN]]tebl l[[/EN]] n'ala [[EN]]Igbo[[/EN]] na-emezi omenala ighota, ha na-eji ya [[EN]]bavk to their root. Mathias[[/EN]] weputa [[EN]]trouble and kingdom of God[[/EN]]",afriswitch-igbo-000498-NsQDmdHr6Bc_chunk_116512-126896_14--packet-loss-3pct,NsQDmdHr6Bc_chunk,natural-afriswitch,7
audio/robustness/afriswitch-igbo-000499-gx-neGaedNI_chunk_395104-406656_39--pstn-mulaw.wav,3d3a0adc4c0d801fb4298585a464253b7a91f70e430561ecf9f3b571c670d590,40.0,pstn-mulaw,11.552000045776367,Igbo-English,"Enwe ife a na-akpo fact findings. People aga go na fact findings, wee choputa na ebea, na ebe a based on evidence, based on evidence","[[EN]]Enwe ife a[[/EN]] na-akpo [[EN]]fact findings. People[[/EN]] aga [[EN]]go[[/EN]] na [[EN]]fact findings,[[/EN]] wee choputa na ebea, na ebe a [[EN]]based on evidence, based on evidence[[/EN]]",afriswitch-igbo-000499-gx-neGaedNI_chunk_395104-406656_39--pstn-mulaw,gx_neGaedNI,natural-afriswitch,8
audio/robustness/afriswitch-igbo-000499-gx-neGaedNI_chunk_395104-406656_39--noise-10db.wav,6a7f835a041f006e0f22491554886c93c49352020349779088ba8aead982f1a5,40.0,noise-10db,11.552000045776367,Igbo-English,"Enwe ife a na-akpo fact findings. People aga go na fact findings, wee choputa na ebea, na ebe a based on evidence, based on evidence","[[EN]]Enwe ife a[[/EN]] na-akpo [[EN]]fact findings. People[[/EN]] aga [[EN]]go[[/EN]] na [[EN]]fact findings,[[/EN]] wee choputa na ebea, na ebe a [[EN]]based on evidence, based on evidence[[/EN]]",afriswitch-igbo-000499-gx-neGaedNI_chunk_395104-406656_39--noise-10db,gx_neGaedNI,natural-afriswitch,8
audio/robustness/afriswitch-igbo-000499-gx-neGaedNI_chunk_395104-406656_39--packet-loss-3pct.wav,3646c732a76b74c8355c3d9fd267e7deee008d9ede7f3e035ab9fc72c66b4d5d,40.0,packet-loss-3pct,11.552000045776367,Igbo-English,"Enwe ife a na-akpo fact findings. People aga go na fact findings, wee choputa na ebea, na ebe a based on evidence, based on evidence","[[EN]]Enwe ife a[[/EN]] na-akpo [[EN]]fact findings. People[[/EN]] aga [[EN]]go[[/EN]] na [[EN]]fact findings,[[/EN]] wee choputa na ebea, na ebe a [[EN]]based on evidence, based on evidence[[/EN]]",afriswitch-igbo-000499-gx-neGaedNI_chunk_395104-406656_39--packet-loss-3pct,gx_neGaedNI,natural-afriswitch,8
audio/robustness/afriswitch-igbo-000507-muHyYTHQq70_chunk_2054640-2068192_211--pstn-mulaw.wav,3d502fcde62d1d0c3fc57d408b01c149974c0a5282657dd6a1422dc8a252585f,30.43000030517578,pstn-mulaw,13.552000045776367,Igbo-English,stra novin Kpridi nwaany nwaany unu sere sere We have a long way to go and an example of tat will be someone,[[EN]]stra[[/EN]] novin Kpridi nwaany nwaany unu sere sere [[EN]]We have a long way to go and an example of tat will be someone[[/EN]],afriswitch-igbo-000507-muHyYTHQq70_chunk_2054640-2068192_211--pstn-mulaw,muHyYTHQq70_chunk,natural-afriswitch,2
audio/robustness/afriswitch-igbo-000507-muHyYTHQq70_chunk_2054640-2068192_211--noise-10db.wav,ec6a3dd99a04112e0b4100b631cb0b63d1623a322024b506e190f81d4f39233d,30.43000030517578,noise-10db,13.552000045776367,Igbo-English,stra novin Kpridi nwaany nwaany unu sere sere We have a long way to go and an example of tat will be someone,[[EN]]stra[[/EN]] novin Kpridi nwaany nwaany unu sere sere [[EN]]We have a long way to go and an example of tat will be someone[[/EN]],afriswitch-igbo-000507-muHyYTHQq70_chunk_2054640-2068192_211--noise-10db,muHyYTHQq70_chunk,natural-afriswitch,2
audio/robustness/afriswitch-igbo-000507-muHyYTHQq70_chunk_2054640-2068192_211--packet-loss-3pct.wav,f013ccf67a1278c7d206178e34864862e4e340aa39aa66532c6347c232a8fe20,30.43000030517578,packet-loss-3pct,13.552000045776367,Igbo-English,stra novin Kpridi nwaany nwaany unu sere sere We have a long way to go and an example of tat will be someone,[[EN]]stra[[/EN]] novin Kpridi nwaany nwaany unu sere sere [[EN]]We have a long way to go and an example of tat will be someone[[/EN]],afriswitch-igbo-000507-muHyYTHQq70_chunk_2054640-2068192_211--packet-loss-3pct,muHyYTHQq70_chunk,natural-afriswitch,2
audio/robustness/afriswitch-igbo-000516-WpzbiXNc3h4_chunk_2529536-2541792_291--pstn-mulaw.wav,284f0f6f5c8793fd01ff1affb6488769da66a224c3769ae1b137c15939b99a52,25.709999084472656,pstn-mulaw,12.255999565124512,Igbo-English,"Na enwe ka osi wee mee ya, na oburokwa like that. Enwe my friend no obodo a, nwunye ya bu onye poland, nwanne nwunye bu fada. So mu si that guy biko jugodu nwunye gi","Na enwe ka osi wee mee ya, na oburokwa [[EN]]like that.[[/EN]] Enwe [[EN]]my friend no[[/EN]] obodo a, nwunye ya bu onye [[EN]]poland,[[/EN]] nwanne nwunye bu fada. [[EN]]So[[/EN]] mu si [[EN]]that guy[[/EN]] biko jugodu nwunye gi",afriswitch-igbo-000516-WpzbiXNc3h4_chunk_2529536-2541792_291--pstn-mulaw,WpzbiXNc3h4_chunk,natural-afriswitch,10
audio/robustness/afriswitch-igbo-000516-WpzbiXNc3h4_chunk_2529536-2541792_291--noise-10db.wav,fbf34998039e2fa194d54292645e4854a922c49fad164beed7db8c065bf943bb,25.709999084472656,noise-10db,12.255999565124512,Igbo-English,"Na enwe ka osi wee mee ya, na oburokwa like that. Enwe my friend no obodo a, nwunye ya bu onye poland, nwanne nwunye bu fada. So mu si that guy biko jugodu nwunye gi","Na enwe ka osi wee mee ya, na oburokwa [[EN]]like that.[[/EN]] Enwe [[EN]]my friend no[[/EN]] obodo a, nwunye ya bu onye [[EN]]poland,[[/EN]] nwanne nwunye bu fada. [[EN]]So[[/EN]] mu si [[EN]]that guy[[/EN]] biko jugodu nwunye gi",afriswitch-igbo-000516-WpzbiXNc3h4_chunk_2529536-2541792_291--noise-10db,WpzbiXNc3h4_chunk,natural-afriswitch,10
audio/robustness/afriswitch-igbo-000516-WpzbiXNc3h4_chunk_2529536-2541792_291--packet-loss-3pct.wav,e7aecbd0983134e86ea40519a8315b87df0c361e8a930f24645cd7fba24d59a1,25.709999084472656,packet-loss-3pct,12.255999565124512,Igbo-English,"Na enwe ka osi wee mee ya, na oburokwa like that. Enwe my friend no obodo a, nwunye ya bu onye poland, nwanne nwunye bu fada. So mu si that guy biko jugodu nwunye gi","Na enwe ka osi wee mee ya, na oburokwa [[EN]]like that.[[/EN]] Enwe [[EN]]my friend no[[/EN]] obodo a, nwunye ya bu onye [[EN]]poland,[[/EN]] nwanne nwunye bu fada. [[EN]]So[[/EN]] mu si [[EN]]that guy[[/EN]] biko jugodu nwunye gi",afriswitch-igbo-000516-WpzbiXNc3h4_chunk_2529536-2541792_291--packet-loss-3pct,WpzbiXNc3h4_chunk,natural-afriswitch,10
audio/robustness/afriswitch-igbo-000521-sL3jEtQbP1k_chunk_885508-974992_31--pstn-mulaw.wav,84c5d952835fd93816964bfcb8b5e9cb7821fc92c484dd3a796f341f56fdbee2,39.130001068115234,pstn-mulaw,11.779999732971191,Igbo-English,They can value an open soul of course I am an open soul ha Adeyeye Adeyeye ihe m bu nti nyara n oku,[[EN]]They can value an open soul of course I am an open soul[[/EN]] ha Adeyeye Adeyeye ihe m bu nti nyara [[EN]]n[[/EN]] oku,afriswitch-igbo-000521-sL3jEtQbP1k_chunk_885508-974992_31--pstn-mulaw,sL3jEtQbP1k_chunk,natural-afriswitch,3
audio/robustness/afriswitch-igbo-000521-sL3jEtQbP1k_chunk_885508-974992_31--noise-10db.wav,30c052067a472b186c5a37c265d1d7b7c27669e1e4595e4df5237e324486d767,39.130001068115234,noise-10db,11.779999732971191,Igbo-English,They can value an open soul of course I am an open soul ha Adeyeye Adeyeye ihe m bu nti nyara n oku,[[EN]]They can value an open soul of course I am an open soul[[/EN]] ha Adeyeye Adeyeye ihe m bu nti nyara [[EN]]n[[/EN]] oku,afriswitch-igbo-000521-sL3jEtQbP1k_chunk_885508-974992_31--noise-10db,sL3jEtQbP1k_chunk,natural-afriswitch,3
audio/robustness/afriswitch-igbo-000521-sL3jEtQbP1k_chunk_885508-974992_31--packet-loss-3pct.wav,a6dc35154a8c74203dbd288336bdef3a85204012c75f0bb21827872236d5cc7b,39.130001068115234,packet-loss-3pct,11.779999732971191,Igbo-English,They can value an open soul of course I am an open soul ha Adeyeye Adeyeye ihe m bu nti nyara n oku,[[EN]]They can value an open soul of course I am an open soul[[/EN]] ha Adeyeye Adeyeye ihe m bu nti nyara [[EN]]n[[/EN]] oku,afriswitch-igbo-000521-sL3jEtQbP1k_chunk_885508-974992_31--packet-loss-3pct,sL3jEtQbP1k_chunk,natural-afriswitch,3
audio/robustness/afriswitch-igbo-000558-BMZCGEro1Vo_chunk_50576-62640_7--pstn-mulaw.wav,4bf429cf515401f24c91ac2409ea12ae51e4d0cc8de2050afb66f846b0b73a5c,29.729999542236328,pstn-mulaw,12.064000129699707,Igbo-English,"Mama is greeting you, say good evening ma. Ọ tụgharịa sị mama good evening ma. Ihe ahụ o kwesịrị ekwesị? Gị nwa na-eme ya, ọkwa i mere ya obi wee dị gị mma. Ị bụrụ nwatakịrị ahụ","[[EN]]Mama is greeting you, say good evening[[/EN]] ma. Ọ tụgharịa sị [[EN]]mama good evening[[/EN]] ma. Ihe ahụ o kwesịrị ekwesị? Gị nwa na-eme ya, ọkwa [[EN]]i[[/EN]] mere ya obi wee dị gị mma. Ị bụrụ nwatakịrị ahụ",afriswitch-igbo-000558-BMZCGEro1Vo_chunk_50576-62640_7--pstn-mulaw,BMZCGEro1Vo_chunk,natural-afriswitch,5
audio/robustness/afriswitch-igbo-000558-BMZCGEro1Vo_chunk_50576-62640_7--noise-10db.wav,ee3909e5639f5552982d1a8ba3ac88892a1e7d23629761f6d376af349f133975,29.729999542236328,noise-10db,12.064000129699707,Igbo-English,"Mama is greeting you, say good evening ma. Ọ tụgharịa sị mama good evening ma. Ihe ahụ o kwesịrị ekwesị? Gị nwa na-eme ya, ọkwa i mere ya obi wee dị gị mma. Ị bụrụ nwatakịrị ahụ","[[EN]]Mama is greeting you, say good evening[[/EN]] ma. Ọ tụgharịa sị [[EN]]mama good evening[[/EN]] ma. Ihe ahụ o kwesịrị ekwesị? Gị nwa na-eme ya, ọkwa [[EN]]i[[/EN]] mere ya obi wee dị gị mma. Ị bụrụ nwatakịrị ahụ",afriswitch-igbo-000558-BMZCGEro1Vo_chunk_50576-62640_7--noise-10db,BMZCGEro1Vo_chunk,natural-afriswitch,5
audio/robustness/afriswitch-igbo-000558-BMZCGEro1Vo_chunk_50576-62640_7--packet-loss-3pct.wav,dbebd13c1585d4d5e94d4d3df19a4982185cc7884734faa295d2e073929cd404,29.729999542236328,packet-loss-3pct,12.064000129699707,Igbo-English,"Mama is greeting you, say good evening ma. Ọ tụgharịa sị mama good evening ma. Ihe ahụ o kwesịrị ekwesị? Gị nwa na-eme ya, ọkwa i mere ya obi wee dị gị mma. Ị bụrụ nwatakịrị ahụ","[[EN]]Mama is greeting you, say good evening[[/EN]] ma. Ọ tụgharịa sị [[EN]]mama good evening[[/EN]] ma. Ihe ahụ o kwesịrị ekwesị? Gị nwa na-eme ya, ọkwa [[EN]]i[[/EN]] mere ya obi wee dị gị mma. Ị bụrụ nwatakịrị ahụ",afriswitch-igbo-000558-BMZCGEro1Vo_chunk_50576-62640_7--packet-loss-3pct,BMZCGEro1Vo_chunk,natural-afriswitch,5
audio/robustness/afriswitch-igbo-000563-qCZ0G1BEAQE_chunk_1210064-1223772_108--pstn-mulaw.wav,a9d6f676f974cc57aecd82e6159b4e387b48a04d7819a28fc0c4f44da84e12a2,40.540000915527344,pstn-mulaw,13.907999992370605,Igbo-English,Ogufo do nonso nkwa nati meihe onweni hemu hoka ena ha hoka hon. I am telling you. Onweni lot of things nonso nkwa kulu le that came to pass when many of you are not seeing it,Ogufo do [[EN]]nonso[[/EN]] nkwa nati meihe onweni hemu hoka ena ha hoka hon. [[EN]]I am telling you. Onweni lot of things nonso[[/EN]] nkwa kulu le [[EN]]that came to pass when many of you are not seeing it[[/EN]],afriswitch-igbo-000563-qCZ0G1BEAQE_chunk_1210064-1223772_108--pstn-mulaw,qCZ0G1BEAQE_chunk,natural-afriswitch,5
audio/robustness/afriswitch-igbo-000563-qCZ0G1BEAQE_chunk_1210064-1223772_108--noise-10db.wav,4a747962dc6ddebf0697b0bb08bcc6c8ace3aac86aae25c87f271f95f9b9d182,40.540000915527344,noise-10db,13.907999992370605,Igbo-English,Ogufo do nonso nkwa nati meihe onweni hemu hoka ena ha hoka hon. I am telling you. Onweni lot of things nonso nkwa kulu le that came to pass when many of you are not seeing it,Ogufo do [[EN]]nonso[[/EN]] nkwa nati meihe onweni hemu hoka ena ha hoka hon. [[EN]]I am telling you. Onweni lot of things nonso[[/EN]] nkwa kulu le [[EN]]that came to pass when many of you are not seeing it[[/EN]],afriswitch-igbo-000563-qCZ0G1BEAQE_chunk_1210064-1223772_108--noise-10db,qCZ0G1BEAQE_chunk,natural-afriswitch,5
audio/robustness/afriswitch-igbo-000563-qCZ0G1BEAQE_chunk_1210064-1223772_108--packet-loss-3pct.wav,00c792e3c9f32e6db07e0610a5a1727d9fdd7b24f01985b72631fbc66ba58db1,40.540000915527344,packet-loss-3pct,13.907999992370605,Igbo-English,Ogufo do nonso nkwa nati meihe onweni hemu hoka ena ha hoka hon. I am telling you. Onweni lot of things nonso nkwa kulu le that came to pass when many of you are not seeing it,Ogufo do [[EN]]nonso[[/EN]] nkwa nati meihe onweni hemu hoka ena ha hoka hon. [[EN]]I am telling you. Onweni lot of things nonso[[/EN]] nkwa kulu le [[EN]]that came to pass when many of you are not seeing it[[/EN]],afriswitch-igbo-000563-qCZ0G1BEAQE_chunk_1210064-1223772_108--packet-loss-3pct,qCZ0G1BEAQE_chunk,natural-afriswitch,5
audio/robustness/afriswitch-igbo-000614-TjdfhyD3QrA_chunk_263728-269536_29--pstn-mulaw.wav,7dd32edb071af31c367d201fa8e4d7e4c2441027de8be571cf48c20d75bf2e5b,20.0,pstn-mulaw,5.808000087738037,Igbo-English,Onye omenala mara omenala Igbo ekwesighi ịdị n'ere ala especially ala dị n'ala Igbo anyị,Onye omenala mara omenala [[EN]]Igbo[[/EN]] ekwesighi ịdị n'ere ala [[EN]]especially[[/EN]] ala dị n'ala [[EN]]Igbo[[/EN]] anyị,afriswitch-igbo-000614-TjdfhyD3QrA_chunk_263728-269536_29--pstn-mulaw,TjdfhyD3QrA_chunk,natural-afriswitch,6
audio/robustness/afriswitch-igbo-000614-TjdfhyD3QrA_chunk_263728-269536_29--noise-10db.wav,8969ad08897759bd0c2e02f0384338fa0735240f58fdfd45d247c428f6448d70,20.0,noise-10db,5.808000087738037,Igbo-English,Onye omenala mara omenala Igbo ekwesighi ịdị n'ere ala especially ala dị n'ala Igbo anyị,Onye omenala mara omenala [[EN]]Igbo[[/EN]] ekwesighi ịdị n'ere ala [[EN]]especially[[/EN]] ala dị n'ala [[EN]]Igbo[[/EN]] anyị,afriswitch-igbo-000614-TjdfhyD3QrA_chunk_263728-269536_29--noise-10db,TjdfhyD3QrA_chunk,natural-afriswitch,6
audio/robustness/afriswitch-igbo-000614-TjdfhyD3QrA_chunk_263728-269536_29--packet-loss-3pct.wav,ffab558e67f9f8bba0b59ee10e3884e77b930a38f3ea7dd2e910bf87982ff27e,20.0,packet-loss-3pct,5.808000087738037,Igbo-English,Onye omenala mara omenala Igbo ekwesighi ịdị n'ere ala especially ala dị n'ala Igbo anyị,Onye omenala mara omenala [[EN]]Igbo[[/EN]] ekwesighi ịdị n'ere ala [[EN]]especially[[/EN]] ala dị n'ala [[EN]]Igbo[[/EN]] anyị,afriswitch-igbo-000614-TjdfhyD3QrA_chunk_263728-269536_29--packet-loss-3pct,TjdfhyD3QrA_chunk,natural-afriswitch,6
audio/robustness/afriswitch-igbo-000651-_HOK6-UD84o_chunk_3218884-3223456_232--pstn-mulaw.wav,66d59563c93826282c7587983e1bd6064d261f1b39976dea34a2c8a945d98bad,13.329999923706055,pstn-mulaw,4.572000026702881,Igbo-English,"Azu Anyi na-akpo ya fish n'oyibo Anyi na-akpo ya fish n'oyibo ngwa, tupere m oku","Azu Anyi na-akpo ya [[EN]]fish[[/EN]] n'oyibo Anyi na-akpo ya [[EN]]fish[[/EN]] n'oyibo ngwa, tupere m oku",afriswitch-igbo-000651-_HOK6-UD84o_chunk_3218884-3223456_232--pstn-mulaw,_HOK6,natural-afriswitch,4
audio/robustness/afriswitch-igbo-000651-_HOK6-UD84o_chunk_3218884-3223456_232--noise-10db.wav,528933943c777b8bca4a2670d2c3e291af3674b87a9d4f08cf331ab15bf33564,13.329999923706055,noise-10db,4.572000026702881,Igbo-English,"Azu Anyi na-akpo ya fish n'oyibo Anyi na-akpo ya fish n'oyibo ngwa, tupere m oku","Azu Anyi na-akpo ya [[EN]]fish[[/EN]] n'oyibo Anyi na-akpo ya [[EN]]fish[[/EN]] n'oyibo ngwa, tupere m oku",afriswitch-igbo-000651-_HOK6-UD84o_chunk_3218884-3223456_232--noise-10db,_HOK6,natural-afriswitch,4
audio/robustness/afriswitch-igbo-000651-_HOK6-UD84o_chunk_3218884-3223456_232--packet-loss-3pct.wav,0dba6bfbe7cb665a97ace9e48366e469873f038bdac57b93f31cda2975891461,13.329999923706055,packet-loss-3pct,4.572000026702881,Igbo-English,"Azu Anyi na-akpo ya fish n'oyibo Anyi na-akpo ya fish n'oyibo ngwa, tupere m oku","Azu Anyi na-akpo ya [[EN]]fish[[/EN]] n'oyibo Anyi na-akpo ya [[EN]]fish[[/EN]] n'oyibo ngwa, tupere m oku",afriswitch-igbo-000651-_HOK6-UD84o_chunk_3218884-3223456_232--packet-loss-3pct,_HOK6,natural-afriswitch,4
audio/robustness/afriswitch-igbo-000676--353hm2SB8c_chunk_168996-176112_18--pstn-mulaw.wav,4d5d63e5718f95b37e33a7161601a64a13074f68e557e6b3325a930c165b3f39,31.25,pstn-mulaw,7.116000175476074,Igbo-English,"Anyi nwere men of God kpagoro Ike Chinese jigoro mee ihe, ruo oru ebube kara aka","Anyi [[EN]]nwere men of God[[/EN]] kpagoro Ike [[EN]]Chinese[[/EN]] jigoro mee ihe, ruo oru ebube kara aka",afriswitch-igbo-000676--353hm2SB8c_chunk_168996-176112_18--pstn-mulaw,_353hm2SB8c,natural-afriswitch,4
audio/robustness/afriswitch-igbo-000676--353hm2SB8c_chunk_168996-176112_18--noise-10db.wav,7016df3fb0a65052bc42609db080d8167a9de36b99531991d73944d5868db357,31.25,noise-10db,7.116000175476074,Igbo-English,"Anyi nwere men of God kpagoro Ike Chinese jigoro mee ihe, ruo oru ebube kara aka","Anyi [[EN]]nwere men of God[[/EN]] kpagoro Ike [[EN]]Chinese[[/EN]] jigoro mee ihe, ruo oru ebube kara aka",afriswitch-igbo-000676--353hm2SB8c_chunk_168996-176112_18--noise-10db,_353hm2SB8c,natural-afriswitch,4
audio/robustness/afriswitch-igbo-000676--353hm2SB8c_chunk_168996-176112_18--packet-loss-3pct.wav,a25be0bb3a9f7a453da6cd0e3515b5c2f9ea0ded8aaabb5faf666039a1ef49c9,31.25,packet-loss-3pct,7.116000175476074,Igbo-English,"Anyi nwere men of God kpagoro Ike Chinese jigoro mee ihe, ruo oru ebube kara aka","Anyi [[EN]]nwere men of God[[/EN]] kpagoro Ike [[EN]]Chinese[[/EN]] jigoro mee ihe, ruo oru ebube kara aka",afriswitch-igbo-000676--353hm2SB8c_chunk_168996-176112_18--packet-loss-3pct,_353hm2SB8c,natural-afriswitch,4
audio/robustness/afriswitch-igbo-000698-Fl3Hgw5n278_chunk_897104-900384_98--pstn-mulaw.wav,6512124ef260f42d739c85439ab081554887b9388b5011a7c0886d34cd691313,33.33000183105469,pstn-mulaw,3.2799999713897705,Igbo-English,Ozudilo mbambam people de disturbing me,Ozudilo [[EN]]mbambam people[[/EN]] de [[EN]]disturbing me[[/EN]],afriswitch-igbo-000698-Fl3Hgw5n278_chunk_897104-900384_98--pstn-mulaw,Fl3Hgw5n278_chunk,natural-afriswitch,3
audio/robustness/afriswitch-igbo-000698-Fl3Hgw5n278_chunk_897104-900384_98--noise-10db.wav,18525b851f226357a4935809470fb283519fc28b936ff7a83b42a4553f3def02,33.33000183105469,noise-10db,3.2799999713897705,Igbo-English,Ozudilo mbambam people de disturbing me,Ozudilo [[EN]]mbambam people[[/EN]] de [[EN]]disturbing me[[/EN]],afriswitch-igbo-000698-Fl3Hgw5n278_chunk_897104-900384_98--noise-10db,Fl3Hgw5n278_chunk,natural-afriswitch,3
audio/robustness/afriswitch-igbo-000698-Fl3Hgw5n278_chunk_897104-900384_98--packet-loss-3pct.wav,5998128796f0f55ddfd83a38f30edffd2cbd58c3489d9e53bb0f1692af2b407a,33.33000183105469,packet-loss-3pct,3.2799999713897705,Igbo-English,Ozudilo mbambam people de disturbing me,Ozudilo [[EN]]mbambam people[[/EN]] de [[EN]]disturbing me[[/EN]],afriswitch-igbo-000698-Fl3Hgw5n278_chunk_897104-900384_98--packet-loss-3pct,Fl3Hgw5n278_chunk,natural-afriswitch,3
audio/robustness/afriswitch-igbo-000731-WpzbiXNc3h4_chunk_3242116-3246032_375--pstn-mulaw.wav,31350485031c93edfdc6604196b2dd47154b8a09cebab1e50659a39ce2f3caae,22.219999313354492,pstn-mulaw,3.9159998893737793,Igbo-English,Ifuru Ifuru kmshon kmshon g na mgbara nd a,Ifuru Ifuru kmshon kmshon g na mgbara [[EN]]nd a[[/EN]],afriswitch-igbo-000731-WpzbiXNc3h4_chunk_3242116-3246032_375--pstn-mulaw,WpzbiXNc3h4_chunk,natural-afriswitch,1
audio/robustness/afriswitch-igbo-000731-WpzbiXNc3h4_chunk_3242116-3246032_375--noise-10db.wav,6070b6f3fcdc57d00dcc7b9e5694b4d5bd9e03e0a12955fc21de3ce62679561b,22.219999313354492,noise-10db,3.9159998893737793,Igbo-English,Ifuru Ifuru kmshon kmshon g na mgbara nd a,Ifuru Ifuru kmshon kmshon g na mgbara [[EN]]nd a[[/EN]],afriswitch-igbo-000731-WpzbiXNc3h4_chunk_3242116-3246032_375--noise-10db,WpzbiXNc3h4_chunk,natural-afriswitch,1
audio/robustness/afriswitch-igbo-000731-WpzbiXNc3h4_chunk_3242116-3246032_375--packet-loss-3pct.wav,9f690ece1a56106e198264af2b761792427cddad6572a44537d48570db20a981,22.219999313354492,packet-loss-3pct,3.9159998893737793,Igbo-English,Ifuru Ifuru kmshon kmshon g na mgbara nd a,Ifuru Ifuru kmshon kmshon g na mgbara [[EN]]nd a[[/EN]],afriswitch-igbo-000731-WpzbiXNc3h4_chunk_3242116-3246032_375--packet-loss-3pct,WpzbiXNc3h4_chunk,natural-afriswitch,1
audio/robustness/afriswitch-igbo-000737-vJx7W71crIA_chunk_1053700-1058672_108--pstn-mulaw.wav,a3f1668126b910d1dbec7335d334a631f1e0098b2510e81c4af698cdd83bf9e9,13.329999923706055,pstn-mulaw,4.9720001220703125,Igbo-English,"There is a bible verse to back up what you did, o wee si kwa","[[EN]]There is a bible verse to back up what you did, o wee[[/EN]] si kwa",afriswitch-igbo-000737-vJx7W71crIA_chunk_1053700-1058672_108--pstn-mulaw,vJx7W71crIA_chunk,natural-afriswitch,1
audio/robustness/afriswitch-igbo-000737-vJx7W71crIA_chunk_1053700-1058672_108--noise-10db.wav,bebdee8645bb01f7bda51dea79d43fd5fd71531b2ae5b1d49cecc94607ff152a,13.329999923706055,noise-10db,4.9720001220703125,Igbo-English,"There is a bible verse to back up what you did, o wee si kwa","[[EN]]There is a bible verse to back up what you did, o wee[[/EN]] si kwa",afriswitch-igbo-000737-vJx7W71crIA_chunk_1053700-1058672_108--noise-10db,vJx7W71crIA_chunk,natural-afriswitch,1
audio/robustness/afriswitch-igbo-000737-vJx7W71crIA_chunk_1053700-1058672_108--packet-loss-3pct.wav,2aa99fb6826fa7185e44d04a43cad268d2e551132c7853df0460f2c072af7a53,13.329999923706055,packet-loss-3pct,4.9720001220703125,Igbo-English,"There is a bible verse to back up what you did, o wee si kwa","[[EN]]There is a bible verse to back up what you did, o wee[[/EN]] si kwa",afriswitch-igbo-000737-vJx7W71crIA_chunk_1053700-1058672_108--packet-loss-3pct,vJx7W71crIA_chunk,natural-afriswitch,1
audio/robustness/afriswitch-igbo-000753-qCZ0G1BEAQE_chunk_1155552-1164624_103--pstn-mulaw.wav,66d4fbcef81a40b781d15712411d9a42795e3a2362f81d377a5e9b940e8549b6,40.0,pstn-mulaw,9.071999549865723,Igbo-English,Batde moi otu onye n'ime nd ah ime in trak gbatara egbe Chukwu d d,Batde moi otu onye [[EN]]n'ime nd ah ime in trak[[/EN]] gbatara egbe Chukwu d d,afriswitch-igbo-000753-qCZ0G1BEAQE_chunk_1155552-1164624_103--pstn-mulaw,qCZ0G1BEAQE_chunk,natural-afriswitch,2
audio/robustness/afriswitch-igbo-000753-qCZ0G1BEAQE_chunk_1155552-1164624_103--noise-10db.wav,b3bf0228014c2b8d8af612ea0624b78fad5209c610e6f1833c03f2ff39785031,40.0,noise-10db,9.071999549865723,Igbo-English,Batde moi otu onye n'ime nd ah ime in trak gbatara egbe Chukwu d d,Batde moi otu onye [[EN]]n'ime nd ah ime in trak[[/EN]] gbatara egbe Chukwu d d,afriswitch-igbo-000753-qCZ0G1BEAQE_chunk_1155552-1164624_103--noise-10db,qCZ0G1BEAQE_chunk,natural-afriswitch,2
audio/robustness/afriswitch-igbo-000753-qCZ0G1BEAQE_chunk_1155552-1164624_103--packet-loss-3pct.wav,9b347acd1744527146aa5f3f9450108cf099041e0111054eb9e1270f16007df3,40.0,packet-loss-3pct,9.071999549865723,Igbo-English,Batde moi otu onye n'ime nd ah ime in trak gbatara egbe Chukwu d d,Batde moi otu onye [[EN]]n'ime nd ah ime in trak[[/EN]] gbatara egbe Chukwu d d,afriswitch-igbo-000753-qCZ0G1BEAQE_chunk_1155552-1164624_103--packet-loss-3pct,qCZ0G1BEAQE_chunk,natural-afriswitch,2
audio/robustness/afriswitch-igbo-000757-_HOK6-UD84o_chunk_2216676-2225244_161--pstn-mulaw.wav,2b2597ad83cc938d84f511a165a64b483879424fe787570ec46b1804c11bbe73,18.18000030517578,pstn-mulaw,8.67199993133545,Igbo-English,oche tupu ere m oche any na-akp ya chi n'oyibo n'ime,oche tupu ere m oche [[EN]]any[[/EN]] na-akp ya chi n'oyibo [[EN]]n'ime[[/EN]],afriswitch-igbo-000757-_HOK6-UD84o_chunk_2216676-2225244_161--pstn-mulaw,_HOK6,natural-afriswitch,3
audio/robustness/afriswitch-igbo-000757-_HOK6-UD84o_chunk_2216676-2225244_161--noise-10db.wav,fa5dd0e9f30ae77a8fd888d47be42d301f36442decafe3ac34f5697f8ebeb13b,18.18000030517578,noise-10db,8.67199993133545,Igbo-English,oche tupu ere m oche any na-akp ya chi n'oyibo n'ime,oche tupu ere m oche [[EN]]any[[/EN]] na-akp ya chi n'oyibo [[EN]]n'ime[[/EN]],afriswitch-igbo-000757-_HOK6-UD84o_chunk_2216676-2225244_161--noise-10db,_HOK6,natural-afriswitch,3
audio/robustness/afriswitch-igbo-000757-_HOK6-UD84o_chunk_2216676-2225244_161--packet-loss-3pct.wav,f3d413df1b3a37d85e8999e80a149238cf1613f848ea5ef2cbd0a2436c1e8d01,18.18000030517578,packet-loss-3pct,8.67199993133545,Igbo-English,oche tupu ere m oche any na-akp ya chi n'oyibo n'ime,oche tupu ere m oche [[EN]]any[[/EN]] na-akp ya chi n'oyibo [[EN]]n'ime[[/EN]],afriswitch-igbo-000757-_HOK6-UD84o_chunk_2216676-2225244_161--packet-loss-3pct,_HOK6,natural-afriswitch,3
audio/robustness/afriswitch-igbo-000767-POee7nL19dk_chunk_1981476-1997436_240--pstn-mulaw.wav,bbe9e4ac38ebaa17c6c130995807df0122e123eccf7ee25de7cc82e55df4ca06,19.350000381469727,pstn-mulaw,16.09600067138672,Igbo-English,"Ilo n'ile ogbalu wee bata bem a, to completely damaged. o di damaged, onwe ebe ke karu kuru ume wee bata ruo ebea yet achukwea a na pu kwa ya ego.","Ilo n'ile ogbalu wee bata bem [[EN]]a, to completely damaged.[[/EN]] o di [[EN]]damaged,[[/EN]] onwe ebe ke karu kuru ume wee bata ruo ebea [[EN]]yet[[/EN]] achukwea a na pu kwa ya ego.",afriswitch-igbo-000767-POee7nL19dk_chunk_1981476-1997436_240--pstn-mulaw,POee7nL19dk_chunk,natural-afriswitch,6
audio/robustness/afriswitch-igbo-000767-POee7nL19dk_chunk_1981476-1997436_240--noise-10db.wav,444ecce350af8a32f3b3c74adef4606e8b6c2096dedfbd62d7209cddf475f016,19.350000381469727,noise-10db,16.09600067138672,Igbo-English,"Ilo n'ile ogbalu wee bata bem a, to completely damaged. o di damaged, onwe ebe ke karu kuru ume wee bata ruo ebea yet achukwea a na pu kwa ya ego.","Ilo n'ile ogbalu wee bata bem [[EN]]a, to completely damaged.[[/EN]] o di [[EN]]damaged,[[/EN]] onwe ebe ke karu kuru ume wee bata ruo ebea [[EN]]yet[[/EN]] achukwea a na pu kwa ya ego.",afriswitch-igbo-000767-POee7nL19dk_chunk_1981476-1997436_240--noise-10db,POee7nL19dk_chunk,natural-afriswitch,6
audio/robustness/afriswitch-igbo-000767-POee7nL19dk_chunk_1981476-1997436_240--packet-loss-3pct.wav,16f59b700ab77779ed6d565423959bf38c501a3beef73bad010e13a4a030f631,19.350000381469727,packet-loss-3pct,16.09600067138672,Igbo-English,"Ilo n'ile ogbalu wee bata bem a, to completely damaged. o di damaged, onwe ebe ke karu kuru ume wee bata ruo ebea yet achukwea a na pu kwa ya ego.","Ilo n'ile ogbalu wee bata bem [[EN]]a, to completely damaged.[[/EN]] o di [[EN]]damaged,[[/EN]] onwe ebe ke karu kuru ume wee bata ruo ebea [[EN]]yet[[/EN]] achukwea a na pu kwa ya ego.",afriswitch-igbo-000767-POee7nL19dk_chunk_1981476-1997436_240--packet-loss-3pct,POee7nL19dk_chunk,natural-afriswitch,6
audio/robustness/afriswitch-igbo-000783-5R7JAPF354Y_chunk_1558464-1567664_184--pstn-mulaw.wav,04e3e76285026acbd862c06763d7d6cce0958252f86a3c30e5922990f3609a63,22.729999542236328,pstn-mulaw,9.199999809265137,Igbo-English,Ndi Governor anyi na ndi umu anyi nwere bomb action bunye anyi. Nna a o na bu necha bomb action ahu anya.,Ndi [[EN]]Governor[[/EN]] anyi na ndi umu anyi nwere [[EN]]bomb action[[/EN]] bunye anyi. Nna a o na bu necha [[EN]]bomb action[[/EN]] ahu anya.,afriswitch-igbo-000783-5R7JAPF354Y_chunk_1558464-1567664_184--pstn-mulaw,5R7JAPF354Y_chunk,natural-afriswitch,6
audio/robustness/afriswitch-igbo-000783-5R7JAPF354Y_chunk_1558464-1567664_184--noise-10db.wav,d80ab16663cbb482bfb66303992b6fada49a45e273e96901af6504b67d1b62ac,22.729999542236328,noise-10db,9.199999809265137,Igbo-English,Ndi Governor anyi na ndi umu anyi nwere bomb action bunye anyi. Nna a o na bu necha bomb action ahu anya.,Ndi [[EN]]Governor[[/EN]] anyi na ndi umu anyi nwere [[EN]]bomb action[[/EN]] bunye anyi. Nna a o na bu necha [[EN]]bomb action[[/EN]] ahu anya.,afriswitch-igbo-000783-5R7JAPF354Y_chunk_1558464-1567664_184--noise-10db,5R7JAPF354Y_chunk,natural-afriswitch,6
audio/robustness/afriswitch-igbo-000783-5R7JAPF354Y_chunk_1558464-1567664_184--packet-loss-3pct.wav,84e445eab7356cfba714d99c7daaff1f1f44b9d8f896a2a0ca787aa2cd229826,22.729999542236328,packet-loss-3pct,9.199999809265137,Igbo-English,Ndi Governor anyi na ndi umu anyi nwere bomb action bunye anyi. Nna a o na bu necha bomb action ahu anya.,Ndi [[EN]]Governor[[/EN]] anyi na ndi umu anyi nwere [[EN]]bomb action[[/EN]] bunye anyi. Nna a o na bu necha [[EN]]bomb action[[/EN]] ahu anya.,afriswitch-igbo-000783-5R7JAPF354Y_chunk_1558464-1567664_184--packet-loss-3pct,5R7JAPF354Y_chunk,natural-afriswitch,6
audio/robustness/afriswitch-igbo-000795-_HOK6-UD84o_chunk_1488928-1493372_107--pstn-mulaw.wav,cfca66b14422b1178a3ca90b750c6bf4bd80f3c4399e7bd1def3ddfc12a90f41,26.670000076293945,pstn-mulaw,5.892000198364258,Igbo-English,Supeere m ọkụ Ọ-k-ụ ọkụ Anyị na-akpọ ya fire n'oyibo Anyị na-akpọ ya fire n'oyibo,[[EN]]Supeere m[[/EN]] ọkụ Ọ-k-ụ ọkụ Anyị na-akpọ ya [[EN]]fire[[/EN]] n'oyibo Anyị na-akpọ ya [[EN]]fire[[/EN]] n'oyibo,afriswitch-igbo-000795-_HOK6-UD84o_chunk_1488928-1493372_107--pstn-mulaw,_HOK6,natural-afriswitch,5
audio/robustness/afriswitch-igbo-000795-_HOK6-UD84o_chunk_1488928-1493372_107--noise-10db.wav,6bc8ee60657b43d5c3a9c9906ad775a486baf6f304f173fdcf2ba6e6ef026310,26.670000076293945,noise-10db,5.892000198364258,Igbo-English,Supeere m ọkụ Ọ-k-ụ ọkụ Anyị na-akpọ ya fire n'oyibo Anyị na-akpọ ya fire n'oyibo,[[EN]]Supeere m[[/EN]] ọkụ Ọ-k-ụ ọkụ Anyị na-akpọ ya [[EN]]fire[[/EN]] n'oyibo Anyị na-akpọ ya [[EN]]fire[[/EN]] n'oyibo,afriswitch-igbo-000795-_HOK6-UD84o_chunk_1488928-1493372_107--noise-10db,_HOK6,natural-afriswitch,5
audio/robustness/afriswitch-igbo-000795-_HOK6-UD84o_chunk_1488928-1493372_107--packet-loss-3pct.wav,76469692b9de2d6ef87f2c2e42534f41daf8b7877027c3a546c6308e093d65a5,26.670000076293945,packet-loss-3pct,5.892000198364258,Igbo-English,Supeere m ọkụ Ọ-k-ụ ọkụ Anyị na-akpọ ya fire n'oyibo Anyị na-akpọ ya fire n'oyibo,[[EN]]Supeere m[[/EN]] ọkụ Ọ-k-ụ ọkụ Anyị na-akpọ ya [[EN]]fire[[/EN]] n'oyibo Anyị na-akpọ ya [[EN]]fire[[/EN]] n'oyibo,afriswitch-igbo-000795-_HOK6-UD84o_chunk_1488928-1493372_107--packet-loss-3pct,_HOK6,natural-afriswitch,5
audio/robustness/afriswitch-igbo-000798-MXXlxkuCRjM_chunk_2071728-2078816_234--pstn-mulaw.wav,1e5bf8a3900a90d45acd76d5d9da55af90f0c4951c23848af2b06e0e3ec46351,41.18000030517578,pstn-mulaw,7.0879998207092285,Igbo-English,"Obukwa na ichoro e send m extra money, as onye si nga, as nwa nga tara afufu","Obukwa na ichoro [[EN]]e send m extra money, as[[/EN]] onye si nga, [[EN]]as[[/EN]] nwa nga tara afufu",afriswitch-igbo-000798-MXXlxkuCRjM_chunk_2071728-2078816_234--pstn-mulaw,MXXlxkuCRjM_chunk,natural-afriswitch,4
audio/robustness/afriswitch-igbo-000798-MXXlxkuCRjM_chunk_2071728-2078816_234--noise-10db.wav,005d69903d16c13ea98fdbd92e4365093a94c415783595ec1055dab40516e721,41.18000030517578,noise-10db,7.0879998207092285,Igbo-English,"Obukwa na ichoro e send m extra money, as onye si nga, as nwa nga tara afufu","Obukwa na ichoro [[EN]]e send m extra money, as[[/EN]] onye si nga, [[EN]]as[[/EN]] nwa nga tara afufu",afriswitch-igbo-000798-MXXlxkuCRjM_chunk_2071728-2078816_234--noise-10db,MXXlxkuCRjM_chunk,natural-afriswitch,4
audio/robustness/afriswitch-igbo-000798-MXXlxkuCRjM_chunk_2071728-2078816_234--packet-loss-3pct.wav,6be040ab19da9e04dfc2a6fdd92b0a97a5f6df2096f70947f87dc3e52ecb7fc1,41.18000030517578,packet-loss-3pct,7.0879998207092285,Igbo-English,"Obukwa na ichoro e send m extra money, as onye si nga, as nwa nga tara afufu","Obukwa na ichoro [[EN]]e send m extra money, as[[/EN]] onye si nga, [[EN]]as[[/EN]] nwa nga tara afufu",afriswitch-igbo-000798-MXXlxkuCRjM_chunk_2071728-2078816_234--packet-loss-3pct,MXXlxkuCRjM_chunk,natural-afriswitch,4
audio/robustness/afriswitch-igbo-000799-IBnRwPNILaU_chunk_2576-17824_2--pstn-mulaw.wav,12deda4216b1014239c7b1a627cf4be5f29d660838c55880ba1e1f8a3151c5b8,17.649999618530273,pstn-mulaw,15.248000144958496,Igbo-English,Tta any kara sentral squul d n'ime obodo etiti obela gu mana a nke d n'okpuru chch ezigo d n'ime Enugwu steeti any gara zute maka any maka na ha mere mmemme gradu ha,Tta [[EN]]any[[/EN]] kara [[EN]]sentral squul[[/EN]] d n'ime obodo etiti obela gu mana a nke d n'okpuru chch ezigo d [[EN]]n'ime[[/EN]] Enugwu steeti [[EN]]any[[/EN]] gara zute maka [[EN]]any[[/EN]] maka na ha mere mmemme gradu ha,afriswitch-igbo-000799-IBnRwPNILaU_chunk_2576-17824_2--pstn-mulaw,IBnRwPNILaU_chunk,natural-afriswitch,10
audio/robustness/afriswitch-igbo-000799-IBnRwPNILaU_chunk_2576-17824_2--noise-10db.wav,d5717d7c8e8dc2df491a9a690450c60d68021a98be320ec39b36fa8dd0674a09,17.649999618530273,noise-10db,15.248000144958496,Igbo-English,Tta any kara sentral squul d n'ime obodo etiti obela gu mana a nke d n'okpuru chch ezigo d n'ime Enugwu steeti any gara zute maka any maka na ha mere mmemme gradu ha,Tta [[EN]]any[[/EN]] kara [[EN]]sentral squul[[/EN]] d n'ime obodo etiti obela gu mana a nke d n'okpuru chch ezigo d [[EN]]n'ime[[/EN]] Enugwu steeti [[EN]]any[[/EN]] gara zute maka [[EN]]any[[/EN]] maka na ha mere mmemme gradu ha,afriswitch-igbo-000799-IBnRwPNILaU_chunk_2576-17824_2--noise-10db,IBnRwPNILaU_chunk,natural-afriswitch,10
audio/robustness/afriswitch-igbo-000799-IBnRwPNILaU_chunk_2576-17824_2--packet-loss-3pct.wav,5e037ed8e55927a2aed50e3495d5959ee200b7847823e917357f9b7cea79e3ee,17.649999618530273,packet-loss-3pct,15.248000144958496,Igbo-English,Tta any kara sentral squul d n'ime obodo etiti obela gu mana a nke d n'okpuru chch ezigo d n'ime Enugwu steeti any gara zute maka any maka na ha mere mmemme gradu ha,Tta [[EN]]any[[/EN]] kara [[EN]]sentral squul[[/EN]] d n'ime obodo etiti obela gu mana a nke d n'okpuru chch ezigo d [[EN]]n'ime[[/EN]] Enugwu steeti [[EN]]any[[/EN]] gara zute maka [[EN]]any[[/EN]] maka na ha mere mmemme gradu ha,afriswitch-igbo-000799-IBnRwPNILaU_chunk_2576-17824_2--packet-loss-3pct,IBnRwPNILaU_chunk,natural-afriswitch,10
audio/robustness/afriswitch-igbo-000807-9ZzG01BG_6o_chunk_310628-322300_36--pstn-mulaw.wav,68e33b3432560ec06a2c235b0963f8021852308834e232bc6e8e85cbd2b349ab,50.0,pstn-mulaw,13.312000274658203,Igbo-English,What are you doing? We are listening to music. Kedu ihe unu na eme? Anyi na ege egwu.,[[EN]]What are you doing? We are listening to music.[[/EN]] Kedu ihe unu na eme? Anyi na ege egwu.,afriswitch-igbo-000807-9ZzG01BG_6o_chunk_310628-322300_36--pstn-mulaw,9ZzG01BG_6o,natural-afriswitch,1
audio/robustness/afriswitch-igbo-000807-9ZzG01BG_6o_chunk_310628-322300_36--noise-10db.wav,eb68cccbb800cf58808245f4abab80a25811b32019563408363e46cad9a3b288,50.0,noise-10db,13.312000274658203,Igbo-English,What are you doing? We are listening to music. Kedu ihe unu na eme? Anyi na ege egwu.,[[EN]]What are you doing? We are listening to music.[[/EN]] Kedu ihe unu na eme? Anyi na ege egwu.,afriswitch-igbo-000807-9ZzG01BG_6o_chunk_310628-322300_36--noise-10db,9ZzG01BG_6o,natural-afriswitch,1
audio/robustness/afriswitch-igbo-000807-9ZzG01BG_6o_chunk_310628-322300_36--packet-loss-3pct.wav,c3e4d110c19ebacd34ebd4941122d0d5dd4cc9210c187274f5c1e97aa7780835,50.0,packet-loss-3pct,13.312000274658203,Igbo-English,What are you doing? We are listening to music. Kedu ihe unu na eme? Anyi na ege egwu.,[[EN]]What are you doing? We are listening to music.[[/EN]] Kedu ihe unu na eme? Anyi na ege egwu.,afriswitch-igbo-000807-9ZzG01BG_6o_chunk_310628-322300_36--packet-loss-3pct,9ZzG01BG_6o,natural-afriswitch,1
audio/robustness/afriswitch-igbo-000829-oJ8BVNATnhM_chunk_571396-575744_65--pstn-mulaw.wav,ae4fa757fdcefecda4829639c62fad61c55e287bfea970bf3f26d9cb236f3334,41.66999816894531,pstn-mulaw,4.3480000495910645,Igbo-English,it's not ibiazi na villages ịhụ ka a na-emegide mmadụ maka na,[[EN]]it's not[[/EN]] ibiazi na [[EN]]villages[[/EN]] ịhụ ka [[EN]]a na-emegide[[/EN]] mmadụ maka na,afriswitch-igbo-000829-oJ8BVNATnhM_chunk_571396-575744_65--pstn-mulaw,oJ8BVNATnhM_chunk,natural-afriswitch,5
audio/robustness/afriswitch-igbo-000829-oJ8BVNATnhM_chunk_571396-575744_65--noise-10db.wav,68b5e6792e46d2590e80dfbca509fd73c0c4b260ff6df8df6e02cdd8b17809d4,41.66999816894531,noise-10db,4.3480000495910645,Igbo-English,it's not ibiazi na villages ịhụ ka a na-emegide mmadụ maka na,[[EN]]it's not[[/EN]] ibiazi na [[EN]]villages[[/EN]] ịhụ ka [[EN]]a na-emegide[[/EN]] mmadụ maka na,afriswitch-igbo-000829-oJ8BVNATnhM_chunk_571396-575744_65--noise-10db,oJ8BVNATnhM_chunk,natural-afriswitch,5
audio/robustness/afriswitch-igbo-000829-oJ8BVNATnhM_chunk_571396-575744_65--packet-loss-3pct.wav,85c81f1145167b6fa57efb12f991cb789ce628b32ca38eeb46658ff51776d55a,41.66999816894531,packet-loss-3pct,4.3480000495910645,Igbo-English,it's not ibiazi na villages ịhụ ka a na-emegide mmadụ maka na,[[EN]]it's not[[/EN]] ibiazi na [[EN]]villages[[/EN]] ịhụ ka [[EN]]a na-emegide[[/EN]] mmadụ maka na,afriswitch-igbo-000829-oJ8BVNATnhM_chunk_571396-575744_65--packet-loss-3pct,oJ8BVNATnhM_chunk,natural-afriswitch,5
audio/robustness/afriswitch-igbo-000833-DqEmk35fIXg_chunk_217072-242080_17--pstn-mulaw.wav,2d5f1bf481b9340d9af295505cd27291b897afebf6d6fdc9283d20182f37a4fc,45.45000076293945,pstn-mulaw,13.640000343322754,Igbo-English,"Mmiri, ñuo Example; I am big, adi m nnukwu, adi m","Mmiri, ñuo [[EN]]Example; I am big,[[/EN]] adi [[EN]]m[[/EN]] nnukwu, adi [[EN]]m[[/EN]]",afriswitch-igbo-000833-DqEmk35fIXg_chunk_217072-242080_17--pstn-mulaw,DqEmk35fIXg_chunk,natural-afriswitch,5
audio/robustness/afriswitch-igbo-000833-DqEmk35fIXg_chunk_217072-242080_17--noise-10db.wav,db75eb39591de19bc0f107254f6a390720ff4800f6d5e9820fa4f02047a9d95f,45.45000076293945,noise-10db,13.640000343322754,Igbo-English,"Mmiri, ñuo Example; I am big, adi m nnukwu, adi m","Mmiri, ñuo [[EN]]Example; I am big,[[/EN]] adi [[EN]]m[[/EN]] nnukwu, adi [[EN]]m[[/EN]]",afriswitch-igbo-000833-DqEmk35fIXg_chunk_217072-242080_17--noise-10db,DqEmk35fIXg_chunk,natural-afriswitch,5
audio/robustness/afriswitch-igbo-000833-DqEmk35fIXg_chunk_217072-242080_17--packet-loss-3pct.wav,9f3186ff74e29b926b3945dc3b08596f3e8c03e93cddb0c28f1243e7b45198ed,45.45000076293945,packet-loss-3pct,13.640000343322754,Igbo-English,"Mmiri, ñuo Example; I am big, adi m nnukwu, adi m","Mmiri, ñuo [[EN]]Example; I am big,[[/EN]] adi [[EN]]m[[/EN]] nnukwu, adi [[EN]]m[[/EN]]",afriswitch-igbo-000833-DqEmk35fIXg_chunk_217072-242080_17--packet-loss-3pct,DqEmk35fIXg_chunk,natural-afriswitch,5
audio/robustness/afriswitch-igbo-000842-NsQDmdHr6Bc_chunk_186624-193952_21--pstn-mulaw.wav,2549dc3fd0b36eecdd7c2cb18454bb3b86714a6e53f9bfedd7fe78283c68a7e3,18.18000030517578,pstn-mulaw,7.328000068664551,Igbo-English,"bosi akpolu crusade a, onwelu onye afulu? Ma o bu ndi no n'Enugwu ma o ndi Enugwu chapter, onwelo onye afuru, ighotago?","bosi akpolu [[EN]]crusade[[/EN]] a, onwelu onye afulu? Ma o bu ndi [[EN]]no n'Enugwu[[/EN]] ma o ndi Enugwu [[EN]]chapter,[[/EN]] onwelo onye afuru, ighotago?",afriswitch-igbo-000842-NsQDmdHr6Bc_chunk_186624-193952_21--pstn-mulaw,NsQDmdHr6Bc_chunk,natural-afriswitch,6
audio/robustness/afriswitch-igbo-000842-NsQDmdHr6Bc_chunk_186624-193952_21--noise-10db.wav,55776bd4de2bfacb399049e2476bacd8e4d81220ff85330fd5510d8cf60c14a3,18.18000030517578,noise-10db,7.328000068664551,Igbo-English,"bosi akpolu crusade a, onwelu onye afulu? Ma o bu ndi no n'Enugwu ma o ndi Enugwu chapter, onwelo onye afuru, ighotago?","bosi akpolu [[EN]]crusade[[/EN]] a, onwelu onye afulu? Ma o bu ndi [[EN]]no n'Enugwu[[/EN]] ma o ndi Enugwu [[EN]]chapter,[[/EN]] onwelo onye afuru, ighotago?",afriswitch-igbo-000842-NsQDmdHr6Bc_chunk_186624-193952_21--noise-10db,NsQDmdHr6Bc_chunk,natural-afriswitch,6
audio/robustness/afriswitch-igbo-000842-NsQDmdHr6Bc_chunk_186624-193952_21--packet-loss-3pct.wav,67110830b2905e708577c70308d8861fc9d72260910b5c33610cff48314335ec,18.18000030517578,packet-loss-3pct,7.328000068664551,Igbo-English,"bosi akpolu crusade a, onwelu onye afulu? Ma o bu ndi no n'Enugwu ma o ndi Enugwu chapter, onwelo onye afuru, ighotago?","bosi akpolu [[EN]]crusade[[/EN]] a, onwelu onye afulu? Ma o bu ndi [[EN]]no n'Enugwu[[/EN]] ma o ndi Enugwu [[EN]]chapter,[[/EN]] onwelo onye afuru, ighotago?",afriswitch-igbo-000842-NsQDmdHr6Bc_chunk_186624-193952_21--packet-loss-3pct,NsQDmdHr6Bc_chunk,natural-afriswitch,6
audio/robustness/afriswitch-igbo-000846-k7ZlslgIySM_chunk_738784-752988_94--pstn-mulaw.wav,bb86acefa84d90759c81edaebc899bcbf69ae5c6babe24203394ccac4b0dc8a0,44.68000030517578,pstn-mulaw,14.463000297546387,Igbo-English,"If na ha amaro na such thing ga eme, Ihe my na agwa gi am giving you history. You should go and check. For ndi na-asi gi na Amerika bata na ha ga ami mmanu gi mee nke ozo, America is not coming to imi mmanu gi","[[EN]]If[[/EN]] na ha amaro na [[EN]]such thing[[/EN]] ga eme, [[EN]]Ihe my[[/EN]] na agwa gi [[EN]]am giving you history. You should go and check. For[[/EN]] ndi na-asi gi na [[EN]]Amerika[[/EN]] bata na ha ga ami mmanu gi mee nke ozo, [[EN]]America is not coming to[[/EN]] imi mmanu gi",afriswitch-igbo-000846-k7ZlslgIySM_chunk_738784-752988_94--pstn-mulaw,k7ZlslgIySM_chunk,natural-afriswitch,11
audio/robustness/afriswitch-igbo-000846-k7ZlslgIySM_chunk_738784-752988_94--noise-10db.wav,90bc236d201106991f5e17497e5f5a58c6049a10271daef4ea2c9d68fd9eac0b,44.68000030517578,noise-10db,14.463000297546387,Igbo-English,"If na ha amaro na such thing ga eme, Ihe my na agwa gi am giving you history. You should go and check. For ndi na-asi gi na Amerika bata na ha ga ami mmanu gi mee nke ozo, America is not coming to imi mmanu gi","[[EN]]If[[/EN]] na ha amaro na [[EN]]such thing[[/EN]] ga eme, [[EN]]Ihe my[[/EN]] na agwa gi [[EN]]am giving you history. You should go and check. For[[/EN]] ndi na-asi gi na [[EN]]Amerika[[/EN]] bata na ha ga ami mmanu gi mee nke ozo, [[EN]]America is not coming to[[/EN]] imi mmanu gi",afriswitch-igbo-000846-k7ZlslgIySM_chunk_738784-752988_94--noise-10db,k7ZlslgIySM_chunk,natural-afriswitch,11
audio/robustness/afriswitch-igbo-000846-k7ZlslgIySM_chunk_738784-752988_94--packet-loss-3pct.wav,88ff37d8e9eaed878832d093e67738ba20794b7e942ca4ae564ea3ac8e5db2fd,44.68000030517578,packet-loss-3pct,14.463000297546387,Igbo-English,"If na ha amaro na such thing ga eme, Ihe my na agwa gi am giving you history. You should go and check. For ndi na-asi gi na Amerika bata na ha ga ami mmanu gi mee nke ozo, America is not coming to imi mmanu gi","[[EN]]If[[/EN]] na ha amaro na [[EN]]such thing[[/EN]] ga eme, [[EN]]Ihe my[[/EN]] na agwa gi [[EN]]am giving you history. You should go and check. For[[/EN]] ndi na-asi gi na [[EN]]Amerika[[/EN]] bata na ha ga ami mmanu gi mee nke ozo, [[EN]]America is not coming to[[/EN]] imi mmanu gi",afriswitch-igbo-000846-k7ZlslgIySM_chunk_738784-752988_94--packet-loss-3pct,k7ZlslgIySM_chunk,natural-afriswitch,11
audio/robustness/afriswitch-igbo-000863-POee7nL19dk_chunk_1942048-1956352_235--pstn-mulaw.wav,8b270e2ad892110dccc84e5f3f02373817a9e1725934f0fa72d1469143e97afa,46.150001525878906,pstn-mulaw,14.303999900817871,Igbo-English,"A na-akụ aka, ee, ife a ọbụrọ aghụghọ, ife a ọbụrọ cheating, with the kind of money government na-eri na-erifutu from Nnewi a. Ebe itinyelu isi ịfụ ndị yo uniform, eburuwo tile na Motor mmadụ, ebutuo wine mmadụ bụ","[[EN]]A[[/EN]] na-akụ aka, ee, [[EN]]ife a[[/EN]] ọbụrọ aghụghọ, [[EN]]ife a[[/EN]] ọbụrọ [[EN]]cheating, with the kind of money government[[/EN]] na-eri na-erifutu [[EN]]from[[/EN]] Nnewi [[EN]]a.[[/EN]] Ebe itinyelu isi ịfụ ndị yo [[EN]]uniform,[[/EN]] eburuwo [[EN]]tile[[/EN]] na [[EN]]Motor[[/EN]] mmadụ, ebutuo [[EN]]wine[[/EN]] mmadụ bụ",afriswitch-igbo-000863-POee7nL19dk_chunk_1942048-1956352_235--pstn-mulaw,POee7nL19dk_chunk,natural-afriswitch,19
audio/robustness/afriswitch-igbo-000863-POee7nL19dk_chunk_1942048-1956352_235--noise-10db.wav,43c494c00460e40d62382c0fd149ef76ffc15c5bc1a32f4de4ae8559728dac21,46.150001525878906,noise-10db,14.303999900817871,Igbo-English,"A na-akụ aka, ee, ife a ọbụrọ aghụghọ, ife a ọbụrọ cheating, with the kind of money government na-eri na-erifutu from Nnewi a. Ebe itinyelu isi ịfụ ndị yo uniform, eburuwo tile na Motor mmadụ, ebutuo wine mmadụ bụ","[[EN]]A[[/EN]] na-akụ aka, ee, [[EN]]ife a[[/EN]] ọbụrọ aghụghọ, [[EN]]ife a[[/EN]] ọbụrọ [[EN]]cheating, with the kind of money government[[/EN]] na-eri na-erifutu [[EN]]from[[/EN]] Nnewi [[EN]]a.[[/EN]] Ebe itinyelu isi ịfụ ndị yo [[EN]]uniform,[[/EN]] eburuwo [[EN]]tile[[/EN]] na [[EN]]Motor[[/EN]] mmadụ, ebutuo [[EN]]wine[[/EN]] mmadụ bụ",afriswitch-igbo-000863-POee7nL19dk_chunk_1942048-1956352_235--noise-10db,POee7nL19dk_chunk,natural-afriswitch,19
audio/robustness/afriswitch-igbo-000863-POee7nL19dk_chunk_1942048-1956352_235--packet-loss-3pct.wav,77ecce7708f4993c6a58c03e7ab9e4bfa3f88e838cf59326045a2a19d8ecd240,46.150001525878906,packet-loss-3pct,14.303999900817871,Igbo-English,"A na-akụ aka, ee, ife a ọbụrọ aghụghọ, ife a ọbụrọ cheating, with the kind of money government na-eri na-erifutu from Nnewi a. Ebe itinyelu isi ịfụ ndị yo uniform, eburuwo tile na Motor mmadụ, ebutuo wine mmadụ bụ","[[EN]]A[[/EN]] na-akụ aka, ee, [[EN]]ife a[[/EN]] ọbụrọ aghụghọ, [[EN]]ife a[[/EN]] ọbụrọ [[EN]]cheating, with the kind of money government[[/EN]] na-eri na-erifutu [[EN]]from[[/EN]] Nnewi [[EN]]a.[[/EN]] Ebe itinyelu isi ịfụ ndị yo [[EN]]uniform,[[/EN]] eburuwo [[EN]]tile[[/EN]] na [[EN]]Motor[[/EN]] mmadụ, ebutuo [[EN]]wine[[/EN]] mmadụ bụ",afriswitch-igbo-000863-POee7nL19dk_chunk_1942048-1956352_235--packet-loss-3pct,POee7nL19dk_chunk,natural-afriswitch,19
audio/robustness/afriswitch-igbo-000880-wJtqrre_SoM_chunk_930832-944448_103--pstn-mulaw.wav,b19d68afd47fbedf5d7255beccc1007fdebda73a86e4748cd89c49e93defd547,29.40999984741211,pstn-mulaw,13.616000175476074,Igbo-English,"Otu otu is 1 then we have otu, otu that is a group or an association so otu","Otu otu [[EN]]is[[/EN]] 1 [[EN]]then we have[[/EN]] otu, otu [[EN]]that is a group or an association so[[/EN]] otu",afriswitch-igbo-000880-wJtqrre_SoM_chunk_930832-944448_103--pstn-mulaw,wJtqrre_SoM,natural-afriswitch,4
audio/robustness/afriswitch-igbo-000880-wJtqrre_SoM_chunk_930832-944448_103--noise-10db.wav,a1727685a2b7873291e8220d4055f9a57e361de939ea1166abe38e2c1a91ccb3,29.40999984741211,noise-10db,13.616000175476074,Igbo-English,"Otu otu is 1 then we have otu, otu that is a group or an association so otu","Otu otu [[EN]]is[[/EN]] 1 [[EN]]then we have[[/EN]] otu, otu [[EN]]that is a group or an association so[[/EN]] otu",afriswitch-igbo-000880-wJtqrre_SoM_chunk_930832-944448_103--noise-10db,wJtqrre_SoM,natural-afriswitch,4
audio/robustness/afriswitch-igbo-000880-wJtqrre_SoM_chunk_930832-944448_103--packet-loss-3pct.wav,848734b2aa65eb73f7d56f855a08a4a1aff08c1eccb8b9f8f46648b064e52fec,29.40999984741211,packet-loss-3pct,13.616000175476074,Igbo-English,"Otu otu is 1 then we have otu, otu that is a group or an association so otu","Otu otu [[EN]]is[[/EN]] 1 [[EN]]then we have[[/EN]] otu, otu [[EN]]that is a group or an association so[[/EN]] otu",afriswitch-igbo-000880-wJtqrre_SoM_chunk_930832-944448_103--packet-loss-3pct,wJtqrre_SoM,natural-afriswitch,4
audio/robustness/afriswitch-igbo-000885-RxbKEQiNYGg_chunk_19072-23712_5--pstn-mulaw.wav,6364a1e2ad24f5f399af0e7993dca9695a4f995a6bf4979b786d57bc6e224ff4,38.459999084472656,pstn-mulaw,4.639999866485596,Igbo-English,"Staff nursery and primary school, nke di na ime ya bu ulo akwukwo","[[EN]]Staff nursery and primary school,[[/EN]] nke di na ime ya bu ulo akwukwo",afriswitch-igbo-000885-RxbKEQiNYGg_chunk_19072-23712_5--pstn-mulaw,RxbKEQiNYGg_chunk,natural-afriswitch,1
audio/robustness/afriswitch-igbo-000885-RxbKEQiNYGg_chunk_19072-23712_5--noise-10db.wav,1355b35a5344e59e6e76064bbcd03504ffb3f1f663b943a9478c6c85823bbe9f,38.459999084472656,noise-10db,4.639999866485596,Igbo-English,"Staff nursery and primary school, nke di na ime ya bu ulo akwukwo","[[EN]]Staff nursery and primary school,[[/EN]] nke di na ime ya bu ulo akwukwo",afriswitch-igbo-000885-RxbKEQiNYGg_chunk_19072-23712_5--noise-10db,RxbKEQiNYGg_chunk,natural-afriswitch,1
audio/robustness/afriswitch-igbo-000885-RxbKEQiNYGg_chunk_19072-23712_5--packet-loss-3pct.wav,677c50ec3b2048b9b1c243a4fa6a22c0cc8a26e7f1ec0d442f5ac9799ab244d8,38.459999084472656,packet-loss-3pct,4.639999866485596,Igbo-English,"Staff nursery and primary school, nke di na ime ya bu ulo akwukwo","[[EN]]Staff nursery and primary school,[[/EN]] nke di na ime ya bu ulo akwukwo",afriswitch-igbo-000885-RxbKEQiNYGg_chunk_19072-23712_5--packet-loss-3pct,RxbKEQiNYGg_chunk,natural-afriswitch,1
audio/robustness/afriswitch-igbo-000887-vkHPQYUvyq4_chunk_214560-223136_33--pstn-mulaw.wav,931a4185382abc0c28beaceb66ef508ffce0ce097e89de311db93a76f18813d0,33.33000183105469,pstn-mulaw,8.576000213623047,Igbo-English,Anyị na-amalite online Igbo school nke ndị Subè Asụsụ Gị Initiative na mkpụrụ ụbọchị itoolu n’ọnwa September afọ 2023.,Anyị [[EN]]na-amalite online Igbo school[[/EN]] nke ndị Subè Asụsụ Gị [[EN]]Initiative[[/EN]] na mkpụrụ ụbọchị itoolu n’ọnwa [[EN]]September[[/EN]] afọ 2023.,afriswitch-igbo-000887-vkHPQYUvyq4_chunk_214560-223136_33--pstn-mulaw,vkHPQYUvyq4_chunk,natural-afriswitch,6
audio/robustness/afriswitch-igbo-000887-vkHPQYUvyq4_chunk_214560-223136_33--noise-10db.wav,3d9814547990158e4e46b191f4d0f4f97ff6d56166a1990ca951fccaa4a194c2,33.33000183105469,noise-10db,8.576000213623047,Igbo-English,Anyị na-amalite online Igbo school nke ndị Subè Asụsụ Gị Initiative na mkpụrụ ụbọchị itoolu n’ọnwa September afọ 2023.,Anyị [[EN]]na-amalite online Igbo school[[/EN]] nke ndị Subè Asụsụ Gị [[EN]]Initiative[[/EN]] na mkpụrụ ụbọchị itoolu n’ọnwa [[EN]]September[[/EN]] afọ 2023.,afriswitch-igbo-000887-vkHPQYUvyq4_chunk_214560-223136_33--noise-10db,vkHPQYUvyq4_chunk,natural-afriswitch,6
audio/robustness/afriswitch-igbo-000887-vkHPQYUvyq4_chunk_214560-223136_33--packet-loss-3pct.wav,d875bd07007b69f21b604c1fed68618b6b369e714b856ef71ba168d21cab4d3e,33.33000183105469,packet-loss-3pct,8.576000213623047,Igbo-English,Anyị na-amalite online Igbo school nke ndị Subè Asụsụ Gị Initiative na mkpụrụ ụbọchị itoolu n’ọnwa September afọ 2023.,Anyị [[EN]]na-amalite online Igbo school[[/EN]] nke ndị Subè Asụsụ Gị [[EN]]Initiative[[/EN]] na mkpụrụ ụbọchị itoolu n’ọnwa [[EN]]September[[/EN]] afọ 2023.,afriswitch-igbo-000887-vkHPQYUvyq4_chunk_214560-223136_33--packet-loss-3pct,vkHPQYUvyq4_chunk,natural-afriswitch,6
audio/robustness/afriswitch-igbo-000938-2W-B2PxkpDU_chunk_594256-605724_60--pstn-mulaw.wav,243f8f4d98f7cc243d4e6d8766f617d622a0c98136f1a1db69e4572ff51ee0ca,21.6200008392334,pstn-mulaw,11.923999786376953,Igbo-English,ana m egbu ndu madu mgbe m soro ofu onye South Africa ye no ebe ya na adina m aka that time m bidoro n ime so akwa n kaka ana agwe ebe ana alo na agba mbam mbam,ana m egbu ndu madu mgbe m soro ofu onye [[EN]]South Africa[[/EN]] ye no ebe ya na adina m aka [[EN]]that time[[/EN]] m bidoro [[EN]]n ime so[[/EN]] akwa [[EN]]n[[/EN]] kaka ana agwe ebe ana alo na agba mbam mbam,afriswitch-igbo-000938-2W-B2PxkpDU_chunk_594256-605724_60--pstn-mulaw,2W_B2PxkpDU,natural-afriswitch,8
audio/robustness/afriswitch-igbo-000938-2W-B2PxkpDU_chunk_594256-605724_60--noise-10db.wav,8e17ccec7403b4019c9ecdcf1c7f61482addea5858cca5742469fa6492057ad0,21.6200008392334,noise-10db,11.923999786376953,Igbo-English,ana m egbu ndu madu mgbe m soro ofu onye South Africa ye no ebe ya na adina m aka that time m bidoro n ime so akwa n kaka ana agwe ebe ana alo na agba mbam mbam,ana m egbu ndu madu mgbe m soro ofu onye [[EN]]South Africa[[/EN]] ye no ebe ya na adina m aka [[EN]]that time[[/EN]] m bidoro [[EN]]n ime so[[/EN]] akwa [[EN]]n[[/EN]] kaka ana agwe ebe ana alo na agba mbam mbam,afriswitch-igbo-000938-2W-B2PxkpDU_chunk_594256-605724_60--noise-10db,2W_B2PxkpDU,natural-afriswitch,8
audio/robustness/afriswitch-igbo-000938-2W-B2PxkpDU_chunk_594256-605724_60--packet-loss-3pct.wav,1a72828e3d03f4a21a29c62884238493d56ccb8c17593a12ac33e62790332dd9,21.6200008392334,packet-loss-3pct,11.923999786376953,Igbo-English,ana m egbu ndu madu mgbe m soro ofu onye South Africa ye no ebe ya na adina m aka that time m bidoro n ime so akwa n kaka ana agwe ebe ana alo na agba mbam mbam,ana m egbu ndu madu mgbe m soro ofu onye [[EN]]South Africa[[/EN]] ye no ebe ya na adina m aka [[EN]]that time[[/EN]] m bidoro [[EN]]n ime so[[/EN]] akwa [[EN]]n[[/EN]] kaka ana agwe ebe ana alo na agba mbam mbam,afriswitch-igbo-000938-2W-B2PxkpDU_chunk_594256-605724_60--packet-loss-3pct,2W_B2PxkpDU,natural-afriswitch,8
audio/robustness/afriswitch-igbo-000987-POee7nL19dk_chunk_3201744-3207040_382--pstn-mulaw.wav,5b77f325276789fc4c0e1ef1907cc58ee97a31773e2c2c9111adc4547ca13224,42.86000061035156,pstn-mulaw,5.296000003814697,Igbo-English,Nee nu state that road di every year anyị ana ata the same afufu,Nee nu [[EN]]state that road[[/EN]] di [[EN]]every year anyị[[/EN]] ana ata [[EN]]the same[[/EN]] afufu,afriswitch-igbo-000987-POee7nL19dk_chunk_3201744-3207040_382--pstn-mulaw,POee7nL19dk_chunk,natural-afriswitch,6
audio/robustness/afriswitch-igbo-000987-POee7nL19dk_chunk_3201744-3207040_382--noise-10db.wav,f69653529183b8ce181ef2fb32dc2e37317e5834f9782b98205f3d00b4a31b5a,42.86000061035156,noise-10db,5.296000003814697,Igbo-English,Nee nu state that road di every year anyị ana ata the same afufu,Nee nu [[EN]]state that road[[/EN]] di [[EN]]every year anyị[[/EN]] ana ata [[EN]]the same[[/EN]] afufu,afriswitch-igbo-000987-POee7nL19dk_chunk_3201744-3207040_382--noise-10db,POee7nL19dk_chunk,natural-afriswitch,6
audio/robustness/afriswitch-igbo-000987-POee7nL19dk_chunk_3201744-3207040_382--packet-loss-3pct.wav,7e299fab8a0584e10f196eb4be6e33702cbefdcb4df1b982bb7186fb6b66e74e,42.86000061035156,packet-loss-3pct,5.296000003814697,Igbo-English,Nee nu state that road di every year anyị ana ata the same afufu,Nee nu [[EN]]state that road[[/EN]] di [[EN]]every year anyị[[/EN]] ana ata [[EN]]the same[[/EN]] afufu,afriswitch-igbo-000987-POee7nL19dk_chunk_3201744-3207040_382--packet-loss-3pct,POee7nL19dk_chunk,natural-afriswitch,6
audio/robustness/afriswitch-igbo-001026-7N_zFjHn32I_chunk_616976-626448_71--pstn-mulaw.wav,0466c778550e35a63fd1496ea0c18028f570e20089b406808bb911971f35d2f9,9.680000305175781,pstn-mulaw,9.472000122070312,Igbo-English,"Ofudu sef aburo members ya. Ofudu just bu ndi huru iberibe unu decide ibia kwue kunu kana agbara tika tika, kedu Ka oga bu ubosi onye a ga emeghe puo onu","Ofudu sef aburo [[EN]]members[[/EN]] ya. Ofudu [[EN]]just[[/EN]] bu ndi huru iberibe unu [[EN]]decide[[/EN]] ibia kwue kunu kana agbara tika tika, kedu Ka oga bu ubosi onye a ga emeghe puo onu",afriswitch-igbo-001026-7N_zFjHn32I_chunk_616976-626448_71--pstn-mulaw,7N_zFjHn32I,natural-afriswitch,6
audio/robustness/afriswitch-igbo-001026-7N_zFjHn32I_chunk_616976-626448_71--noise-10db.wav,99a9281d45e68c0b1438e2fc4a59af5aafdb58de6dc85931012af0212a08052e,9.680000305175781,noise-10db,9.472000122070312,Igbo-English,"Ofudu sef aburo members ya. Ofudu just bu ndi huru iberibe unu decide ibia kwue kunu kana agbara tika tika, kedu Ka oga bu ubosi onye a ga emeghe puo onu","Ofudu sef aburo [[EN]]members[[/EN]] ya. Ofudu [[EN]]just[[/EN]] bu ndi huru iberibe unu [[EN]]decide[[/EN]] ibia kwue kunu kana agbara tika tika, kedu Ka oga bu ubosi onye a ga emeghe puo onu",afriswitch-igbo-001026-7N_zFjHn32I_chunk_616976-626448_71--noise-10db,7N_zFjHn32I,natural-afriswitch,6
audio/robustness/afriswitch-igbo-001026-7N_zFjHn32I_chunk_616976-626448_71--packet-loss-3pct.wav,e812912662f658a7d27512dc0e89cc37d37455ecd06216304e80ccedbca1b00d,9.680000305175781,packet-loss-3pct,9.472000122070312,Igbo-English,"Ofudu sef aburo members ya. Ofudu just bu ndi huru iberibe unu decide ibia kwue kunu kana agbara tika tika, kedu Ka oga bu ubosi onye a ga emeghe puo onu","Ofudu sef aburo [[EN]]members[[/EN]] ya. Ofudu [[EN]]just[[/EN]] bu ndi huru iberibe unu [[EN]]decide[[/EN]] ibia kwue kunu kana agbara tika tika, kedu Ka oga bu ubosi onye a ga emeghe puo onu",afriswitch-igbo-001026-7N_zFjHn32I_chunk_616976-626448_71--packet-loss-3pct,7N_zFjHn32I,natural-afriswitch,6
audio/robustness/afriswitch-igbo-001043-O6If9aEzvvc_chunk_916896-923548_104--pstn-mulaw.wav,8e3b9fc08871f8daaf892a1eb0fd8a7b25d27e8f007c3edaaa1a674ab16ee005,45.0,pstn-mulaw,6.763000011444092,Igbo-English,"Mgbe ahu o tiri m na most wanted list, m mee my own, tinye ya. But I ignore these things","[[EN]]Mgbe[[/EN]] ahu o tiri m na [[EN]]most wanted list,[[/EN]] m mee [[EN]]my own,[[/EN]] tinye ya. [[EN]]But I ignore these things[[/EN]]",afriswitch-igbo-001043-O6If9aEzvvc_chunk_916896-923548_104--pstn-mulaw,O6If9aEzvvc_chunk,natural-afriswitch,6
audio/robustness/afriswitch-igbo-001043-O6If9aEzvvc_chunk_916896-923548_104--noise-10db.wav,4f3721af6d14933edc30025f3372fac52b276056cad4eab5ba3e4814f73ff132,45.0,noise-10db,6.763000011444092,Igbo-English,"Mgbe ahu o tiri m na most wanted list, m mee my own, tinye ya. But I ignore these things","[[EN]]Mgbe[[/EN]] ahu o tiri m na [[EN]]most wanted list,[[/EN]] m mee [[EN]]my own,[[/EN]] tinye ya. [[EN]]But I ignore these things[[/EN]]",afriswitch-igbo-001043-O6If9aEzvvc_chunk_916896-923548_104--noise-10db,O6If9aEzvvc_chunk,natural-afriswitch,6
audio/robustness/afriswitch-igbo-001043-O6If9aEzvvc_chunk_916896-923548_104--packet-loss-3pct.wav,772a1eb020c3ff17916f351ad61c8473707d55e36e8302ae6d1056f52971793e,45.0,packet-loss-3pct,6.763000011444092,Igbo-English,"Mgbe ahu o tiri m na most wanted list, m mee my own, tinye ya. But I ignore these things","[[EN]]Mgbe[[/EN]] ahu o tiri m na [[EN]]most wanted list,[[/EN]] m mee [[EN]]my own,[[/EN]] tinye ya. [[EN]]But I ignore these things[[/EN]]",afriswitch-igbo-001043-O6If9aEzvvc_chunk_916896-923548_104--packet-loss-3pct,O6If9aEzvvc_chunk,natural-afriswitch,6
audio/robustness/afriswitch-igbo-001065-MWuTXFRtCs8_chunk_355216-372064_34--pstn-mulaw.wav,e562d45faea4bbbe9d197dc522561821589e44706aa6d36acad3fa9822f4a723,35.290000915527344,pstn-mulaw,16.847999572753906,Igbo-English,"That is it is white, here's a fruit. Gini ka ọ na-acha? Ọ na-acha ododo, ọ na-acha ododo that means","[[EN]]That is it is white, here's a fruit.[[/EN]] Gini ka ọ na-acha? Ọ na-acha ododo, ọ na-acha [[EN]]ododo that means[[/EN]]",afriswitch-igbo-001065-MWuTXFRtCs8_chunk_355216-372064_34--pstn-mulaw,MWuTXFRtCs8_chunk,natural-afriswitch,2
audio/robustness/afriswitch-igbo-001065-MWuTXFRtCs8_chunk_355216-372064_34--noise-10db.wav,7f09e312057c691cc84aff38ca72c0889b6ea051b1a6660e056731d05bf3aecf,35.290000915527344,noise-10db,16.847999572753906,Igbo-English,"That is it is white, here's a fruit. Gini ka ọ na-acha? Ọ na-acha ododo, ọ na-acha ododo that means","[[EN]]That is it is white, here's a fruit.[[/EN]] Gini ka ọ na-acha? Ọ na-acha ododo, ọ na-acha [[EN]]ododo that means[[/EN]]",afriswitch-igbo-001065-MWuTXFRtCs8_chunk_355216-372064_34--noise-10db,MWuTXFRtCs8_chunk,natural-afriswitch,2
audio/robustness/afriswitch-igbo-001065-MWuTXFRtCs8_chunk_355216-372064_34--packet-loss-3pct.wav,b4c0a25301fa4ad447ca023130400de56aefcea22bc161e35c4c276cbf23f310,35.290000915527344,packet-loss-3pct,16.847999572753906,Igbo-English,"That is it is white, here's a fruit. Gini ka ọ na-acha? Ọ na-acha ododo, ọ na-acha ododo that means","[[EN]]That is it is white, here's a fruit.[[/EN]] Gini ka ọ na-acha? Ọ na-acha ododo, ọ na-acha [[EN]]ododo that means[[/EN]]",afriswitch-igbo-001065-MWuTXFRtCs8_chunk_355216-372064_34--packet-loss-3pct,MWuTXFRtCs8_chunk,natural-afriswitch,2
audio/robustness/afriswitch-igbo-001091-_OhWyhG7dpQ_chunk_449840-455968_52--pstn-mulaw.wav,7988fc0881df37bb3a83a184bd8e624261a6721686d0478fa0c167d3c01bce27,20.0,pstn-mulaw,6.127999782562256,Igbo-English,Jee bee nke nwanyi unu na-enye nwanyi ego nwanne unu nwanyi because o di easy nwanyi e tolerate nne ya,Jee bee nke nwanyi unu na-enye nwanyi [[EN]]ego[[/EN]] nwanne unu nwanyi [[EN]]because[[/EN]] o di [[EN]]easy[[/EN]] nwanyi e [[EN]]tolerate[[/EN]] nne ya,afriswitch-igbo-001091-_OhWyhG7dpQ_chunk_449840-455968_52--pstn-mulaw,_OhWyhG7dpQ,natural-afriswitch,8
audio/robustness/afriswitch-igbo-001091-_OhWyhG7dpQ_chunk_449840-455968_52--noise-10db.wav,bd4f628db24b26be186d080ae0115c5ce36a92997affb38afed865cd5c0c673c,20.0,noise-10db,6.127999782562256,Igbo-English,Jee bee nke nwanyi unu na-enye nwanyi ego nwanne unu nwanyi because o di easy nwanyi e tolerate nne ya,Jee bee nke nwanyi unu na-enye nwanyi [[EN]]ego[[/EN]] nwanne unu nwanyi [[EN]]because[[/EN]] o di [[EN]]easy[[/EN]] nwanyi e [[EN]]tolerate[[/EN]] nne ya,afriswitch-igbo-001091-_OhWyhG7dpQ_chunk_449840-455968_52--noise-10db,_OhWyhG7dpQ,natural-afriswitch,8
audio/robustness/afriswitch-igbo-001091-_OhWyhG7dpQ_chunk_449840-455968_52--packet-loss-3pct.wav,964fb75855a8378cdff40b6cd97b1159abed3b7c132a8aae9dec630e26f70679,20.0,packet-loss-3pct,6.127999782562256,Igbo-English,Jee bee nke nwanyi unu na-enye nwanyi ego nwanne unu nwanyi because o di easy nwanyi e tolerate nne ya,Jee bee nke nwanyi unu na-enye nwanyi [[EN]]ego[[/EN]] nwanne unu nwanyi [[EN]]because[[/EN]] o di [[EN]]easy[[/EN]] nwanyi e [[EN]]tolerate[[/EN]] nne ya,afriswitch-igbo-001091-_OhWyhG7dpQ_chunk_449840-455968_52--packet-loss-3pct,_OhWyhG7dpQ,natural-afriswitch,8
audio/robustness/afriswitch-igbo-001096-2W-B2PxkpDU_chunk_3896768-3906544_448--pstn-mulaw.wav,f4511aa1615871c89499768e9ca43c40dd011819056fe806034e892e0239990d,16.1299991607666,pstn-mulaw,9.776000022888184,Igbo-English,Ebe a na-enelecha unu eme government esi n'azu kpo the girl si ya ọ maka ụgwọ a iji ya oburu onye ijiro ụgwọ chacha fa akpọ ya si ya onwere problem ọ needi,Ebe a na-enelecha unu eme [[EN]]government[[/EN]] esi n'azu kpo [[EN]]the girl[[/EN]] si ya ọ maka ụgwọ a iji ya oburu onye ijiro ụgwọ chacha fa akpọ ya si ya [[EN]]onwere problem[[/EN]] ọ needi,afriswitch-igbo-001096-2W-B2PxkpDU_chunk_3896768-3906544_448--pstn-mulaw,2W_B2PxkpDU,natural-afriswitch,6
audio/robustness/afriswitch-igbo-001096-2W-B2PxkpDU_chunk_3896768-3906544_448--noise-10db.wav,4d95b33b56e68b5b95f2f17e5ca2b3731f71e5b1e832e3c7a90bb40ababa06bf,16.1299991607666,noise-10db,9.776000022888184,Igbo-English,Ebe a na-enelecha unu eme government esi n'azu kpo the girl si ya ọ maka ụgwọ a iji ya oburu onye ijiro ụgwọ chacha fa akpọ ya si ya onwere problem ọ needi,Ebe a na-enelecha unu eme [[EN]]government[[/EN]] esi n'azu kpo [[EN]]the girl[[/EN]] si ya ọ maka ụgwọ a iji ya oburu onye ijiro ụgwọ chacha fa akpọ ya si ya [[EN]]onwere problem[[/EN]] ọ needi,afriswitch-igbo-001096-2W-B2PxkpDU_chunk_3896768-3906544_448--noise-10db,2W_B2PxkpDU,natural-afriswitch,6
audio/robustness/afriswitch-igbo-001096-2W-B2PxkpDU_chunk_3896768-3906544_448--packet-loss-3pct.wav,0a874b8de6297c74951a881534a21c8baf15ab24cf09f8146190c54a75ddc214,16.1299991607666,packet-loss-3pct,9.776000022888184,Igbo-English,Ebe a na-enelecha unu eme government esi n'azu kpo the girl si ya ọ maka ụgwọ a iji ya oburu onye ijiro ụgwọ chacha fa akpọ ya si ya onwere problem ọ needi,Ebe a na-enelecha unu eme [[EN]]government[[/EN]] esi n'azu kpo [[EN]]the girl[[/EN]] si ya ọ maka ụgwọ a iji ya oburu onye ijiro ụgwọ chacha fa akpọ ya si ya [[EN]]onwere problem[[/EN]] ọ needi,afriswitch-igbo-001096-2W-B2PxkpDU_chunk_3896768-3906544_448--packet-loss-3pct,2W_B2PxkpDU,natural-afriswitch,6
audio/robustness/afriswitch-igbo-001175-9xeSG8SwoNE_chunk_19552-29840_3--pstn-mulaw.wav,fbe6c583d9e3c181af6f282ba5c92c7a492ef5afc571c3709b93fe19002501b2,19.049999237060547,pstn-mulaw,10.288000106811523,Igbo-English,Obubra is called obubra. A na akpo nkea obara ofuu. A na akpo nkea osisi utara ede. Nkea na ado ado,Obubra [[EN]]is called[[/EN]] obubra. [[EN]]A[[/EN]] na akpo nkea obara ofuu. [[EN]]A[[/EN]] na akpo nkea osisi utara ede. Nkea na ado ado,afriswitch-igbo-001175-9xeSG8SwoNE_chunk_19552-29840_3--pstn-mulaw,9xeSG8SwoNE_chunk,natural-afriswitch,6
audio/robustness/afriswitch-igbo-001175-9xeSG8SwoNE_chunk_19552-29840_3--noise-10db.wav,ac1c8b671c896237a9fe18228f84eb05ed0d7f1cb03f0dd593fbb1e9bf909f6a,19.049999237060547,noise-10db,10.288000106811523,Igbo-English,Obubra is called obubra. A na akpo nkea obara ofuu. A na akpo nkea osisi utara ede. Nkea na ado ado,Obubra [[EN]]is called[[/EN]] obubra. [[EN]]A[[/EN]] na akpo nkea obara ofuu. [[EN]]A[[/EN]] na akpo nkea osisi utara ede. Nkea na ado ado,afriswitch-igbo-001175-9xeSG8SwoNE_chunk_19552-29840_3--noise-10db,9xeSG8SwoNE_chunk,natural-afriswitch,6
audio/robustness/afriswitch-igbo-001175-9xeSG8SwoNE_chunk_19552-29840_3--packet-loss-3pct.wav,5f0c735e2f217a61a240c23a1b0d9c8c844d9d6343fbd5aac0d117e075f11352,19.049999237060547,packet-loss-3pct,10.288000106811523,Igbo-English,Obubra is called obubra. A na akpo nkea obara ofuu. A na akpo nkea osisi utara ede. Nkea na ado ado,Obubra [[EN]]is called[[/EN]] obubra. [[EN]]A[[/EN]] na akpo nkea obara ofuu. [[EN]]A[[/EN]] na akpo nkea osisi utara ede. Nkea na ado ado,afriswitch-igbo-001175-9xeSG8SwoNE_chunk_19552-29840_3--packet-loss-3pct,9xeSG8SwoNE_chunk,natural-afriswitch,6
audio/robustness/afriswitch-igbo-001190-MQt6CN5vlDs_chunk_3418096-3435996_375--pstn-mulaw.wav,3f8138a3866e2fc9a1cc1282833712cb92d709ae6eb2192d492b28ec0ec78627,17.649999618530273,pstn-mulaw,6.380000114440918,Igbo-English,what song do you think so someone someone said ugochi mmu onu boy gba gotte elu now,[[EN]]what song do you think so someone someone said[[/EN]] ugochi mmu onu [[EN]]boy gba gotte elu now[[/EN]],afriswitch-igbo-001190-MQt6CN5vlDs_chunk_3418096-3435996_375--pstn-mulaw,MQt6CN5vlDs_chunk,natural-afriswitch,2
audio/robustness/afriswitch-igbo-001190-MQt6CN5vlDs_chunk_3418096-3435996_375--noise-10db.wav,014b60d9412bc1232adc1172748f7a4368e0feb82d4fa4769ea9fe919f57a7bc,17.649999618530273,noise-10db,6.380000114440918,Igbo-English,what song do you think so someone someone said ugochi mmu onu boy gba gotte elu now,[[EN]]what song do you think so someone someone said[[/EN]] ugochi mmu onu [[EN]]boy gba gotte elu now[[/EN]],afriswitch-igbo-001190-MQt6CN5vlDs_chunk_3418096-3435996_375--noise-10db,MQt6CN5vlDs_chunk,natural-afriswitch,2
audio/robustness/afriswitch-igbo-001190-MQt6CN5vlDs_chunk_3418096-3435996_375--packet-loss-3pct.wav,5a7815f06ea3689f864933e57848a283142ab7007c6dce8f3cb036b7e4e03182,17.649999618530273,packet-loss-3pct,6.380000114440918,Igbo-English,what song do you think so someone someone said ugochi mmu onu boy gba gotte elu now,[[EN]]what song do you think so someone someone said[[/EN]] ugochi mmu onu [[EN]]boy gba gotte elu now[[/EN]],afriswitch-igbo-001190-MQt6CN5vlDs_chunk_3418096-3435996_375--packet-loss-3pct,MQt6CN5vlDs_chunk,natural-afriswitch,2
audio/robustness/afriswitch-igbo-001224-fQaNa7GGrB8_chunk_1114532-1125440_106--pstn-mulaw.wav,a946efa2f1f99c8133ebc48f1a99813e2299e5a6ec006e170bbdf8ad8ce0013e,8.0,pstn-mulaw,10.907999992370605,Igbo-English,"Can any of you do that? can any, this religious bigot, idiot and foolish bloggers from the eastern extraction or Nigeria here, majorly ndi Igbo","[[EN]]Can any of you do that? can any, this religious bigot, idiot and foolish bloggers from the eastern extraction or Nigeria here, majorly[[/EN]] ndi Igbo",afriswitch-igbo-001224-fQaNa7GGrB8_chunk_1114532-1125440_106--pstn-mulaw,fQaNa7GGrB8_chunk,natural-afriswitch,1
audio/robustness/afriswitch-igbo-001224-fQaNa7GGrB8_chunk_1114532-1125440_106--noise-10db.wav,ee65a96775158d9602589b93f20f655d253fdc8bfff341a95cda90567ab2a516,8.0,noise-10db,10.907999992370605,Igbo-English,"Can any of you do that? can any, this religious bigot, idiot and foolish bloggers from the eastern extraction or Nigeria here, majorly ndi Igbo","[[EN]]Can any of you do that? can any, this religious bigot, idiot and foolish bloggers from the eastern extraction or Nigeria here, majorly[[/EN]] ndi Igbo",afriswitch-igbo-001224-fQaNa7GGrB8_chunk_1114532-1125440_106--noise-10db,fQaNa7GGrB8_chunk,natural-afriswitch,1
audio/robustness/afriswitch-igbo-001224-fQaNa7GGrB8_chunk_1114532-1125440_106--packet-loss-3pct.wav,e74d4785e2c76c1f853696333378156a16449fccd16b7b0383c73d42ff982ae0,8.0,packet-loss-3pct,10.907999992370605,Igbo-English,"Can any of you do that? can any, this religious bigot, idiot and foolish bloggers from the eastern extraction or Nigeria here, majorly ndi Igbo","[[EN]]Can any of you do that? can any, this religious bigot, idiot and foolish bloggers from the eastern extraction or Nigeria here, majorly[[/EN]] ndi Igbo",afriswitch-igbo-001224-fQaNa7GGrB8_chunk_1114532-1125440_106--packet-loss-3pct,fQaNa7GGrB8_chunk,natural-afriswitch,1
audio/robustness/afriswitch-igbo-001261-gx-neGaedNI_chunk_263440-271984_24--pstn-mulaw.wav,35ce3cc17f6f244e62d767ccf95dff0c7b459d38acfe3507b85ddada1553b266,7.139999866485596,pstn-mulaw,8.543999671936035,Igbo-English,dara ngosi karr ghta Enugwu steeti d profmasi iwu na nwoke nwere ngalaba hi,dara ngosi karr ghta Enugwu steeti d [[EN]]profmasi[[/EN]] iwu na nwoke nwere ngalaba hi,afriswitch-igbo-001261-gx-neGaedNI_chunk_263440-271984_24--pstn-mulaw,gx_neGaedNI,natural-afriswitch,2
audio/robustness/afriswitch-igbo-001261-gx-neGaedNI_chunk_263440-271984_24--noise-10db.wav,7c52139d2998fd56c8e2dfb24f617798db9cf7f73df355595bf20b8e34043ea4,7.139999866485596,noise-10db,8.543999671936035,Igbo-English,dara ngosi karr ghta Enugwu steeti d profmasi iwu na nwoke nwere ngalaba hi,dara ngosi karr ghta Enugwu steeti d [[EN]]profmasi[[/EN]] iwu na nwoke nwere ngalaba hi,afriswitch-igbo-001261-gx-neGaedNI_chunk_263440-271984_24--noise-10db,gx_neGaedNI,natural-afriswitch,2
audio/robustness/afriswitch-igbo-001261-gx-neGaedNI_chunk_263440-271984_24--packet-loss-3pct.wav,299e4833f47169bebab0ae6307bdb774bad62dbf2ac4bf51e2e17738617d548b,7.139999866485596,packet-loss-3pct,8.543999671936035,Igbo-English,dara ngosi karr ghta Enugwu steeti d profmasi iwu na nwoke nwere ngalaba hi,dara ngosi karr ghta Enugwu steeti d [[EN]]profmasi[[/EN]] iwu na nwoke nwere ngalaba hi,afriswitch-igbo-001261-gx-neGaedNI_chunk_263440-271984_24--packet-loss-3pct,gx_neGaedNI,natural-afriswitch,2
audio/robustness/afriswitch-igbo-001296-P-LVtnjfoYI_chunk_3872240-3880224_391--pstn-mulaw.wav,7413e812f4666ded5de209a57b8efb8e47390e884e031d690a208a56cb3362b4,33.33000183105469,pstn-mulaw,7.984000205993652,Igbo-English,"Imaro na onye otu unucha bu, do you know her story? Why can't you mind your business because","Imaro na onye otu unucha bu, [[EN]]do you know her story? Why can't you mind your business because[[/EN]]",afriswitch-igbo-001296-P-LVtnjfoYI_chunk_3872240-3880224_391--pstn-mulaw,P_LVtnjfoYI,natural-afriswitch,1
audio/robustness/afriswitch-igbo-001296-P-LVtnjfoYI_chunk_3872240-3880224_391--noise-10db.wav,1d8a742f2d209994a421082ae6dfb53b77a28e30b49cb1f2bd725e73bf3eca01,33.33000183105469,noise-10db,7.984000205993652,Igbo-English,"Imaro na onye otu unucha bu, do you know her story? Why can't you mind your business because","Imaro na onye otu unucha bu, [[EN]]do you know her story? Why can't you mind your business because[[/EN]]",afriswitch-igbo-001296-P-LVtnjfoYI_chunk_3872240-3880224_391--noise-10db,P_LVtnjfoYI,natural-afriswitch,1
audio/robustness/afriswitch-igbo-001296-P-LVtnjfoYI_chunk_3872240-3880224_391--packet-loss-3pct.wav,eb017b6c5a3fb77a6cdd44b0c4ca7d0bb259698bfeafad504bb6762f6994629b,33.33000183105469,packet-loss-3pct,7.984000205993652,Igbo-English,"Imaro na onye otu unucha bu, do you know her story? Why can't you mind your business because","Imaro na onye otu unucha bu, [[EN]]do you know her story? Why can't you mind your business because[[/EN]]",afriswitch-igbo-001296-P-LVtnjfoYI_chunk_3872240-3880224_391--packet-loss-3pct,P_LVtnjfoYI,natural-afriswitch,1
audio/robustness/afriswitch-igbo-001308-2Et_dsxYCqQ_chunk_85408-92800_11--pstn-mulaw.wav,c28d1fcb734b4a1f359946b7f31187c10afd59cecc8197c858cc4af69207312d,18.75,pstn-mulaw,7.392000198364258,Igbo-English,Ebe ha nr ya n'ass nke ha nr etinye n'ime nke ha mana ebe kpsatara ekele,Ebe ha nr [[EN]]ya n'ass[[/EN]] nke ha nr etinye [[EN]]n'ime[[/EN]] nke ha mana ebe kpsatara ekele,afriswitch-igbo-001308-2Et_dsxYCqQ_chunk_85408-92800_11--pstn-mulaw,2Et_dsxYCqQ,natural-afriswitch,4
audio/robustness/afriswitch-igbo-001308-2Et_dsxYCqQ_chunk_85408-92800_11--noise-10db.wav,24c7936527feac3d978c1260e90533bf7f6eb28035c099ca3e5ad44e36fde4b4,18.75,noise-10db,7.392000198364258,Igbo-English,Ebe ha nr ya n'ass nke ha nr etinye n'ime nke ha mana ebe kpsatara ekele,Ebe ha nr [[EN]]ya n'ass[[/EN]] nke ha nr etinye [[EN]]n'ime[[/EN]] nke ha mana ebe kpsatara ekele,afriswitch-igbo-001308-2Et_dsxYCqQ_chunk_85408-92800_11--noise-10db,2Et_dsxYCqQ,natural-afriswitch,4
audio/robustness/afriswitch-igbo-001308-2Et_dsxYCqQ_chunk_85408-92800_11--packet-loss-3pct.wav,c3c7699b50ffdc946c6fc7a72f730539705393da4e4435ff280d49b802903150,18.75,packet-loss-3pct,7.392000198364258,Igbo-English,Ebe ha nr ya n'ass nke ha nr etinye n'ime nke ha mana ebe kpsatara ekele,Ebe ha nr [[EN]]ya n'ass[[/EN]] nke ha nr etinye [[EN]]n'ime[[/EN]] nke ha mana ebe kpsatara ekele,afriswitch-igbo-001308-2Et_dsxYCqQ_chunk_85408-92800_11--packet-loss-3pct,2Et_dsxYCqQ,natural-afriswitch,4
audio/robustness/afriswitch-igbo-001309-1R5oAsBmofc_chunk_356080-368128_36--pstn-mulaw.wav,6ef82f267c25d606d1ff1df3dc87ab8252b5b0ef4883e6a0c20bf222f0f2a031,38.459999084472656,pstn-mulaw,12.04800033569336,Igbo-English,"From a reliable, from a reliable source. Ana m agwa unu na agwasi unu nike si unu, for you to take me away, for you to","[[EN]]From a reliable, from a reliable source.[[/EN]] Ana m agwa unu na agwasi unu nike si unu, [[EN]]for you to take me away, for you to[[/EN]]",afriswitch-igbo-001309-1R5oAsBmofc_chunk_356080-368128_36--pstn-mulaw,1R5oAsBmofc_chunk,natural-afriswitch,2
audio/robustness/afriswitch-igbo-001309-1R5oAsBmofc_chunk_356080-368128_36--noise-10db.wav,f42fdcdb95ebd0a5ac54692b3d65c26aba6c05f60db0ae8835c45598ec47cae2,38.459999084472656,noise-10db,12.04800033569336,Igbo-English,"From a reliable, from a reliable source. Ana m agwa unu na agwasi unu nike si unu, for you to take me away, for you to","[[EN]]From a reliable, from a reliable source.[[/EN]] Ana m agwa unu na agwasi unu nike si unu, [[EN]]for you to take me away, for you to[[/EN]]",afriswitch-igbo-001309-1R5oAsBmofc_chunk_356080-368128_36--noise-10db,1R5oAsBmofc_chunk,natural-afriswitch,2
audio/robustness/afriswitch-igbo-001309-1R5oAsBmofc_chunk_356080-368128_36--packet-loss-3pct.wav,9c926c36555d671a884569b440662474bec23f2b17794187ed364e8b2c665955,38.459999084472656,packet-loss-3pct,12.04800033569336,Igbo-English,"From a reliable, from a reliable source. Ana m agwa unu na agwasi unu nike si unu, for you to take me away, for you to","[[EN]]From a reliable, from a reliable source.[[/EN]] Ana m agwa unu na agwasi unu nike si unu, [[EN]]for you to take me away, for you to[[/EN]]",afriswitch-igbo-001309-1R5oAsBmofc_chunk_356080-368128_36--packet-loss-3pct,1R5oAsBmofc_chunk,natural-afriswitch,2
audio/robustness/afriswitch-igbo-001350-mcYaoOV2ojI_chunk_834208-848608_104--pstn-mulaw.wav,a163ed7080d0b93b759065155839e0bfe16a4ab94911afdfbc216f21a09c5ce7,8.329999923706055,pstn-mulaw,14.399999618530273,Igbo-English,Iy maka if chemd months daps nst be restd hest be get,[[EN]]Iy[[/EN]] maka [[EN]]if chemd months daps nst be restd hest be get[[/EN]],afriswitch-igbo-001350-mcYaoOV2ojI_chunk_834208-848608_104--pstn-mulaw,mcYaoOV2ojI_chunk,natural-afriswitch,2
audio/robustness/afriswitch-igbo-001350-mcYaoOV2ojI_chunk_834208-848608_104--noise-10db.wav,fb9ab6735af8db0002c0110a9c9a42793086ae8a6f3708d4e8fbddf76dddb198,8.329999923706055,noise-10db,14.399999618530273,Igbo-English,Iy maka if chemd months daps nst be restd hest be get,[[EN]]Iy[[/EN]] maka [[EN]]if chemd months daps nst be restd hest be get[[/EN]],afriswitch-igbo-001350-mcYaoOV2ojI_chunk_834208-848608_104--noise-10db,mcYaoOV2ojI_chunk,natural-afriswitch,2
audio/robustness/afriswitch-igbo-001350-mcYaoOV2ojI_chunk_834208-848608_104--packet-loss-3pct.wav,33b60c8bf344dcdccbbf12049440b357aa0294246e8cd88c5dd4558668ea14fc,8.329999923706055,packet-loss-3pct,14.399999618530273,Igbo-English,Iy maka if chemd months daps nst be restd hest be get,[[EN]]Iy[[/EN]] maka [[EN]]if chemd months daps nst be restd hest be get[[/EN]],afriswitch-igbo-001350-mcYaoOV2ojI_chunk_834208-848608_104--packet-loss-3pct,mcYaoOV2ojI_chunk,natural-afriswitch,2
audio/robustness/afriswitch-igbo-001392-lpiot9T9atE_chunk_477984-494624_49--pstn-mulaw.wav,f14d0e1c9b0179240490b14135958d0d43a9ff1b0cd2b562857f528be99985fb,10.529999732971191,pstn-mulaw,16.639999389648438,Igbo-English,On Twitter. Number 9: suba asusu gi SAG Tv. This channel was started 2 years ago and already has some great contact. One of my favorite videos is their learn how to set the time in Igbo language video. Ojirila,[[EN]]On Twitter. Number[[/EN]] 9: suba asusu gi [[EN]]SAG Tv. This channel was started[[/EN]] 2 [[EN]]years ago and already has some great contact. One of my favorite videos is their learn how to set the time in Igbo language video.[[/EN]] Ojirila,afriswitch-igbo-001392-lpiot9T9atE_chunk_477984-494624_49--pstn-mulaw,lpiot9T9atE_chunk,natural-afriswitch,3
audio/robustness/afriswitch-igbo-001392-lpiot9T9atE_chunk_477984-494624_49--noise-10db.wav,b37d6282c10ed6576b27b78def72e814d4e304b8b62996269aef9bd6425d6757,10.529999732971191,noise-10db,16.639999389648438,Igbo-English,On Twitter. Number 9: suba asusu gi SAG Tv. This channel was started 2 years ago and already has some great contact. One of my favorite videos is their learn how to set the time in Igbo language video. Ojirila,[[EN]]On Twitter. Number[[/EN]] 9: suba asusu gi [[EN]]SAG Tv. This channel was started[[/EN]] 2 [[EN]]years ago and already has some great contact. One of my favorite videos is their learn how to set the time in Igbo language video.[[/EN]] Ojirila,afriswitch-igbo-001392-lpiot9T9atE_chunk_477984-494624_49--noise-10db,lpiot9T9atE_chunk,natural-afriswitch,3
audio/robustness/afriswitch-igbo-001392-lpiot9T9atE_chunk_477984-494624_49--packet-loss-3pct.wav,64e3a20c59f5eb7e046ce93347df894a03dec49d991144725b5e27d3193eec8b,10.529999732971191,packet-loss-3pct,16.639999389648438,Igbo-English,On Twitter. Number 9: suba asusu gi SAG Tv. This channel was started 2 years ago and already has some great contact. One of my favorite videos is their learn how to set the time in Igbo language video. Ojirila,[[EN]]On Twitter. Number[[/EN]] 9: suba asusu gi [[EN]]SAG Tv. This channel was started[[/EN]] 2 [[EN]]years ago and already has some great contact. One of my favorite videos is their learn how to set the time in Igbo language video.[[/EN]] Ojirila,afriswitch-igbo-001392-lpiot9T9atE_chunk_477984-494624_49--packet-loss-3pct,lpiot9T9atE_chunk,natural-afriswitch,3
audio/robustness/afriswitch-igbo-001415-5da10c30d7219987cdf43c035c243d3a_sEgzCpNC--pstn-mulaw.wav,b417d437da7997ab523984fdd5d5df3f5ea1c988794d4ac80624c23294c04c0d,40.0,pstn-mulaw,2.184999942779541,Igbo-English,Kziere nwa g ass Igbo,Kziere nwa [[EN]]g ass Igbo[[/EN]],afriswitch-igbo-001415-5da10c30d7219987cdf43c035c243d3a_sEgzCpNC--pstn-mulaw,5da10c30d7219987cdf43c035c243d3a_sEgzCpNC,natural-afriswitch,1
audio/robustness/afriswitch-igbo-001415-5da10c30d7219987cdf43c035c243d3a_sEgzCpNC--noise-10db.wav,d76408bd639cc13389fe403c6dd593ebfeb68ae84d5f68ee9c54178b78859218,40.0,noise-10db,2.184999942779541,Igbo-English,Kziere nwa g ass Igbo,Kziere nwa [[EN]]g ass Igbo[[/EN]],afriswitch-igbo-001415-5da10c30d7219987cdf43c035c243d3a_sEgzCpNC--noise-10db,5da10c30d7219987cdf43c035c243d3a_sEgzCpNC,natural-afriswitch,1
audio/robustness/afriswitch-igbo-001415-5da10c30d7219987cdf43c035c243d3a_sEgzCpNC--packet-loss-3pct.wav,5e5b2933a8a8d13c7d09a95f61b41a8c5bd96ff52453ff7e2ed2000bdd0c72c3,40.0,packet-loss-3pct,2.184999942779541,Igbo-English,Kziere nwa g ass Igbo,Kziere nwa [[EN]]g ass Igbo[[/EN]],afriswitch-igbo-001415-5da10c30d7219987cdf43c035c243d3a_sEgzCpNC--packet-loss-3pct,5da10c30d7219987cdf43c035c243d3a_sEgzCpNC,natural-afriswitch,1
audio/robustness/afriswitch-igbo-001462-WpzbiXNc3h4_chunk_2715012-2722128_310--pstn-mulaw.wav,6c3eea2a22a65767e1654398f840335fe55a9a83640f78290315c75f7a2717bd,26.09000015258789,pstn-mulaw,7.116000175476074,Igbo-English,"So o ife di iche, ife m na agwa gi now bu ife di iche na Nigerian Christians na ndi christain no ebea","[[EN]]So[[/EN]] o ife di iche, ife m na agwa gi [[EN]]now[[/EN]] bu ife di iche na [[EN]]Nigerian Christians[[/EN]] na ndi [[EN]]christain no[[/EN]] ebea",afriswitch-igbo-001462-WpzbiXNc3h4_chunk_2715012-2722128_310--pstn-mulaw,WpzbiXNc3h4_chunk,natural-afriswitch,7
audio/robustness/afriswitch-igbo-001462-WpzbiXNc3h4_chunk_2715012-2722128_310--noise-10db.wav,0f8e34bb72eb38f7034e02d3bcf476316f771c614896f60e6d84514d767e2e47,26.09000015258789,noise-10db,7.116000175476074,Igbo-English,"So o ife di iche, ife m na agwa gi now bu ife di iche na Nigerian Christians na ndi christain no ebea","[[EN]]So[[/EN]] o ife di iche, ife m na agwa gi [[EN]]now[[/EN]] bu ife di iche na [[EN]]Nigerian Christians[[/EN]] na ndi [[EN]]christain no[[/EN]] ebea",afriswitch-igbo-001462-WpzbiXNc3h4_chunk_2715012-2722128_310--noise-10db,WpzbiXNc3h4_chunk,natural-afriswitch,7
audio/robustness/afriswitch-igbo-001462-WpzbiXNc3h4_chunk_2715012-2722128_310--packet-loss-3pct.wav,424d4e17c538acdfcda6ff8f4defc41cc4f2cec23eeee240c46bc0690ed56016,26.09000015258789,packet-loss-3pct,7.116000175476074,Igbo-English,"So o ife di iche, ife m na agwa gi now bu ife di iche na Nigerian Christians na ndi christain no ebea","[[EN]]So[[/EN]] o ife di iche, ife m na agwa gi [[EN]]now[[/EN]] bu ife di iche na [[EN]]Nigerian Christians[[/EN]] na ndi [[EN]]christain no[[/EN]] ebea",afriswitch-igbo-001462-WpzbiXNc3h4_chunk_2715012-2722128_310--packet-loss-3pct,WpzbiXNc3h4_chunk,natural-afriswitch,7
audio/robustness/afriswitch-igbo-001464-MXXlxkuCRjM_chunk_4278288-4292368_471--pstn-mulaw.wav,bef82fe14a63f43bc7e6e784c47e8a53126c1c643240a7b5ef1aa69ed888b8df,29.6299991607666,pstn-mulaw,14.079999923706055,Igbo-English,"Did you guys change when I was inside, did you all fucking, you bitches change? mad woman, ikpu nne gi wu mad, umu nna gi wu mad","[[EN]]Did you guys change when I was inside, did you all fucking, you bitches change? mad woman,[[/EN]] ikpu nne gi wu [[EN]]mad,[[/EN]] umu nna gi wu [[EN]]mad[[/EN]]",afriswitch-igbo-001464-MXXlxkuCRjM_chunk_4278288-4292368_471--pstn-mulaw,MXXlxkuCRjM_chunk,natural-afriswitch,4
audio/robustness/afriswitch-igbo-001464-MXXlxkuCRjM_chunk_4278288-4292368_471--noise-10db.wav,a3a0e539e392ea244fd779b4b86ad8bce32803fd464d4355466e5781dc76e5f2,29.6299991607666,noise-10db,14.079999923706055,Igbo-English,"Did you guys change when I was inside, did you all fucking, you bitches change? mad woman, ikpu nne gi wu mad, umu nna gi wu mad","[[EN]]Did you guys change when I was inside, did you all fucking, you bitches change? mad woman,[[/EN]] ikpu nne gi wu [[EN]]mad,[[/EN]] umu nna gi wu [[EN]]mad[[/EN]]",afriswitch-igbo-001464-MXXlxkuCRjM_chunk_4278288-4292368_471--noise-10db,MXXlxkuCRjM_chunk,natural-afriswitch,4
audio/robustness/afriswitch-igbo-001464-MXXlxkuCRjM_chunk_4278288-4292368_471--packet-loss-3pct.wav,b461fed63ec239e3d0e852626060230a0dda79d2d51cbca2023a80d765728edc,29.6299991607666,packet-loss-3pct,14.079999923706055,Igbo-English,"Did you guys change when I was inside, did you all fucking, you bitches change? mad woman, ikpu nne gi wu mad, umu nna gi wu mad","[[EN]]Did you guys change when I was inside, did you all fucking, you bitches change? mad woman,[[/EN]] ikpu nne gi wu [[EN]]mad,[[/EN]] umu nna gi wu [[EN]]mad[[/EN]]",afriswitch-igbo-001464-MXXlxkuCRjM_chunk_4278288-4292368_471--packet-loss-3pct,MXXlxkuCRjM_chunk,natural-afriswitch,4
audio/robustness/afriswitch-igbo-001468-slbvlq9gNwM_chunk_194852-210588_23--pstn-mulaw.wav,6b24f2511c7dd07d6ba3a7d2237daf0bd4c7e22b5cbee44ab27da728d4e1e14b,3.569999933242798,pstn-mulaw,16.256000518798828,Igbo-English,Diffusion a wee buzie mgbe ahu ihe ndi akpakotara onu si ebe ahu a kpakotara onu noro na esi ebe gbasa na kusa ma di ole na ole.,[[EN]]Diffusion[[/EN]] a wee buzie mgbe ahu ihe ndi akpakotara onu si ebe ahu a kpakotara onu noro na esi ebe gbasa na kusa ma di ole na ole.,afriswitch-igbo-001468-slbvlq9gNwM_chunk_194852-210588_23--pstn-mulaw,slbvlq9gNwM_chunk,natural-afriswitch,1
audio/robustness/afriswitch-igbo-001468-slbvlq9gNwM_chunk_194852-210588_23--noise-10db.wav,d2a009651ad36fa58856ff127c61526e695c28d16c18eec313851c8579c0ac2f,3.569999933242798,noise-10db,16.256000518798828,Igbo-English,Diffusion a wee buzie mgbe ahu ihe ndi akpakotara onu si ebe ahu a kpakotara onu noro na esi ebe gbasa na kusa ma di ole na ole.,[[EN]]Diffusion[[/EN]] a wee buzie mgbe ahu ihe ndi akpakotara onu si ebe ahu a kpakotara onu noro na esi ebe gbasa na kusa ma di ole na ole.,afriswitch-igbo-001468-slbvlq9gNwM_chunk_194852-210588_23--noise-10db,slbvlq9gNwM_chunk,natural-afriswitch,1
audio/robustness/afriswitch-igbo-001468-slbvlq9gNwM_chunk_194852-210588_23--packet-loss-3pct.wav,0141b15f3713091ad5fdc799dd1a1cead82c1486d821357123c67d70dce876da,3.569999933242798,packet-loss-3pct,16.256000518798828,Igbo-English,Diffusion a wee buzie mgbe ahu ihe ndi akpakotara onu si ebe ahu a kpakotara onu noro na esi ebe gbasa na kusa ma di ole na ole.,[[EN]]Diffusion[[/EN]] a wee buzie mgbe ahu ihe ndi akpakotara onu si ebe ahu a kpakotara onu noro na esi ebe gbasa na kusa ma di ole na ole.,afriswitch-igbo-001468-slbvlq9gNwM_chunk_194852-210588_23--packet-loss-3pct,slbvlq9gNwM_chunk,natural-afriswitch,1
audio/robustness/afriswitch-igbo-001499-YbiCL-E9edE_chunk_966464-980848_109--pstn-mulaw.wav,003796955b167336c2eeb103e6d2d3567a1fe24ece0c03e1022ffc3d99b7855c,21.049999237060547,pstn-mulaw,14.383999824523926,Igbo-English,"Ya buna okwe gi omume,iweputa oge na mbochi iga ebute mgbo odee,bodu,mkpisi odee,marker maobu chalk.Nke obula I were.Ibute ya,idosa","Ya buna okwe gi omume,iweputa oge na mbochi iga ebute mgbo odee,bodu,mkpisi [[EN]]odee,marker[[/EN]] maobu [[EN]]chalk.Nke[[/EN]] obula [[EN]]I were.Ibute[[/EN]] ya,idosa",afriswitch-igbo-001499-YbiCL-E9edE_chunk_966464-980848_109--pstn-mulaw,YbiCL_E9edE,natural-afriswitch,6
audio/robustness/afriswitch-igbo-001499-YbiCL-E9edE_chunk_966464-980848_109--noise-10db.wav,b9c9a08d027447ebf380bf928f9afea65ab329182494486857379e4ad6f5e468,21.049999237060547,noise-10db,14.383999824523926,Igbo-English,"Ya buna okwe gi omume,iweputa oge na mbochi iga ebute mgbo odee,bodu,mkpisi odee,marker maobu chalk.Nke obula I were.Ibute ya,idosa","Ya buna okwe gi omume,iweputa oge na mbochi iga ebute mgbo odee,bodu,mkpisi [[EN]]odee,marker[[/EN]] maobu [[EN]]chalk.Nke[[/EN]] obula [[EN]]I were.Ibute[[/EN]] ya,idosa",afriswitch-igbo-001499-YbiCL-E9edE_chunk_966464-980848_109--noise-10db,YbiCL_E9edE,natural-afriswitch,6
audio/robustness/afriswitch-igbo-001499-YbiCL-E9edE_chunk_966464-980848_109--packet-loss-3pct.wav,7051e2ed6bd15ee0abc298159e8a8d68650da8e9002cc4d3ddca3ec2f0727d5f,21.049999237060547,packet-loss-3pct,14.383999824523926,Igbo-English,"Ya buna okwe gi omume,iweputa oge na mbochi iga ebute mgbo odee,bodu,mkpisi odee,marker maobu chalk.Nke obula I were.Ibute ya,idosa","Ya buna okwe gi omume,iweputa oge na mbochi iga ebute mgbo odee,bodu,mkpisi [[EN]]odee,marker[[/EN]] maobu [[EN]]chalk.Nke[[/EN]] obula [[EN]]I were.Ibute[[/EN]] ya,idosa",afriswitch-igbo-001499-YbiCL-E9edE_chunk_966464-980848_109--packet-loss-3pct,YbiCL_E9edE,natural-afriswitch,6
audio/robustness/afriswitch-igbo-001539-_OhWyhG7dpQ_chunk_640000-649696_76--pstn-mulaw.wav,bec347dfc913cff76fc010f10bc106ae03f05b1b8a767306e1193d94aa1d1e54,21.049999237060547,pstn-mulaw,9.696000099182129,Igbo-English,"Ị ma na movie anyị na-ekiri, Chineke, ị mara na nwoke nwe change movie mu na nwunye ya na-ekiri.","Ị ma na [[EN]]movie[[/EN]] anyị na-ekiri, Chineke, ị mara na nwoke [[EN]]nwe change movie[[/EN]] mu na nwunye ya na-ekiri.",afriswitch-igbo-001539-_OhWyhG7dpQ_chunk_640000-649696_76--pstn-mulaw,_OhWyhG7dpQ,natural-afriswitch,4
audio/robustness/afriswitch-igbo-001539-_OhWyhG7dpQ_chunk_640000-649696_76--noise-10db.wav,8148b648c7e6f210e681d1a5ed4f5865cae0572b8d793087dd811e28f45967b1,21.049999237060547,noise-10db,9.696000099182129,Igbo-English,"Ị ma na movie anyị na-ekiri, Chineke, ị mara na nwoke nwe change movie mu na nwunye ya na-ekiri.","Ị ma na [[EN]]movie[[/EN]] anyị na-ekiri, Chineke, ị mara na nwoke [[EN]]nwe change movie[[/EN]] mu na nwunye ya na-ekiri.",afriswitch-igbo-001539-_OhWyhG7dpQ_chunk_640000-649696_76--noise-10db,_OhWyhG7dpQ,natural-afriswitch,4
audio/robustness/afriswitch-igbo-001539-_OhWyhG7dpQ_chunk_640000-649696_76--packet-loss-3pct.wav,b36c05b5489e2ad5fdfa20d5d2bbfae337e4a2482ae8a1ff66ba22afb7181ce1,21.049999237060547,packet-loss-3pct,9.696000099182129,Igbo-English,"Ị ma na movie anyị na-ekiri, Chineke, ị mara na nwoke nwe change movie mu na nwunye ya na-ekiri.","Ị ma na [[EN]]movie[[/EN]] anyị na-ekiri, Chineke, ị mara na nwoke [[EN]]nwe change movie[[/EN]] mu na nwunye ya na-ekiri.",afriswitch-igbo-001539-_OhWyhG7dpQ_chunk_640000-649696_76--packet-loss-3pct,_OhWyhG7dpQ,natural-afriswitch,4
audio/robustness/afriswitch-igbo-001549-2W-B2PxkpDU_chunk_6260016-6267072_736--pstn-mulaw.wav,f6c154a3f23455b9f48d606185f6c451d2d70da076e9b9d3a10dc4b678c95afe,41.66999816894531,pstn-mulaw,7.056000232696533,Igbo-English,"Tinye 10 tinye 10,000 na account okafor Esther, union bank. Tii 10,000 na account a","Tinye 10 tinye 10,000 na [[EN]]account[[/EN]] okafor [[EN]]Esther, union bank.[[/EN]] Tii 10,000 na [[EN]]account[[/EN]] a",afriswitch-igbo-001549-2W-B2PxkpDU_chunk_6260016-6267072_736--pstn-mulaw,2W_B2PxkpDU,natural-afriswitch,6
audio/robustness/afriswitch-igbo-001549-2W-B2PxkpDU_chunk_6260016-6267072_736--noise-10db.wav,b199944cb8dbfe8fa2e5094e94180fd30ae737bf48ec71fda639b4fbd478d336,41.66999816894531,noise-10db,7.056000232696533,Igbo-English,"Tinye 10 tinye 10,000 na account okafor Esther, union bank. Tii 10,000 na account a","Tinye 10 tinye 10,000 na [[EN]]account[[/EN]] okafor [[EN]]Esther, union bank.[[/EN]] Tii 10,000 na [[EN]]account[[/EN]] a",afriswitch-igbo-001549-2W-B2PxkpDU_chunk_6260016-6267072_736--noise-10db,2W_B2PxkpDU,natural-afriswitch,6
audio/robustness/afriswitch-igbo-001549-2W-B2PxkpDU_chunk_6260016-6267072_736--packet-loss-3pct.wav,ad90dc37db5d625ce30afb823700c3c78b0448106abfe596be9503a7ad187afd,41.66999816894531,packet-loss-3pct,7.056000232696533,Igbo-English,"Tinye 10 tinye 10,000 na account okafor Esther, union bank. Tii 10,000 na account a","Tinye 10 tinye 10,000 na [[EN]]account[[/EN]] okafor [[EN]]Esther, union bank.[[/EN]] Tii 10,000 na [[EN]]account[[/EN]] a",afriswitch-igbo-001549-2W-B2PxkpDU_chunk_6260016-6267072_736--packet-loss-3pct,2W_B2PxkpDU,natural-afriswitch,6
audio/robustness/afriswitch-igbo-001571-roglrYXurYg_chunk_289280-293536_34--pstn-mulaw.wav,fff070938d39288bb98cc6383e01c3f8c54e3449c937a474a450925b78dd4b9a,12.5,pstn-mulaw,4.25600004196167,Igbo-English,Do you take this man to honor to love with your body with nka with nkozo,[[EN]]Do you take this man to honor to love with your body with[[/EN]] nka [[EN]]with[[/EN]] nkozo,afriswitch-igbo-001571-roglrYXurYg_chunk_289280-293536_34--pstn-mulaw,roglrYXurYg_chunk,natural-afriswitch,3
audio/robustness/afriswitch-igbo-001571-roglrYXurYg_chunk_289280-293536_34--noise-10db.wav,2016ba8c48f0876b4741ed874dc18a4f91b1155f58fa88e4a245e3221a27805b,12.5,noise-10db,4.25600004196167,Igbo-English,Do you take this man to honor to love with your body with nka with nkozo,[[EN]]Do you take this man to honor to love with your body with[[/EN]] nka [[EN]]with[[/EN]] nkozo,afriswitch-igbo-001571-roglrYXurYg_chunk_289280-293536_34--noise-10db,roglrYXurYg_chunk,natural-afriswitch,3
audio/robustness/afriswitch-igbo-001571-roglrYXurYg_chunk_289280-293536_34--packet-loss-3pct.wav,c06131af36d2e0597abbede6f013929f4da80a0ade536aba15530b2331ed8e3f,12.5,packet-loss-3pct,4.25600004196167,Igbo-English,Do you take this man to honor to love with your body with nka with nkozo,[[EN]]Do you take this man to honor to love with your body with[[/EN]] nka [[EN]]with[[/EN]] nkozo,afriswitch-igbo-001571-roglrYXurYg_chunk_289280-293536_34--packet-loss-3pct,roglrYXurYg_chunk,natural-afriswitch,3
audio/robustness/afriswitch-igbo-001575-OWD5PHX3IdA_chunk_2845520-2857564_325--pstn-mulaw.wav,ddd6dc54e6508954bffd6707255fe6169f7ce5e9aaf8aac0c8dfe5a7c6957643,25.0,pstn-mulaw,12.055000305175781,Igbo-English,"ịma na i wu nu iwu nu iwu nu utobo, you are hiding behind a fake account, I know you are you are you know exactly what you are doing okay, I know you know exactly what you are doing","ịma na i wu nu iwu nu iwu nu utobo, [[EN]]you are hiding behind a fake account, I know you are you are you know exactly what you are doing okay, I know you know exactly what you are doing[[/EN]]",afriswitch-igbo-001575-OWD5PHX3IdA_chunk_2845520-2857564_325--pstn-mulaw,OWD5PHX3IdA_chunk,natural-afriswitch,1
audio/robustness/afriswitch-igbo-001575-OWD5PHX3IdA_chunk_2845520-2857564_325--noise-10db.wav,5040bec6773d0489af7c80f56d07eb201db663bf2b5764c3625f1582fbbd5194,25.0,noise-10db,12.055000305175781,Igbo-English,"ịma na i wu nu iwu nu iwu nu utobo, you are hiding behind a fake account, I know you are you are you know exactly what you are doing okay, I know you know exactly what you are doing","ịma na i wu nu iwu nu iwu nu utobo, [[EN]]you are hiding behind a fake account, I know you are you are you know exactly what you are doing okay, I know you know exactly what you are doing[[/EN]]",afriswitch-igbo-001575-OWD5PHX3IdA_chunk_2845520-2857564_325--noise-10db,OWD5PHX3IdA_chunk,natural-afriswitch,1
audio/robustness/afriswitch-igbo-001575-OWD5PHX3IdA_chunk_2845520-2857564_325--packet-loss-3pct.wav,827e0b80240773c4bb67a72858ec7d22d86620fde258a3563be446b7e2ed9dd3,25.0,packet-loss-3pct,12.055000305175781,Igbo-English,"ịma na i wu nu iwu nu iwu nu utobo, you are hiding behind a fake account, I know you are you are you know exactly what you are doing okay, I know you know exactly what you are doing","ịma na i wu nu iwu nu iwu nu utobo, [[EN]]you are hiding behind a fake account, I know you are you are you know exactly what you are doing okay, I know you know exactly what you are doing[[/EN]]",afriswitch-igbo-001575-OWD5PHX3IdA_chunk_2845520-2857564_325--packet-loss-3pct,OWD5PHX3IdA_chunk,natural-afriswitch,1
audio/robustness/afriswitch-igbo-001587-CUBrJdmWt8E_chunk_275968-281120_32--pstn-mulaw.wav,5a819ae8e389f3ad2221c20f1bc8dd6ba1805a291b54058e2cb43544636a7eda,33.33000183105469,pstn-mulaw,5.1519999504089355,Igbo-English,Then kedezi ihe iji mee expect na iro na I ga afu mmadu? Nna nwanne,[[EN]]Then[[/EN]] kedezi ihe iji mee [[EN]]expect[[/EN]] na iro na [[EN]]I[[/EN]] ga afu mmadu? [[EN]]Nna nwanne[[/EN]],afriswitch-igbo-001587-CUBrJdmWt8E_chunk_275968-281120_32--pstn-mulaw,CUBrJdmWt8E_chunk,natural-afriswitch,6
audio/robustness/afriswitch-igbo-001587-CUBrJdmWt8E_chunk_275968-281120_32--noise-10db.wav,a24870acf8c9467b2ca456aec5d0e3bc8844c530f1e6374a997d77d00ef5507a,33.33000183105469,noise-10db,5.1519999504089355,Igbo-English,Then kedezi ihe iji mee expect na iro na I ga afu mmadu? Nna nwanne,[[EN]]Then[[/EN]] kedezi ihe iji mee [[EN]]expect[[/EN]] na iro na [[EN]]I[[/EN]] ga afu mmadu? [[EN]]Nna nwanne[[/EN]],afriswitch-igbo-001587-CUBrJdmWt8E_chunk_275968-281120_32--noise-10db,CUBrJdmWt8E_chunk,natural-afriswitch,6
audio/robustness/afriswitch-igbo-001587-CUBrJdmWt8E_chunk_275968-281120_32--packet-loss-3pct.wav,1e3f7b31e4ccc4e5e47b3f5dd069e7f88bbf69cd069e210bb797187ed902331c,33.33000183105469,packet-loss-3pct,5.1519999504089355,Igbo-English,Then kedezi ihe iji mee expect na iro na I ga afu mmadu? Nna nwanne,[[EN]]Then[[/EN]] kedezi ihe iji mee [[EN]]expect[[/EN]] na iro na [[EN]]I[[/EN]] ga afu mmadu? [[EN]]Nna nwanne[[/EN]],afriswitch-igbo-001587-CUBrJdmWt8E_chunk_275968-281120_32--packet-loss-3pct,CUBrJdmWt8E_chunk,natural-afriswitch,6
audio/robustness/afriswitch-igbo-001595-PrqAqZJeL70_chunk_5136580-5148156_579--pstn-mulaw.wav,ba59f7c313e2602715929ffe072c57d3ab7005e979250320608c68c73eb9cf33,10.529999732971191,pstn-mulaw,11.968000411987305,Igbo-English,"are related to duru, who's duru? I don't know. Ite ofe is part of soup but I don't know","[[EN]]are related to[[/EN]] duru, [[EN]]who's[[/EN]] duru? [[EN]]I don't know. Ite ofe is part of soup but I don't know[[/EN]]",afriswitch-igbo-001595-PrqAqZJeL70_chunk_5136580-5148156_579--pstn-mulaw,PrqAqZJeL70_chunk,natural-afriswitch,4
audio/robustness/afriswitch-igbo-001595-PrqAqZJeL70_chunk_5136580-5148156_579--noise-10db.wav,659eb1c7335aca1a52d21a8201742d0094d46d99555b134aab6b504d2a7803e0,10.529999732971191,noise-10db,11.968000411987305,Igbo-English,"are related to duru, who's duru? I don't know. Ite ofe is part of soup but I don't know","[[EN]]are related to[[/EN]] duru, [[EN]]who's[[/EN]] duru? [[EN]]I don't know. Ite ofe is part of soup but I don't know[[/EN]]",afriswitch-igbo-001595-PrqAqZJeL70_chunk_5136580-5148156_579--noise-10db,PrqAqZJeL70_chunk,natural-afriswitch,4
audio/robustness/afriswitch-igbo-001595-PrqAqZJeL70_chunk_5136580-5148156_579--packet-loss-3pct.wav,4ff6d4b067375826c66b1e68a97503605d2e1b54d6d254ff375e05f0ccaf2896,10.529999732971191,packet-loss-3pct,11.968000411987305,Igbo-English,"are related to duru, who's duru? I don't know. Ite ofe is part of soup but I don't know","[[EN]]are related to[[/EN]] duru, [[EN]]who's[[/EN]] duru? [[EN]]I don't know. Ite ofe is part of soup but I don't know[[/EN]]",afriswitch-igbo-001595-PrqAqZJeL70_chunk_5136580-5148156_579--packet-loss-3pct,PrqAqZJeL70_chunk,natural-afriswitch,4
audio/robustness/afriswitch-igbo-001603-0-qTZ4jpyqw_chunk_111648-112956_13--pstn-mulaw.wav,601fab8b37c80521c5578270ff13a724bebadb78d869752d77ac239047b29dec,33.33000183105469,pstn-mulaw,4.09099817276001,Igbo-English,Ebe a grape,Ebe a [[EN]]grape[[/EN]],afriswitch-igbo-001603-0-qTZ4jpyqw_chunk_111648-112956_13--pstn-mulaw,0_qTZ4jpyqw,natural-afriswitch,1
audio/robustness/afriswitch-igbo-001603-0-qTZ4jpyqw_chunk_111648-112956_13--noise-10db.wav,670bd59103392c3c7f0765716017a7935a9f48ef56441ce8c6d9641588cab2da,33.33000183105469,noise-10db,4.09099817276001,Igbo-English,Ebe a grape,Ebe a [[EN]]grape[[/EN]],afriswitch-igbo-001603-0-qTZ4jpyqw_chunk_111648-112956_13--noise-10db,0_qTZ4jpyqw,natural-afriswitch,1
audio/robustness/afriswitch-igbo-001603-0-qTZ4jpyqw_chunk_111648-112956_13--packet-loss-3pct.wav,af390765ac9cf6f8135bbba306b594950d656f60586265b018b10f2186f7650b,33.33000183105469,packet-loss-3pct,4.09099817276001,Igbo-English,Ebe a grape,Ebe a [[EN]]grape[[/EN]],afriswitch-igbo-001603-0-qTZ4jpyqw_chunk_111648-112956_13--packet-loss-3pct,0_qTZ4jpyqw,natural-afriswitch,1
audio/robustness/afriswitch-igbo-001652-GasKqmjkKZw_chunk_948160-966972_33--pstn-mulaw.wav,d185d3c27e493ad1c53dd64b69104a623c458038e67956e00c67b6d1bcd07149,28.56999969482422,pstn-mulaw,12.603967666625977,Igbo-English,kwa nla ass na-as izite ka elele,kwa nla [[EN]]ass na-as[[/EN]] izite ka elele,afriswitch-igbo-001652-GasKqmjkKZw_chunk_948160-966972_33--pstn-mulaw,GasKqmjkKZw_chunk,natural-afriswitch,2
audio/robustness/afriswitch-igbo-001652-GasKqmjkKZw_chunk_948160-966972_33--noise-10db.wav,8047d8832f316e3f1579ffacb8b10b907f61aad23432e59c6f3e85f2e6c81baf,28.56999969482422,noise-10db,12.603967666625977,Igbo-English,kwa nla ass na-as izite ka elele,kwa nla [[EN]]ass na-as[[/EN]] izite ka elele,afriswitch-igbo-001652-GasKqmjkKZw_chunk_948160-966972_33--noise-10db,GasKqmjkKZw_chunk,natural-afriswitch,2
audio/robustness/afriswitch-igbo-001652-GasKqmjkKZw_chunk_948160-966972_33--packet-loss-3pct.wav,f33881585e29dc9cb341d5f5afc28ec74c27aa702bcff6bef7918d3e6e633948,28.56999969482422,packet-loss-3pct,12.603967666625977,Igbo-English,kwa nla ass na-as izite ka elele,kwa nla [[EN]]ass na-as[[/EN]] izite ka elele,afriswitch-igbo-001652-GasKqmjkKZw_chunk_948160-966972_33--packet-loss-3pct,GasKqmjkKZw_chunk,natural-afriswitch,2
audio/robustness/afriswitch-igbo-001665-W5Y21IkT_ig_chunk_11396-18300_4--pstn-mulaw.wav,ab8e44b8ffcde07d22ce7dda7a1a3b7eda6c1e9b55e47d50f1c58465676d666e,50.0,pstn-mulaw,6.974013805389404,Igbo-English,ikike a na-esitekwanu n'd r ubi any n'ar,ikike a na-esitekwanu [[EN]]n'd r[[/EN]] ubi [[EN]]any n'ar[[/EN]],afriswitch-igbo-001665-W5Y21IkT_ig_chunk_11396-18300_4--pstn-mulaw,W5Y21IkT_ig,natural-afriswitch,3
audio/robustness/afriswitch-igbo-001665-W5Y21IkT_ig_chunk_11396-18300_4--noise-10db.wav,fdd9f94371bf9cd2aeeb39c29377c7c6522e6ba379796d58855c5c55cecdf30d,50.0,noise-10db,6.974013805389404,Igbo-English,ikike a na-esitekwanu n'd r ubi any n'ar,ikike a na-esitekwanu [[EN]]n'd r[[/EN]] ubi [[EN]]any n'ar[[/EN]],afriswitch-igbo-001665-W5Y21IkT_ig_chunk_11396-18300_4--noise-10db,W5Y21IkT_ig,natural-afriswitch,3
audio/robustness/afriswitch-igbo-001665-W5Y21IkT_ig_chunk_11396-18300_4--packet-loss-3pct.wav,2b4945f2c269a104d02e85ed0a7c47aeca0e5e373021b2a086cf094bb2bf6a7a,50.0,packet-loss-3pct,6.974013805389404,Igbo-English,ikike a na-esitekwanu n'd r ubi any n'ar,ikike a na-esitekwanu [[EN]]n'd r[[/EN]] ubi [[EN]]any n'ar[[/EN]],afriswitch-igbo-001665-W5Y21IkT_ig_chunk_11396-18300_4--packet-loss-3pct,W5Y21IkT_ig,natural-afriswitch,3
audio/robustness/afriswitch-igbo-001696-_HOK6-UD84o_chunk_3189392-3204828_229--pstn-mulaw.wav,98434e084202510de8db1e35cfb1433a7579083e8e2f59cf2178090f391e5edd,44.439998626708984,pstn-mulaw,16.34000015258789,Igbo-English,ture m l tupu any na-agba ya n'oyibote tupu,[[EN]]ture m l[[/EN]] tupu [[EN]]any[[/EN]] na-agba ya n'oyibote tupu,afriswitch-igbo-001696-_HOK6-UD84o_chunk_3189392-3204828_229--pstn-mulaw,_HOK6,natural-afriswitch,3
audio/robustness/afriswitch-igbo-001696-_HOK6-UD84o_chunk_3189392-3204828_229--noise-10db.wav,cf0e40e171c17337591277161ee7bdbb8b033e7b4be357eb78b5ea3260bdbb2d,44.439998626708984,noise-10db,16.34000015258789,Igbo-English,ture m l tupu any na-agba ya n'oyibote tupu,[[EN]]ture m l[[/EN]] tupu [[EN]]any[[/EN]] na-agba ya n'oyibote tupu,afriswitch-igbo-001696-_HOK6-UD84o_chunk_3189392-3204828_229--noise-10db,_HOK6,natural-afriswitch,3
audio/robustness/afriswitch-igbo-001696-_HOK6-UD84o_chunk_3189392-3204828_229--packet-loss-3pct.wav,3c9cf3fedd91a0b1d6e677921f0111a73695f65c9dc7b2445fe62d2b664c806e,44.439998626708984,packet-loss-3pct,16.34000015258789,Igbo-English,ture m l tupu any na-agba ya n'oyibote tupu,[[EN]]ture m l[[/EN]] tupu [[EN]]any[[/EN]] na-agba ya n'oyibote tupu,afriswitch-igbo-001696-_HOK6-UD84o_chunk_3189392-3204828_229--packet-loss-3pct,_HOK6,natural-afriswitch,3
audio/robustness/afriswitch-igbo-001705-pgHv1cJgsYE_chunk_312576-315708_34--pstn-mulaw.wav,6d112c38a2abcb81cf4528816343d0e4dd04358ef3c25ce6c2b1b02ef035245a,42.86000061035156,pstn-mulaw,3.1319949626922607,Igbo-English,Eso ass g na nd nkwadona onyonyo,Eso [[EN]]ass g na nd[[/EN]] nkwadona onyonyo,afriswitch-igbo-001705-pgHv1cJgsYE_chunk_312576-315708_34--pstn-mulaw,pgHv1cJgsYE_chunk,natural-afriswitch,2
audio/robustness/afriswitch-igbo-001705-pgHv1cJgsYE_chunk_312576-315708_34--noise-10db.wav,70aa94401b9bec676ee10037b4b088c8fecd4b2d1a9a0e653e401b08af09ae46,42.86000061035156,noise-10db,3.1319949626922607,Igbo-English,Eso ass g na nd nkwadona onyonyo,Eso [[EN]]ass g na nd[[/EN]] nkwadona onyonyo,afriswitch-igbo-001705-pgHv1cJgsYE_chunk_312576-315708_34--noise-10db,pgHv1cJgsYE_chunk,natural-afriswitch,2
audio/robustness/afriswitch-igbo-001705-pgHv1cJgsYE_chunk_312576-315708_34--packet-loss-3pct.wav,cf7a27e039efb27705284c27a36d1c3e76d3a797fef7364201749350cdee5b60,42.86000061035156,packet-loss-3pct,3.1319949626922607,Igbo-English,Eso ass g na nd nkwadona onyonyo,Eso [[EN]]ass g na nd[[/EN]] nkwadona onyonyo,afriswitch-igbo-001705-pgHv1cJgsYE_chunk_312576-315708_34--packet-loss-3pct,pgHv1cJgsYE_chunk,natural-afriswitch,2
audio/robustness/afriswitch-igbo-001727-EzW0RLDrSY8_chunk_1314992-1330976_54--pstn-mulaw.wav,7953b6549fd0e10707f3584fa1b6c8f364578acad6e15b60374b3623a390ed97,40.0,pstn-mulaw,15.983990669250488,Igbo-English,kpa ka nne zuru ezukwa ebe ago nd be any,kpa ka nne zuru ezukwa ebe [[EN]]ago nd be any[[/EN]],afriswitch-igbo-001727-EzW0RLDrSY8_chunk_1314992-1330976_54--pstn-mulaw,EzW0RLDrSY8_chunk,natural-afriswitch,1
audio/robustness/afriswitch-igbo-001727-EzW0RLDrSY8_chunk_1314992-1330976_54--noise-10db.wav,899df6b935be469a1500c5c6cf46ac16bfab9c04c395660c6feb15a1c8e7ca19,40.0,noise-10db,15.983990669250488,Igbo-English,kpa ka nne zuru ezukwa ebe ago nd be any,kpa ka nne zuru ezukwa ebe [[EN]]ago nd be any[[/EN]],afriswitch-igbo-001727-EzW0RLDrSY8_chunk_1314992-1330976_54--noise-10db,EzW0RLDrSY8_chunk,natural-afriswitch,1
audio/robustness/afriswitch-igbo-001727-EzW0RLDrSY8_chunk_1314992-1330976_54--packet-loss-3pct.wav,3842a6199162dcb113f89a2a83d2fc88a4b36b23990c1a66d7096c9491efa678,40.0,packet-loss-3pct,15.983990669250488,Igbo-English,kpa ka nne zuru ezukwa ebe ago nd be any,kpa ka nne zuru ezukwa ebe [[EN]]ago nd be any[[/EN]],afriswitch-igbo-001727-EzW0RLDrSY8_chunk_1314992-1330976_54--packet-loss-3pct,EzW0RLDrSY8_chunk,natural-afriswitch,1
audio/robustness/afriswitch-igbo-001731-Lej12rkjYlk_chunk_373040-486464_19--pstn-mulaw.wav,84eb37fc301ce16ee5a26063c6d3b378da7bb8be782b457028c427b8d4db2603,38.459999084472656,pstn-mulaw,5.255986213684082,Igbo-English,nyekwuo n'k ka any na eche ka an ad ka any saa kw,nyekwuo [[EN]]n'k[[/EN]] ka [[EN]]any[[/EN]] na eche ka [[EN]]an ad[[/EN]] ka [[EN]]any[[/EN]] saa kw,afriswitch-igbo-001731-Lej12rkjYlk_chunk_373040-486464_19--pstn-mulaw,Lej12rkjYlk_chunk,natural-afriswitch,8
audio/robustness/afriswitch-igbo-001731-Lej12rkjYlk_chunk_373040-486464_19--noise-10db.wav,5589bc902c37b3e84e2491cfabda9f8bf1682c1158d4af5943de4a76e53dcfde,38.459999084472656,noise-10db,5.255986213684082,Igbo-English,nyekwuo n'k ka any na eche ka an ad ka any saa kw,nyekwuo [[EN]]n'k[[/EN]] ka [[EN]]any[[/EN]] na eche ka [[EN]]an ad[[/EN]] ka [[EN]]any[[/EN]] saa kw,afriswitch-igbo-001731-Lej12rkjYlk_chunk_373040-486464_19--noise-10db,Lej12rkjYlk_chunk,natural-afriswitch,8
audio/robustness/afriswitch-igbo-001731-Lej12rkjYlk_chunk_373040-486464_19--packet-loss-3pct.wav,baf03965510325ae8db6422317fc0340e2dfcc7d1de2281c26b5d8770cdedb16,38.459999084472656,packet-loss-3pct,5.255986213684082,Igbo-English,nyekwuo n'k ka any na eche ka an ad ka any saa kw,nyekwuo [[EN]]n'k[[/EN]] ka [[EN]]any[[/EN]] na eche ka [[EN]]an ad[[/EN]] ka [[EN]]any[[/EN]] saa kw,afriswitch-igbo-001731-Lej12rkjYlk_chunk_373040-486464_19--packet-loss-3pct,Lej12rkjYlk_chunk,natural-afriswitch,8
audio/robustness/afriswitch-igbo-001740-kg78a6XZXKI_chunk_80400-89664_12--pstn-mulaw.wav,0e40133c00886607ff58bbd798b528c6479a20530063e9257ece6dec81e014bf,36.84000015258789,pstn-mulaw,9.263991355895996,Igbo-English,otu a ka any ga-esi wee biri ya bugara nd any chptara na ihe nd a d ezigbote mkpa,otu a ka [[EN]]any[[/EN]] ga-esi wee biri ya bugara [[EN]]nd any[[/EN]] chptara na ihe [[EN]]nd a d ezigbote[[/EN]] mkpa,afriswitch-igbo-001740-kg78a6XZXKI_chunk_80400-89664_12--pstn-mulaw,kg78a6XZXKI_chunk,natural-afriswitch,6
audio/robustness/afriswitch-igbo-001740-kg78a6XZXKI_chunk_80400-89664_12--noise-10db.wav,943dd4fd954332c6391ebdf74af978aa21546c1e7150d0b062b51e512a60c03e,36.84000015258789,noise-10db,9.263991355895996,Igbo-English,otu a ka any ga-esi wee biri ya bugara nd any chptara na ihe nd a d ezigbote mkpa,otu a ka [[EN]]any[[/EN]] ga-esi wee biri ya bugara [[EN]]nd any[[/EN]] chptara na ihe [[EN]]nd a d ezigbote[[/EN]] mkpa,afriswitch-igbo-001740-kg78a6XZXKI_chunk_80400-89664_12--noise-10db,kg78a6XZXKI_chunk,natural-afriswitch,6
audio/robustness/afriswitch-igbo-001740-kg78a6XZXKI_chunk_80400-89664_12--packet-loss-3pct.wav,b2a9139c78a810034cbaadb8ae84495169143036b1483c7fec5a353ed716f457,36.84000015258789,packet-loss-3pct,9.263991355895996,Igbo-English,otu a ka any ga-esi wee biri ya bugara nd any chptara na ihe nd a d ezigbote mkpa,otu a ka [[EN]]any[[/EN]] ga-esi wee biri ya bugara [[EN]]nd any[[/EN]] chptara na ihe [[EN]]nd a d ezigbote[[/EN]] mkpa,afriswitch-igbo-001740-kg78a6XZXKI_chunk_80400-89664_12--packet-loss-3pct,kg78a6XZXKI_chunk,natural-afriswitch,6
audio/robustness/afriswitch-igbo-001751-7VpIyJ-8EBY_chunk_12848-27648_3--pstn-mulaw.wav,74c475f06836a02f86164e931b6d03f65c14ae29254cb5c07b1b4b4a4e3a339b,33.33000183105469,pstn-mulaw,14.800000190734863,Igbo-English,gaa ndtion any na-ekene unu maka ihe nrite nke unu nyere any a nabata ya n'obi cha daal na-akwalite ass Igbo dise na ike ass anya mana,[[EN]]gaa ndtion any[[/EN]] na-ekene unu maka ihe [[EN]]nrite[[/EN]] nke unu nyere [[EN]]any a[[/EN]] nabata ya n'obi cha daal [[EN]]na-akwalite ass Igbo[[/EN]] dise na ike ass anya mana,afriswitch-igbo-001751-7VpIyJ-8EBY_chunk_12848-27648_3--pstn-mulaw,7VpIyJ_8EBY,natural-afriswitch,7
audio/robustness/afriswitch-igbo-001751-7VpIyJ-8EBY_chunk_12848-27648_3--noise-10db.wav,66d7cd2c14170c6fee9ab61fff3853dfa948e020e3fb61424c554069c388f495,33.33000183105469,noise-10db,14.800000190734863,Igbo-English,gaa ndtion any na-ekene unu maka ihe nrite nke unu nyere any a nabata ya n'obi cha daal na-akwalite ass Igbo dise na ike ass anya mana,[[EN]]gaa ndtion any[[/EN]] na-ekene unu maka ihe [[EN]]nrite[[/EN]] nke unu nyere [[EN]]any a[[/EN]] nabata ya n'obi cha daal [[EN]]na-akwalite ass Igbo[[/EN]] dise na ike ass anya mana,afriswitch-igbo-001751-7VpIyJ-8EBY_chunk_12848-27648_3--noise-10db,7VpIyJ_8EBY,natural-afriswitch,7
audio/robustness/afriswitch-igbo-001751-7VpIyJ-8EBY_chunk_12848-27648_3--packet-loss-3pct.wav,437a3418b5d9e84719ab8566066d51350a3d4dd06bfefd00717b18001833addf,33.33000183105469,packet-loss-3pct,14.800000190734863,Igbo-English,gaa ndtion any na-ekene unu maka ihe nrite nke unu nyere any a nabata ya n'obi cha daal na-akwalite ass Igbo dise na ike ass anya mana,[[EN]]gaa ndtion any[[/EN]] na-ekene unu maka ihe [[EN]]nrite[[/EN]] nke unu nyere [[EN]]any a[[/EN]] nabata ya n'obi cha daal [[EN]]na-akwalite ass Igbo[[/EN]] dise na ike ass anya mana,afriswitch-igbo-001751-7VpIyJ-8EBY_chunk_12848-27648_3--packet-loss-3pct,7VpIyJ_8EBY,natural-afriswitch,7
audio/robustness/afriswitch-igbo-001765-3d9BBgrtATY_chunk_0-15728_1--pstn-mulaw.wav,9bac3fa66d194083898455675b7af96bcf3b5fcf4df98dc998b742f263b6d2f7,30.770000457763672,pstn-mulaw,15.727981567382812,Igbo-English,rzina ka any n n'oruba bi bi bi n'ad na m na sh,rzina ka [[EN]]any n n'oruba[[/EN]] bi bi bi [[EN]]n'ad[[/EN]] na m na sh,afriswitch-igbo-001765-3d9BBgrtATY_chunk_0-15728_1--pstn-mulaw,3d9BBgrtATY_chunk,natural-afriswitch,4
audio/robustness/afriswitch-igbo-001765-3d9BBgrtATY_chunk_0-15728_1--noise-10db.wav,4c2ed0364aa491dc18222f0b3a5e14699060d5fa1a8b14af8564d79de5dbb84d,30.770000457763672,noise-10db,15.727981567382812,Igbo-English,rzina ka any n n'oruba bi bi bi n'ad na m na sh,rzina ka [[EN]]any n n'oruba[[/EN]] bi bi bi [[EN]]n'ad[[/EN]] na m na sh,afriswitch-igbo-001765-3d9BBgrtATY_chunk_0-15728_1--noise-10db,3d9BBgrtATY_chunk,natural-afriswitch,4
audio/robustness/afriswitch-igbo-001765-3d9BBgrtATY_chunk_0-15728_1--packet-loss-3pct.wav,44a3fa6ad40140f2e8861d5643b387d350af24c7a56c3a545af3766f70560058,30.770000457763672,packet-loss-3pct,15.727981567382812,Igbo-English,rzina ka any n n'oruba bi bi bi n'ad na m na sh,rzina ka [[EN]]any n n'oruba[[/EN]] bi bi bi [[EN]]n'ad[[/EN]] na m na sh,afriswitch-igbo-001765-3d9BBgrtATY_chunk_0-15728_1--packet-loss-3pct,3d9BBgrtATY_chunk,natural-afriswitch,4
audio/robustness/afriswitch-igbo-001789-bdde47c246db454aa035f5d28b472e32_xPpZ1sZA--pstn-mulaw.wav,d1325ea18edd0fffcd4090436bcb8868b1ddc0d4e2292580d788888aa2c61199,27.270000457763672,pstn-mulaw,9.196999549865723,Igbo-English,Tinyekwu n'm n'ihe gbasara nka na ihe niile mere any ji br nd Igbo oge any ga-emekwa ha ka br ihe ga-ad,Tinyekwu [[EN]]n'm n'ihe[[/EN]] gbasara nka na ihe niile mere [[EN]]any[[/EN]] ji br [[EN]]nd Igbo[[/EN]] oge [[EN]]any[[/EN]] ga-emekwa ha ka br ihe ga-ad,afriswitch-igbo-001789-bdde47c246db454aa035f5d28b472e32_xPpZ1sZA--pstn-mulaw,bdde47c246db454aa035f5d28b472e32_xPpZ1sZA,natural-afriswitch,8
audio/robustness/afriswitch-igbo-001789-bdde47c246db454aa035f5d28b472e32_xPpZ1sZA--noise-10db.wav,53dceccc5c833abcfb4eeb712a79fb8d535a43b0b0a4bc5d851c30a648ee2f1a,27.270000457763672,noise-10db,9.196999549865723,Igbo-English,Tinyekwu n'm n'ihe gbasara nka na ihe niile mere any ji br nd Igbo oge any ga-emekwa ha ka br ihe ga-ad,Tinyekwu [[EN]]n'm n'ihe[[/EN]] gbasara nka na ihe niile mere [[EN]]any[[/EN]] ji br [[EN]]nd Igbo[[/EN]] oge [[EN]]any[[/EN]] ga-emekwa ha ka br ihe ga-ad,afriswitch-igbo-001789-bdde47c246db454aa035f5d28b472e32_xPpZ1sZA--noise-10db,bdde47c246db454aa035f5d28b472e32_xPpZ1sZA,natural-afriswitch,8
audio/robustness/afriswitch-igbo-001789-bdde47c246db454aa035f5d28b472e32_xPpZ1sZA--packet-loss-3pct.wav,aa3c0efa6e95766d4ef5df7f3dea8349eb1f93fc316e944a2e33aff33cb9dc8b,27.270000457763672,packet-loss-3pct,9.196999549865723,Igbo-English,Tinyekwu n'm n'ihe gbasara nka na ihe niile mere any ji br nd Igbo oge any ga-emekwa ha ka br ihe ga-ad,Tinyekwu [[EN]]n'm n'ihe[[/EN]] gbasara nka na ihe niile mere [[EN]]any[[/EN]] ji br [[EN]]nd Igbo[[/EN]] oge [[EN]]any[[/EN]] ga-emekwa ha ka br ihe ga-ad,afriswitch-igbo-001789-bdde47c246db454aa035f5d28b472e32_xPpZ1sZA--packet-loss-3pct,bdde47c246db454aa035f5d28b472e32_xPpZ1sZA,natural-afriswitch,8
audio/robustness/afriswitch-igbo-001829-rV0gyiJk91c_chunk_595440-603392_56--pstn-mulaw.wav,9936fd8bcd58785311438d7647adcfdd5b3cd22e785c3b3b122fab07199a3782,22.219999313354492,pstn-mulaw,7.951994895935059,Igbo-English,fd adgh mma ya mere ka any na-ehi n'anya tupu ayara ka ama m na any mtara ihe,[[EN]]fd adgh[[/EN]] mma ya mere ka [[EN]]any[[/EN]] na-ehi n'anya tupu ayara ka ama m na [[EN]]any[[/EN]] mtara ihe,afriswitch-igbo-001829-rV0gyiJk91c_chunk_595440-603392_56--pstn-mulaw,rV0gyiJk91c_chunk,natural-afriswitch,5
audio/robustness/afriswitch-igbo-001829-rV0gyiJk91c_chunk_595440-603392_56--noise-10db.wav,92aa4311045114c27a693181deae1a7fd364a7e1ac521a580ca7f08a29915a1f,22.219999313354492,noise-10db,7.951994895935059,Igbo-English,fd adgh mma ya mere ka any na-ehi n'anya tupu ayara ka ama m na any mtara ihe,[[EN]]fd adgh[[/EN]] mma ya mere ka [[EN]]any[[/EN]] na-ehi n'anya tupu ayara ka ama m na [[EN]]any[[/EN]] mtara ihe,afriswitch-igbo-001829-rV0gyiJk91c_chunk_595440-603392_56--noise-10db,rV0gyiJk91c_chunk,natural-afriswitch,5
audio/robustness/afriswitch-igbo-001829-rV0gyiJk91c_chunk_595440-603392_56--packet-loss-3pct.wav,2af80063a990bf3b0069c1c942f2be7a1f8ae9d62153318b92b99357db2c70f1,22.219999313354492,packet-loss-3pct,7.951994895935059,Igbo-English,fd adgh mma ya mere ka any na-ehi n'anya tupu ayara ka ama m na any mtara ihe,[[EN]]fd adgh[[/EN]] mma ya mere ka [[EN]]any[[/EN]] na-ehi n'anya tupu ayara ka ama m na [[EN]]any[[/EN]] mtara ihe,afriswitch-igbo-001829-rV0gyiJk91c_chunk_595440-603392_56--packet-loss-3pct,rV0gyiJk91c_chunk,natural-afriswitch,5
audio/robustness/afriswitch-pidgin-000005-QarC174FuRo_chunk_1107696-1119536_134--pstn-mulaw.wav,57855452685f27eede6ccac48eef2dcb90f8955e781d79cb113ea6814acfe120,22.729999542236328,pstn-mulaw,11.84000015258789,Pidgin-English,"The truth be say whatever it is you believe in everybody believes in a supernatural force and that's why as a life coach or a psychotherapist we come from from that point of view and know say God, God, God. Yes I be Christian","The truth be say [[EN]]whatever it is you believe in everybody believes in a supernatural force and that's why as a life coach or a psychotherapist we come from from that point of view and[[/EN]] know say [[EN]]God, God, God[[/EN]]. Yes I be Christian",afriswitch-pidgin-000005-QarC174FuRo_chunk_1107696-1119536_134--pstn-mulaw,QarC174FuRo_chunk,natural-afriswitch,4
audio/robustness/afriswitch-pidgin-000005-QarC174FuRo_chunk_1107696-1119536_134--noise-10db.wav,7d36bbd241ee596af62a0c6bc4a6b5ef40a4d654d055166a011b02d74c6af79c,22.729999542236328,noise-10db,11.84000015258789,Pidgin-English,"The truth be say whatever it is you believe in everybody believes in a supernatural force and that's why as a life coach or a psychotherapist we come from from that point of view and know say God, God, God. Yes I be Christian","The truth be say [[EN]]whatever it is you believe in everybody believes in a supernatural force and that's why as a life coach or a psychotherapist we come from from that point of view and[[/EN]] know say [[EN]]God, God, God[[/EN]]. Yes I be Christian",afriswitch-pidgin-000005-QarC174FuRo_chunk_1107696-1119536_134--noise-10db,QarC174FuRo_chunk,natural-afriswitch,4
audio/robustness/afriswitch-pidgin-000005-QarC174FuRo_chunk_1107696-1119536_134--packet-loss-3pct.wav,3a7d577bd8da8571ce821a6110ca232c573fe965b676a1569dfba67e1d53c1a7,22.729999542236328,packet-loss-3pct,11.84000015258789,Pidgin-English,"The truth be say whatever it is you believe in everybody believes in a supernatural force and that's why as a life coach or a psychotherapist we come from from that point of view and know say God, God, God. Yes I be Christian","The truth be say [[EN]]whatever it is you believe in everybody believes in a supernatural force and that's why as a life coach or a psychotherapist we come from from that point of view and[[/EN]] know say [[EN]]God, God, God[[/EN]]. Yes I be Christian",afriswitch-pidgin-000005-QarC174FuRo_chunk_1107696-1119536_134--packet-loss-3pct,QarC174FuRo_chunk,natural-afriswitch,4
audio/robustness/afriswitch-pidgin-000010-L1MCggay07I_chunk_1315184-1330320_118--pstn-mulaw.wav,6bfe0a8f14a1473b55c57b1bf5c781f1bbbca98f98f43d000e657f90b7e0d029,25.530000686645508,pstn-mulaw,15.13599967956543,Pidgin-English,Now we still come out to say no do this so that this will not happen. Do this. That's to tell you how great minded Nigerians are. It gives you something that there's still an human side of the Nigerian people. And I feel that a reappraisal,Now we still come out to say no do this so that [[EN]]this will not happen. Do this. That's to tell you how great minded Nigerians are. It gives you something that there's still an human side of the Nigerian people. And I feel that a reappraisal[[/EN]],afriswitch-pidgin-000010-L1MCggay07I_chunk_1315184-1330320_118--pstn-mulaw,L1MCggay07I_chunk,natural-afriswitch,1
audio/robustness/afriswitch-pidgin-000010-L1MCggay07I_chunk_1315184-1330320_118--noise-10db.wav,3cf1ca7b3be1b3ab5bed0141e55c1bb226ad9a7144af5024f27d8dd9423715a8,25.530000686645508,noise-10db,15.13599967956543,Pidgin-English,Now we still come out to say no do this so that this will not happen. Do this. That's to tell you how great minded Nigerians are. It gives you something that there's still an human side of the Nigerian people. And I feel that a reappraisal,Now we still come out to say no do this so that [[EN]]this will not happen. Do this. That's to tell you how great minded Nigerians are. It gives you something that there's still an human side of the Nigerian people. And I feel that a reappraisal[[/EN]],afriswitch-pidgin-000010-L1MCggay07I_chunk_1315184-1330320_118--noise-10db,L1MCggay07I_chunk,natural-afriswitch,1
audio/robustness/afriswitch-pidgin-000010-L1MCggay07I_chunk_1315184-1330320_118--packet-loss-3pct.wav,ed0f67607ea35c563a8bcc30118aba60e8581046c1e289d669569fac8b2836c3,25.530000686645508,packet-loss-3pct,15.13599967956543,Pidgin-English,Now we still come out to say no do this so that this will not happen. Do this. That's to tell you how great minded Nigerians are. It gives you something that there's still an human side of the Nigerian people. And I feel that a reappraisal,Now we still come out to say no do this so that [[EN]]this will not happen. Do this. That's to tell you how great minded Nigerians are. It gives you something that there's still an human side of the Nigerian people. And I feel that a reappraisal[[/EN]],afriswitch-pidgin-000010-L1MCggay07I_chunk_1315184-1330320_118--packet-loss-3pct,L1MCggay07I_chunk,natural-afriswitch,1
audio/robustness/afriswitch-pidgin-000012-No6f5wUO9Bw_chunk_1262048-1276416_149--pstn-mulaw.wav,319d74ec59cb80d5ae30abf64cfbec9ba1241919f94aa5f162db023e4aed2468,38.709999084472656,pstn-mulaw,14.368000030517578,Pidgin-English,information goes to. It's like a warehouse. They say do you have a warehouse in Somolu? We say yes we get warehouse for Somolu. Na electoral materials we dey keep there.,[[EN]]information goes to. It's like a warehouse. They say do you have a warehouse in Somolu?[[/EN]] [[EN]]We say yes[[/EN]] we get warehouse for Somolu. Na electoral materials we dey keep there.,afriswitch-pidgin-000012-No6f5wUO9Bw_chunk_1262048-1276416_149--pstn-mulaw,No6f5wUO9Bw_chunk,natural-afriswitch,1
audio/robustness/afriswitch-pidgin-000012-No6f5wUO9Bw_chunk_1262048-1276416_149--noise-10db.wav,38f0f5dd819f16a38cbb6e78f4259841fe0519290b2d6743a88a4b8e97741ed4,38.709999084472656,noise-10db,14.368000030517578,Pidgin-English,information goes to. It's like a warehouse. They say do you have a warehouse in Somolu? We say yes we get warehouse for Somolu. Na electoral materials we dey keep there.,[[EN]]information goes to. It's like a warehouse. They say do you have a warehouse in Somolu?[[/EN]] [[EN]]We say yes[[/EN]] we get warehouse for Somolu. Na electoral materials we dey keep there.,afriswitch-pidgin-000012-No6f5wUO9Bw_chunk_1262048-1276416_149--noise-10db,No6f5wUO9Bw_chunk,natural-afriswitch,1
audio/robustness/afriswitch-pidgin-000012-No6f5wUO9Bw_chunk_1262048-1276416_149--packet-loss-3pct.wav,01cbb553e71577d20c72e08fbda6e85aafa07d14add5356747f159f60933f5a2,38.709999084472656,packet-loss-3pct,14.368000030517578,Pidgin-English,information goes to. It's like a warehouse. They say do you have a warehouse in Somolu? We say yes we get warehouse for Somolu. Na electoral materials we dey keep there.,[[EN]]information goes to. It's like a warehouse. They say do you have a warehouse in Somolu?[[/EN]] [[EN]]We say yes[[/EN]] we get warehouse for Somolu. Na electoral materials we dey keep there.,afriswitch-pidgin-000012-No6f5wUO9Bw_chunk_1262048-1276416_149--packet-loss-3pct,No6f5wUO9Bw_chunk,natural-afriswitch,1
audio/robustness/afriswitch-pidgin-000051-itLGJ3jaA2c_chunk_1979556-1989916_199--pstn-mulaw.wav,3c686c45b4e4e6ba93474bb10127590156827dac664d1d0bd06afcc9a0fd7961,9.520000457763672,pstn-mulaw,11.755000114440918,Pidgin-English,O ya we hear you talk charies fit dey hear you We we dey year you ya tongue turn Good morning,O ya we hear you talk charies fit dey hear you We we dey year you ya tongue turn [[EN]]Good morning[[/EN]],afriswitch-pidgin-000051-itLGJ3jaA2c_chunk_1979556-1989916_199--pstn-mulaw,itLGJ3jaA2c_chunk,natural-afriswitch,1
audio/robustness/afriswitch-pidgin-000051-itLGJ3jaA2c_chunk_1979556-1989916_199--noise-10db.wav,183f18190278d3f8794b0dd7861bb6d771c31eab1da731d5e44cd15dbfa6f5e1,9.520000457763672,noise-10db,11.755000114440918,Pidgin-English,O ya we hear you talk charies fit dey hear you We we dey year you ya tongue turn Good morning,O ya we hear you talk charies fit dey hear you We we dey year you ya tongue turn [[EN]]Good morning[[/EN]],afriswitch-pidgin-000051-itLGJ3jaA2c_chunk_1979556-1989916_199--noise-10db,itLGJ3jaA2c_chunk,natural-afriswitch,1
audio/robustness/afriswitch-pidgin-000051-itLGJ3jaA2c_chunk_1979556-1989916_199--packet-loss-3pct.wav,761672b7db658f7508ee15a667fb7a95c17270e578e916f92cb17e6282cb6ffb,9.520000457763672,packet-loss-3pct,11.755000114440918,Pidgin-English,O ya we hear you talk charies fit dey hear you We we dey year you ya tongue turn Good morning,O ya we hear you talk charies fit dey hear you We we dey year you ya tongue turn [[EN]]Good morning[[/EN]],afriswitch-pidgin-000051-itLGJ3jaA2c_chunk_1979556-1989916_199--packet-loss-3pct,itLGJ3jaA2c_chunk,natural-afriswitch,1
audio/robustness/afriswitch-pidgin-000079-gyrgg1rg_ww_chunk_1275824-1291024_99--pstn-mulaw.wav,84bded59a8b25064e78d2af66ee381451116da9f15651a999e19e4d30bc3070d,22.809999465942383,pstn-mulaw,15.199999809265137,Pidgin-English,"Make we ask her people wey dey house This time last year how much you dey buy a cup of Garri? How much you dey buy one mudu of Garri and the people wey dey hear us from the other side wey bin dem no dey abuja wey dem dey use kongo, how much be 10 kongo 10 cups","Make we ask her people wey dey house [[EN]]This time last year[[/EN]] how much you dey buy [[EN]]a cup of Garri[[/EN]]? How much you dey buy [[EN]]one mudu of Garri[[/EN]] and the people wey dey hear us from the other side wey bin dem no dey abuja wey dem dey use kongo, how much be 10 kongo [[EN]]10 cups[[/EN]]",afriswitch-pidgin-000079-gyrgg1rg_ww_chunk_1275824-1291024_99--pstn-mulaw,gyrgg1rg_ww,natural-afriswitch,7
audio/robustness/afriswitch-pidgin-000079-gyrgg1rg_ww_chunk_1275824-1291024_99--noise-10db.wav,d91fdc1054c3e0d1063f62d665dd1d5cc572f4bf4cf9c0de075931e184f2af6b,22.809999465942383,noise-10db,15.199999809265137,Pidgin-English,"Make we ask her people wey dey house This time last year how much you dey buy a cup of Garri? How much you dey buy one mudu of Garri and the people wey dey hear us from the other side wey bin dem no dey abuja wey dem dey use kongo, how much be 10 kongo 10 cups","Make we ask her people wey dey house [[EN]]This time last year[[/EN]] how much you dey buy [[EN]]a cup of Garri[[/EN]]? How much you dey buy [[EN]]one mudu of Garri[[/EN]] and the people wey dey hear us from the other side wey bin dem no dey abuja wey dem dey use kongo, how much be 10 kongo [[EN]]10 cups[[/EN]]",afriswitch-pidgin-000079-gyrgg1rg_ww_chunk_1275824-1291024_99--noise-10db,gyrgg1rg_ww,natural-afriswitch,7
audio/robustness/afriswitch-pidgin-000079-gyrgg1rg_ww_chunk_1275824-1291024_99--packet-loss-3pct.wav,dc3c52b08c883b1127e9907dee76eef4f6de5460acade2c5419c7d509d21eebc,22.809999465942383,packet-loss-3pct,15.199999809265137,Pidgin-English,"Make we ask her people wey dey house This time last year how much you dey buy a cup of Garri? How much you dey buy one mudu of Garri and the people wey dey hear us from the other side wey bin dem no dey abuja wey dem dey use kongo, how much be 10 kongo 10 cups","Make we ask her people wey dey house [[EN]]This time last year[[/EN]] how much you dey buy [[EN]]a cup of Garri[[/EN]]? How much you dey buy [[EN]]one mudu of Garri[[/EN]] and the people wey dey hear us from the other side wey bin dem no dey abuja wey dem dey use kongo, how much be 10 kongo [[EN]]10 cups[[/EN]]",afriswitch-pidgin-000079-gyrgg1rg_ww_chunk_1275824-1291024_99--packet-loss-3pct,gyrgg1rg_ww,natural-afriswitch,7
audio/robustness/afriswitch-pidgin-000123-KLwiP6pOqo0_chunk_795472-805872_87--pstn-mulaw.wav,52a7961d8e8662a8d9938ca6737a11562525b684e2b1fb7519f46dc4de2ba20b,13.640000343322754,pstn-mulaw,10.399999618530273,Pidgin-English,I dey show my face for everywhere I dey go I dey go make I ask me question Wetin I wan make we do Wh kind wed do I was in a community recently na two the yous I swallow a lot of dem,I dey show my face for everywhere I dey go I dey go make I ask me question Wetin I wan make we do Wh kind wed do [[EN]]I was in a community recently[[/EN]] na two the yous I swallow a lot of dem,afriswitch-pidgin-000123-KLwiP6pOqo0_chunk_795472-805872_87--pstn-mulaw,KLwiP6pOqo0_chunk,natural-afriswitch,2
audio/robustness/afriswitch-pidgin-000123-KLwiP6pOqo0_chunk_795472-805872_87--noise-10db.wav,fe66e0b6da6ff0e237bc1f92877758023539111e2893dab917accfc989c683bf,13.640000343322754,noise-10db,10.399999618530273,Pidgin-English,I dey show my face for everywhere I dey go I dey go make I ask me question Wetin I wan make we do Wh kind wed do I was in a community recently na two the yous I swallow a lot of dem,I dey show my face for everywhere I dey go I dey go make I ask me question Wetin I wan make we do Wh kind wed do [[EN]]I was in a community recently[[/EN]] na two the yous I swallow a lot of dem,afriswitch-pidgin-000123-KLwiP6pOqo0_chunk_795472-805872_87--noise-10db,KLwiP6pOqo0_chunk,natural-afriswitch,2
audio/robustness/afriswitch-pidgin-000123-KLwiP6pOqo0_chunk_795472-805872_87--packet-loss-3pct.wav,deacc742c9d7b4e37ca72f3eabafc20af67ce1340db899ccbf6ba8391b624178,13.640000343322754,packet-loss-3pct,10.399999618530273,Pidgin-English,I dey show my face for everywhere I dey go I dey go make I ask me question Wetin I wan make we do Wh kind wed do I was in a community recently na two the yous I swallow a lot of dem,I dey show my face for everywhere I dey go I dey go make I ask me question Wetin I wan make we do Wh kind wed do [[EN]]I was in a community recently[[/EN]] na two the yous I swallow a lot of dem,afriswitch-pidgin-000123-KLwiP6pOqo0_chunk_795472-805872_87--packet-loss-3pct,KLwiP6pOqo0_chunk,natural-afriswitch,2
audio/robustness/afriswitch-pidgin-000184-Fu5d_Zn6kP8_chunk_1149152-1155280_118--pstn-mulaw.wav,b4ba7a08d8b22b0e297eb81a650b526285ab709f06a843692543470da299d419,31.25,pstn-mulaw,6.127999782562256,Pidgin-English,Alright thank you well well So the better oish you come out and pain non your,[[EN]]Alright thank you well well[[/EN]] So the better oish you come out and pain non your,afriswitch-pidgin-000184-Fu5d_Zn6kP8_chunk_1149152-1155280_118--pstn-mulaw,Fu5d_Zn6kP8,natural-afriswitch,1
audio/robustness/afriswitch-pidgin-000184-Fu5d_Zn6kP8_chunk_1149152-1155280_118--noise-10db.wav,430c4d5ae275e524f9a808f1111b4be67c614473126b07a38f62e0904b00b6ec,31.25,noise-10db,6.127999782562256,Pidgin-English,Alright thank you well well So the better oish you come out and pain non your,[[EN]]Alright thank you well well[[/EN]] So the better oish you come out and pain non your,afriswitch-pidgin-000184-Fu5d_Zn6kP8_chunk_1149152-1155280_118--noise-10db,Fu5d_Zn6kP8,natural-afriswitch,1
audio/robustness/afriswitch-pidgin-000184-Fu5d_Zn6kP8_chunk_1149152-1155280_118--packet-loss-3pct.wav,cf6c89d0741a866de3c1b4ec46851b3c7f5052bb26ae2a214cc303c5dcf8c245,31.25,packet-loss-3pct,6.127999782562256,Pidgin-English,Alright thank you well well So the better oish you come out and pain non your,[[EN]]Alright thank you well well[[/EN]] So the better oish you come out and pain non your,afriswitch-pidgin-000184-Fu5d_Zn6kP8_chunk_1149152-1155280_118--packet-loss-3pct,Fu5d_Zn6kP8,natural-afriswitch,1
audio/robustness/afriswitch-pidgin-000185-Vg9bFTXw3pE_chunk_2443312-2458608_285--pstn-mulaw.wav,b65735eb457b147f3a631975fc7c7f04aac7a6c88e1a23fca1a6d7ac103eaaaf,5.260000228881836,pstn-mulaw,15.295999526977539,Pidgin-English,be like ke 30 or 28 29 30. She fit don reach it's possible say she go don. By her face sef you go know say this one don know. See ehn na_my mother dey always do one proverb. E go say,be like ke 30 or 28 29 30. She fit don reach [[EN]]it's possible[[/EN]] say she go don. By her face sef you go know say this one don know. See ehn na_my mother dey always do one proverb. E go say,afriswitch-pidgin-000185-Vg9bFTXw3pE_chunk_2443312-2458608_285--pstn-mulaw,Vg9bFTXw3pE_chunk,natural-afriswitch,2
audio/robustness/afriswitch-pidgin-000185-Vg9bFTXw3pE_chunk_2443312-2458608_285--noise-10db.wav,9328f1b29f46d62e6a91e39c32fd6483726ea498899bb9645ee894a125d6677c,5.260000228881836,noise-10db,15.295999526977539,Pidgin-English,be like ke 30 or 28 29 30. She fit don reach it's possible say she go don. By her face sef you go know say this one don know. See ehn na_my mother dey always do one proverb. E go say,be like ke 30 or 28 29 30. She fit don reach [[EN]]it's possible[[/EN]] say she go don. By her face sef you go know say this one don know. See ehn na_my mother dey always do one proverb. E go say,afriswitch-pidgin-000185-Vg9bFTXw3pE_chunk_2443312-2458608_285--noise-10db,Vg9bFTXw3pE_chunk,natural-afriswitch,2
audio/robustness/afriswitch-pidgin-000185-Vg9bFTXw3pE_chunk_2443312-2458608_285--packet-loss-3pct.wav,ecf8bef0ee985f17de1dc81eab5fafafc9f5112b810382761e4977598aefe2a0,5.260000228881836,packet-loss-3pct,15.295999526977539,Pidgin-English,be like ke 30 or 28 29 30. She fit don reach it's possible say she go don. By her face sef you go know say this one don know. See ehn na_my mother dey always do one proverb. E go say,be like ke 30 or 28 29 30. She fit don reach [[EN]]it's possible[[/EN]] say she go don. By her face sef you go know say this one don know. See ehn na_my mother dey always do one proverb. E go say,afriswitch-pidgin-000185-Vg9bFTXw3pE_chunk_2443312-2458608_285--packet-loss-3pct,Vg9bFTXw3pE_chunk,natural-afriswitch,2
audio/robustness/afriswitch-pidgin-000189-No6f5wUO9Bw_chunk_1614528-1627328_184--pstn-mulaw.wav,2db27a3d10c8fa8091407407ef1160dba132d562bb53d69440839f5fe0b70150,43.75,pstn-mulaw,12.800000190734863,Pidgin-English,Do wet we call disa for climb ojections Do wet we call Duation to remove the people wey give them alcohol registation We go send message to every person wey don register,Do wet we call disa for [[EN]]climb ojections[[/EN]] Do wet we call Duation [[EN]]to remove the people[[/EN]] wey give them [[EN]]alcohol registation[[/EN]] We go [[EN]]send message to every person[[/EN]] wey don [[EN]]register[[/EN]],afriswitch-pidgin-000189-No6f5wUO9Bw_chunk_1614528-1627328_184--pstn-mulaw,No6f5wUO9Bw_chunk,natural-afriswitch,9
audio/robustness/afriswitch-pidgin-000189-No6f5wUO9Bw_chunk_1614528-1627328_184--noise-10db.wav,77c8522d12db33d939161183a77582f7a1eecb0f9ed324c2e6c7442c04673581,43.75,noise-10db,12.800000190734863,Pidgin-English,Do wet we call disa for climb ojections Do wet we call Duation to remove the people wey give them alcohol registation We go send message to every person wey don register,Do wet we call disa for [[EN]]climb ojections[[/EN]] Do wet we call Duation [[EN]]to remove the people[[/EN]] wey give them [[EN]]alcohol registation[[/EN]] We go [[EN]]send message to every person[[/EN]] wey don [[EN]]register[[/EN]],afriswitch-pidgin-000189-No6f5wUO9Bw_chunk_1614528-1627328_184--noise-10db,No6f5wUO9Bw_chunk,natural-afriswitch,9
audio/robustness/afriswitch-pidgin-000189-No6f5wUO9Bw_chunk_1614528-1627328_184--packet-loss-3pct.wav,2d37283ae5b781d5febe8134baf7f1392ea345c3f5bd54c2cca2f81a05d4a5c9,43.75,packet-loss-3pct,12.800000190734863,Pidgin-English,Do wet we call disa for climb ojections Do wet we call Duation to remove the people wey give them alcohol registation We go send message to every person wey don register,Do wet we call disa for [[EN]]climb ojections[[/EN]] Do wet we call Duation [[EN]]to remove the people[[/EN]] wey give them [[EN]]alcohol registation[[/EN]] We go [[EN]]send message to every person[[/EN]] wey don [[EN]]register[[/EN]],afriswitch-pidgin-000189-No6f5wUO9Bw_chunk_1614528-1627328_184--packet-loss-3pct,No6f5wUO9Bw_chunk,natural-afriswitch,9
audio/robustness/afriswitch-pidgin-000203-wQf0qBuB7Uo_chunk_878416-891248_98--pstn-mulaw.wav,f23d1b51274b7731a9dfad55840b14b81aceb2a5000a1fe377ad5af82de3226b,42.5,pstn-mulaw,12.831999778747559,Pidgin-English,This initative and seeing how they care move award as the government bin involved in this or if not how can dey or what you dey do or hold private seconds can do to come in to push this new,[[EN]]This initative and seeing how they care move award as the government[[/EN]] bin involved in this or if not how can dey or what you dey do or hold [[EN]]private seconds can do to come in to push this new[[/EN]],afriswitch-pidgin-000203-wQf0qBuB7Uo_chunk_878416-891248_98--pstn-mulaw,wQf0qBuB7Uo_chunk,natural-afriswitch,2
audio/robustness/afriswitch-pidgin-000203-wQf0qBuB7Uo_chunk_878416-891248_98--noise-10db.wav,32a66e1f81393acb2e59c769fcee8d0194d4117343caf2f7e3c57d3418b797bb,42.5,noise-10db,12.831999778747559,Pidgin-English,This initative and seeing how they care move award as the government bin involved in this or if not how can dey or what you dey do or hold private seconds can do to come in to push this new,[[EN]]This initative and seeing how they care move award as the government[[/EN]] bin involved in this or if not how can dey or what you dey do or hold [[EN]]private seconds can do to come in to push this new[[/EN]],afriswitch-pidgin-000203-wQf0qBuB7Uo_chunk_878416-891248_98--noise-10db,wQf0qBuB7Uo_chunk,natural-afriswitch,2
audio/robustness/afriswitch-pidgin-000203-wQf0qBuB7Uo_chunk_878416-891248_98--packet-loss-3pct.wav,b08d4b5d67cbab177c8b320582aab324cdc78369ddb277230922175cfbae26ba,42.5,packet-loss-3pct,12.831999778747559,Pidgin-English,This initative and seeing how they care move award as the government bin involved in this or if not how can dey or what you dey do or hold private seconds can do to come in to push this new,[[EN]]This initative and seeing how they care move award as the government[[/EN]] bin involved in this or if not how can dey or what you dey do or hold [[EN]]private seconds can do to come in to push this new[[/EN]],afriswitch-pidgin-000203-wQf0qBuB7Uo_chunk_878416-891248_98--packet-loss-3pct,wQf0qBuB7Uo_chunk,natural-afriswitch,2
audio/robustness/afriswitch-pidgin-000218-yAGZmZ7ZZ3I_chunk_1119088-1130880_111--pstn-mulaw.wav,222685a9ae9e600e1d54827246855b237f53eb138bafb6b01274415395efdfc6,26.190000534057617,pstn-mulaw,11.791999816894531,Pidgin-English,How low the country to you Also e dey pain plenty for body wey you know say The effort wey I get I no fit use am 100 I no even fit use am 80 or even 70 while because the instrument when I need,How low the country to you Also e dey pain plenty for body wey you know say [[EN]]The effort[[/EN]] wey I get I no fit use am [[EN]]100[[/EN]] I no even fit use am [[EN]]80 or even 70[[/EN]] [[EN]]while because the instrument when I need[[/EN]],afriswitch-pidgin-000218-yAGZmZ7ZZ3I_chunk_1119088-1130880_111--pstn-mulaw,yAGZmZ7ZZ3I_chunk,natural-afriswitch,3
audio/robustness/afriswitch-pidgin-000218-yAGZmZ7ZZ3I_chunk_1119088-1130880_111--noise-10db.wav,2535f0d2699eecb7ba5305c100d9f1904d8c8cf11ea634166ec1655a8dbfb739,26.190000534057617,noise-10db,11.791999816894531,Pidgin-English,How low the country to you Also e dey pain plenty for body wey you know say The effort wey I get I no fit use am 100 I no even fit use am 80 or even 70 while because the instrument when I need,How low the country to you Also e dey pain plenty for body wey you know say [[EN]]The effort[[/EN]] wey I get I no fit use am [[EN]]100[[/EN]] I no even fit use am [[EN]]80 or even 70[[/EN]] [[EN]]while because the instrument when I need[[/EN]],afriswitch-pidgin-000218-yAGZmZ7ZZ3I_chunk_1119088-1130880_111--noise-10db,yAGZmZ7ZZ3I_chunk,natural-afriswitch,3
audio/robustness/afriswitch-pidgin-000218-yAGZmZ7ZZ3I_chunk_1119088-1130880_111--packet-loss-3pct.wav,62c5a79b13e57b7460e5a6800ce5f5ae32a5191abb5e4f751fbabbe91b43fe93,26.190000534057617,packet-loss-3pct,11.791999816894531,Pidgin-English,How low the country to you Also e dey pain plenty for body wey you know say The effort wey I get I no fit use am 100 I no even fit use am 80 or even 70 while because the instrument when I need,How low the country to you Also e dey pain plenty for body wey you know say [[EN]]The effort[[/EN]] wey I get I no fit use am [[EN]]100[[/EN]] I no even fit use am [[EN]]80 or even 70[[/EN]] [[EN]]while because the instrument when I need[[/EN]],afriswitch-pidgin-000218-yAGZmZ7ZZ3I_chunk_1119088-1130880_111--packet-loss-3pct,yAGZmZ7ZZ3I_chunk,natural-afriswitch,3
audio/robustness/afriswitch-pidgin-000284-No6f5wUO9Bw_chunk_976640-984672_107--pstn-mulaw.wav,1958869edfa319256965edb47f1032a9f8982b0658f2e5a89cc429375c1701f5,28.56999969482422,pstn-mulaw,8.031999588012695,Pidgin-English,PVC registation date online day oa other one na questions wey Dey ask you from online oga Say if una fit extend primarys one I no fit extend,[[EN]]PVC registation date online[[/EN]] day oa other one na questions wey Dey ask you from online oga Say [[EN]]if[[/EN]] una fit extend [[EN]]primarys one[[/EN]] [[EN]]I[[/EN]] no fit extend,afriswitch-pidgin-000284-No6f5wUO9Bw_chunk_976640-984672_107--pstn-mulaw,No6f5wUO9Bw_chunk,natural-afriswitch,5
audio/robustness/afriswitch-pidgin-000284-No6f5wUO9Bw_chunk_976640-984672_107--noise-10db.wav,91f43ed2712261c72606f53880b45f70e265ed54f685890367f0bcdf9d11b34c,28.56999969482422,noise-10db,8.031999588012695,Pidgin-English,PVC registation date online day oa other one na questions wey Dey ask you from online oga Say if una fit extend primarys one I no fit extend,[[EN]]PVC registation date online[[/EN]] day oa other one na questions wey Dey ask you from online oga Say [[EN]]if[[/EN]] una fit extend [[EN]]primarys one[[/EN]] [[EN]]I[[/EN]] no fit extend,afriswitch-pidgin-000284-No6f5wUO9Bw_chunk_976640-984672_107--noise-10db,No6f5wUO9Bw_chunk,natural-afriswitch,5
audio/robustness/afriswitch-pidgin-000284-No6f5wUO9Bw_chunk_976640-984672_107--packet-loss-3pct.wav,b4dad025a7f5e4966f3e1f06ae8c68689907b024711f542ffabf864b053049df,28.56999969482422,packet-loss-3pct,8.031999588012695,Pidgin-English,PVC registation date online day oa other one na questions wey Dey ask you from online oga Say if una fit extend primarys one I no fit extend,[[EN]]PVC registation date online[[/EN]] day oa other one na questions wey Dey ask you from online oga Say [[EN]]if[[/EN]] una fit extend [[EN]]primarys one[[/EN]] [[EN]]I[[/EN]] no fit extend,afriswitch-pidgin-000284-No6f5wUO9Bw_chunk_976640-984672_107--packet-loss-3pct,No6f5wUO9Bw_chunk,natural-afriswitch,5
audio/robustness/afriswitch-pidgin-000319-K-kjfSxpotY_chunk_2037056-2044816_232--pstn-mulaw.wav,7b37e546dff7c8874cc4d9585795a077681f3354af94d6ebf5c57c4ef18bf1f7,35.709999084472656,pstn-mulaw,7.760000228881836,Pidgin-English,And we stay here we die together year here dey think deep think am,[[EN]]And we stay here we die together year here[[/EN]] dey think deep think am,afriswitch-pidgin-000319-K-kjfSxpotY_chunk_2037056-2044816_232--pstn-mulaw,K_kjfSxpotY,natural-afriswitch,1
audio/robustness/afriswitch-pidgin-000319-K-kjfSxpotY_chunk_2037056-2044816_232--noise-10db.wav,7660435070dca791f46630e090025946d1f7c4da622c4d419a747abe65ac69ee,35.709999084472656,noise-10db,7.760000228881836,Pidgin-English,And we stay here we die together year here dey think deep think am,[[EN]]And we stay here we die together year here[[/EN]] dey think deep think am,afriswitch-pidgin-000319-K-kjfSxpotY_chunk_2037056-2044816_232--noise-10db,K_kjfSxpotY,natural-afriswitch,1
audio/robustness/afriswitch-pidgin-000319-K-kjfSxpotY_chunk_2037056-2044816_232--packet-loss-3pct.wav,2f092a31aef5c5a9be58c2649db3c532d6bee57ac0f32c5a54917f20f86801d4,35.709999084472656,packet-loss-3pct,7.760000228881836,Pidgin-English,And we stay here we die together year here dey think deep think am,[[EN]]And we stay here we die together year here[[/EN]] dey think deep think am,afriswitch-pidgin-000319-K-kjfSxpotY_chunk_2037056-2044816_232--packet-loss-3pct,K_kjfSxpotY,natural-afriswitch,1
audio/robustness/afriswitch-pidgin-000334-9kGFaX23hdE_chunk_1387712-1398688_86--pstn-mulaw.wav,be0cd4bdc739261b805930dd61af90ae6a8b05522d088602db24a8e2bb5a7f41,21.8799991607666,pstn-mulaw,10.97599983215332,Pidgin-English,Beta beta co we get for inside studo so na Dr Efi oquena Him be the oga peta patter of safe democrey group with better solute give you Welcome this evening sir,Beta beta co we get for inside studo so na Dr Efi oquena Him be the oga peta patter of [[EN]]safe democrey group[[/EN]] with better solute give you [[EN]]Welcome this evening sir[[/EN]],afriswitch-pidgin-000334-9kGFaX23hdE_chunk_1387712-1398688_86--pstn-mulaw,9kGFaX23hdE_chunk,natural-afriswitch,3
audio/robustness/afriswitch-pidgin-000334-9kGFaX23hdE_chunk_1387712-1398688_86--noise-10db.wav,eb5b79c8ce0440fd006b2c970efc37ee6fde749c58ae19c94b68ec56e91b4454,21.8799991607666,noise-10db,10.97599983215332,Pidgin-English,Beta beta co we get for inside studo so na Dr Efi oquena Him be the oga peta patter of safe democrey group with better solute give you Welcome this evening sir,Beta beta co we get for inside studo so na Dr Efi oquena Him be the oga peta patter of [[EN]]safe democrey group[[/EN]] with better solute give you [[EN]]Welcome this evening sir[[/EN]],afriswitch-pidgin-000334-9kGFaX23hdE_chunk_1387712-1398688_86--noise-10db,9kGFaX23hdE_chunk,natural-afriswitch,3
audio/robustness/afriswitch-pidgin-000334-9kGFaX23hdE_chunk_1387712-1398688_86--packet-loss-3pct.wav,55e7cf932c5e178bb5afddcd6dc4b6a52c5e2ba49c37e02c290f6f3cba04802d,21.8799991607666,packet-loss-3pct,10.97599983215332,Pidgin-English,Beta beta co we get for inside studo so na Dr Efi oquena Him be the oga peta patter of safe democrey group with better solute give you Welcome this evening sir,Beta beta co we get for inside studo so na Dr Efi oquena Him be the oga peta patter of [[EN]]safe democrey group[[/EN]] with better solute give you [[EN]]Welcome this evening sir[[/EN]],afriswitch-pidgin-000334-9kGFaX23hdE_chunk_1387712-1398688_86--packet-loss-3pct,9kGFaX23hdE_chunk,natural-afriswitch,3
audio/robustness/afriswitch-pidgin-000337-utWohxqAAhk_chunk_138256-146672_16--pstn-mulaw.wav,d704cc6fe037e8d5ef70e18d5e53c16d628f42896d14162a49f4a87faa9538ed,22.860000610351562,pstn-mulaw,8.416000366210938,Pidgin-English,Everybody just dey do tick talk as if dis tick talk sef make I come read and low thick talk come start do am Now as I start do am but my videos come dey,[[EN]]Everybody just[[/EN]] dey do tick talk as if dis tick talk sef make I come [[EN]]read[[/EN]] and [[EN]]low thick talk[[/EN]] come start do am [[EN]]Now[[/EN]] as I start do am but my [[EN]]videos[[/EN]] come dey,afriswitch-pidgin-000337-utWohxqAAhk_chunk_138256-146672_16--pstn-mulaw,utWohxqAAhk_chunk,natural-afriswitch,9
audio/robustness/afriswitch-pidgin-000337-utWohxqAAhk_chunk_138256-146672_16--noise-10db.wav,8bfbfa21e4b0dd95f0a9167d5203e04ed374c92d9dab32e494f4c2311eaabe3a,22.860000610351562,noise-10db,8.416000366210938,Pidgin-English,Everybody just dey do tick talk as if dis tick talk sef make I come read and low thick talk come start do am Now as I start do am but my videos come dey,[[EN]]Everybody just[[/EN]] dey do tick talk as if dis tick talk sef make I come [[EN]]read[[/EN]] and [[EN]]low thick talk[[/EN]] come start do am [[EN]]Now[[/EN]] as I start do am but my [[EN]]videos[[/EN]] come dey,afriswitch-pidgin-000337-utWohxqAAhk_chunk_138256-146672_16--noise-10db,utWohxqAAhk_chunk,natural-afriswitch,9
audio/robustness/afriswitch-pidgin-000337-utWohxqAAhk_chunk_138256-146672_16--packet-loss-3pct.wav,0da9ec6e37c7201d062d49dddee729c2273307991e98b436344627f37b5c724a,22.860000610351562,packet-loss-3pct,8.416000366210938,Pidgin-English,Everybody just dey do tick talk as if dis tick talk sef make I come read and low thick talk come start do am Now as I start do am but my videos come dey,[[EN]]Everybody just[[/EN]] dey do tick talk as if dis tick talk sef make I come [[EN]]read[[/EN]] and [[EN]]low thick talk[[/EN]] come start do am [[EN]]Now[[/EN]] as I start do am but my [[EN]]videos[[/EN]] come dey,afriswitch-pidgin-000337-utWohxqAAhk_chunk_138256-146672_16--packet-loss-3pct,utWohxqAAhk_chunk,natural-afriswitch,9
audio/robustness/afriswitch-pidgin-000380-e3cxVBSOEc4_chunk_180548-193440_19--pstn-mulaw.wav,da4ffb620c7abf88b07232ced0a10c8e1e25fed7533b6621af20527cadb21e4f,28.56999969482422,pstn-mulaw,12.892000198364258,Pidgin-English,Thank the tradional cleaning e use to be very regorous cumes no very last some of with the ear learning parum wey you use be now you have,[[EN]]Thank the tradional cleaning[[/EN]] e use to be [[EN]]very regorous cumes no very last some of with the ear learning parum[[/EN]] wey you use be [[EN]]now you have[[/EN]],afriswitch-pidgin-000380-e3cxVBSOEc4_chunk_180548-193440_19--pstn-mulaw,e3cxVBSOEc4_chunk,natural-afriswitch,4
audio/robustness/afriswitch-pidgin-000380-e3cxVBSOEc4_chunk_180548-193440_19--noise-10db.wav,62ba23139c8dc8d65c873973d28714547496cad4adcc5b55e2960faa166b36a3,28.56999969482422,noise-10db,12.892000198364258,Pidgin-English,Thank the tradional cleaning e use to be very regorous cumes no very last some of with the ear learning parum wey you use be now you have,[[EN]]Thank the tradional cleaning[[/EN]] e use to be [[EN]]very regorous cumes no very last some of with the ear learning parum[[/EN]] wey you use be [[EN]]now you have[[/EN]],afriswitch-pidgin-000380-e3cxVBSOEc4_chunk_180548-193440_19--noise-10db,e3cxVBSOEc4_chunk,natural-afriswitch,4
audio/robustness/afriswitch-pidgin-000380-e3cxVBSOEc4_chunk_180548-193440_19--packet-loss-3pct.wav,86aaaf0b62628aeb3faaf5ea99e74ae79349de9e23089b5a0f168f041e45c11e,28.56999969482422,packet-loss-3pct,12.892000198364258,Pidgin-English,Thank the tradional cleaning e use to be very regorous cumes no very last some of with the ear learning parum wey you use be now you have,[[EN]]Thank the tradional cleaning[[/EN]] e use to be [[EN]]very regorous cumes no very last some of with the ear learning parum[[/EN]] wey you use be [[EN]]now you have[[/EN]],afriswitch-pidgin-000380-e3cxVBSOEc4_chunk_180548-193440_19--packet-loss-3pct,e3cxVBSOEc4_chunk,natural-afriswitch,4
audio/robustness/afriswitch-pidgin-000435-ywJo4WJqWks_chunk_372192-379776_41--pstn-mulaw.wav,03deb9e2341add63259b3145849edc1fe1f5d51f9828432dcea322fa75019e4c,46.43000030517578,pstn-mulaw,7.584000110626221,Pidgin-English,around the creation of this comit and the reason why dey create the comity Na a lot of people dey talk say yes na good step forward now,[[EN]]around the creation of this[[/EN]] comit [[EN]]and the reason why[[/EN]] dey create the comity Na a lot of people dey talk say yes na [[EN]]good step forward now[[/EN]],afriswitch-pidgin-000435-ywJo4WJqWks_chunk_372192-379776_41--pstn-mulaw,ywJo4WJqWks_chunk,natural-afriswitch,4
audio/robustness/afriswitch-pidgin-000435-ywJo4WJqWks_chunk_372192-379776_41--noise-10db.wav,59c661c203f9f23905b4d55d6ec334fbd4b54984a9ad6be224ce5e0e656c73c6,46.43000030517578,noise-10db,7.584000110626221,Pidgin-English,around the creation of this comit and the reason why dey create the comity Na a lot of people dey talk say yes na good step forward now,[[EN]]around the creation of this[[/EN]] comit [[EN]]and the reason why[[/EN]] dey create the comity Na a lot of people dey talk say yes na [[EN]]good step forward now[[/EN]],afriswitch-pidgin-000435-ywJo4WJqWks_chunk_372192-379776_41--noise-10db,ywJo4WJqWks_chunk,natural-afriswitch,4
audio/robustness/afriswitch-pidgin-000435-ywJo4WJqWks_chunk_372192-379776_41--packet-loss-3pct.wav,fd3b59321aeb8a33ce611ad92c259e2a64a90abde2303b97605044905d85bdac,46.43000030517578,packet-loss-3pct,7.584000110626221,Pidgin-English,around the creation of this comit and the reason why dey create the comity Na a lot of people dey talk say yes na good step forward now,[[EN]]around the creation of this[[/EN]] comit [[EN]]and the reason why[[/EN]] dey create the comity Na a lot of people dey talk say yes na [[EN]]good step forward now[[/EN]],afriswitch-pidgin-000435-ywJo4WJqWks_chunk_372192-379776_41--packet-loss-3pct,ywJo4WJqWks_chunk,natural-afriswitch,4
audio/robustness/afriswitch-pidgin-000466-VFsw6RskKjc_chunk_674672-679568_70--pstn-mulaw.wav,151ef2edb8ca30b121de8e0ad3dc4a51dff0505e23da8eb33903491842f680a0,42.86000061035156,pstn-mulaw,4.895999908447266,Pidgin-English,So we no need dey talk am for social media Even if we wan to complain complain in a different way,So we no need dey talk am for [[EN]]social media Even if we[[/EN]] wan to complain complain [[EN]]in a different way[[/EN]],afriswitch-pidgin-000466-VFsw6RskKjc_chunk_674672-679568_70--pstn-mulaw,VFsw6RskKjc_chunk,natural-afriswitch,3
audio/robustness/afriswitch-pidgin-000466-VFsw6RskKjc_chunk_674672-679568_70--noise-10db.wav,74ba16c0bdfa839f886298bad09b4acaca32f0e9b9edaa1a14218468e2232b44,42.86000061035156,noise-10db,4.895999908447266,Pidgin-English,So we no need dey talk am for social media Even if we wan to complain complain in a different way,So we no need dey talk am for [[EN]]social media Even if we[[/EN]] wan to complain complain [[EN]]in a different way[[/EN]],afriswitch-pidgin-000466-VFsw6RskKjc_chunk_674672-679568_70--noise-10db,VFsw6RskKjc_chunk,natural-afriswitch,3
audio/robustness/afriswitch-pidgin-000466-VFsw6RskKjc_chunk_674672-679568_70--packet-loss-3pct.wav,3907a461b85a97b21e9c4baa9055ac201b23ad27f4fb18c1decaf0724667fa3b,42.86000061035156,packet-loss-3pct,4.895999908447266,Pidgin-English,So we no need dey talk am for social media Even if we wan to complain complain in a different way,So we no need dey talk am for [[EN]]social media Even if we[[/EN]] wan to complain complain [[EN]]in a different way[[/EN]],afriswitch-pidgin-000466-VFsw6RskKjc_chunk_674672-679568_70--packet-loss-3pct,VFsw6RskKjc_chunk,natural-afriswitch,3
audio/robustness/afriswitch-pidgin-000496-IUl9bk19QlE_chunk_670464-675568_63--pstn-mulaw.wav,6ce901ea30f83582bc31b37d24df3a1a3f2d02413985e7dbeb6f10c095ab4cab,25.0,pstn-mulaw,5.104000091552734,Pidgin-English,"Like, like Precious wan just talk na, na that part I even wan go the will","[[EN]]Like, like Precious[[/EN]] wan [[EN]]just talk[[/EN]] na, na [[EN]]that part I even[[/EN]] wan [[EN]]go the will[[/EN]]",afriswitch-pidgin-000496-IUl9bk19QlE_chunk_670464-675568_63--pstn-mulaw,IUl9bk19QlE_chunk,natural-afriswitch,6
audio/robustness/afriswitch-pidgin-000496-IUl9bk19QlE_chunk_670464-675568_63--noise-10db.wav,911138fe399834a2a2d071e2be144aa62f6c11d2a5d369c8b056df2fbb711b6d,25.0,noise-10db,5.104000091552734,Pidgin-English,"Like, like Precious wan just talk na, na that part I even wan go the will","[[EN]]Like, like Precious[[/EN]] wan [[EN]]just talk[[/EN]] na, na [[EN]]that part I even[[/EN]] wan [[EN]]go the will[[/EN]]",afriswitch-pidgin-000496-IUl9bk19QlE_chunk_670464-675568_63--noise-10db,IUl9bk19QlE_chunk,natural-afriswitch,6
audio/robustness/afriswitch-pidgin-000496-IUl9bk19QlE_chunk_670464-675568_63--packet-loss-3pct.wav,141b0ca49f22a82a6728be5b8550ad477fb3856d8e8d02ce1ff435c7e717cf44,25.0,packet-loss-3pct,5.104000091552734,Pidgin-English,"Like, like Precious wan just talk na, na that part I even wan go the will","[[EN]]Like, like Precious[[/EN]] wan [[EN]]just talk[[/EN]] na, na [[EN]]that part I even[[/EN]] wan [[EN]]go the will[[/EN]]",afriswitch-pidgin-000496-IUl9bk19QlE_chunk_670464-675568_63--packet-loss-3pct,IUl9bk19QlE_chunk,natural-afriswitch,6
audio/robustness/afriswitch-pidgin-000499-LrvpZEWIMHg_chunk_323104-325536_28--pstn-mulaw.wav,7a5a33c4e1ddda600d7fe73262e92fccbc5c4f1321e39191717689a2750e1a9f,44.439998626708984,pstn-mulaw,2.431999921798706,Pidgin-English,My dad di veri naish man dey call am,[[EN]]My dad[[/EN]] di [[EN]]veri naish man[[/EN]] dey call am,afriswitch-pidgin-000499-LrvpZEWIMHg_chunk_323104-325536_28--pstn-mulaw,LrvpZEWIMHg_chunk,natural-afriswitch,3
audio/robustness/afriswitch-pidgin-000499-LrvpZEWIMHg_chunk_323104-325536_28--noise-10db.wav,c96716691eaaf43fa38843c4529e01badfce6349af5fe76821e82aede339c3b2,44.439998626708984,noise-10db,2.431999921798706,Pidgin-English,My dad di veri naish man dey call am,[[EN]]My dad[[/EN]] di [[EN]]veri naish man[[/EN]] dey call am,afriswitch-pidgin-000499-LrvpZEWIMHg_chunk_323104-325536_28--noise-10db,LrvpZEWIMHg_chunk,natural-afriswitch,3
audio/robustness/afriswitch-pidgin-000499-LrvpZEWIMHg_chunk_323104-325536_28--packet-loss-3pct.wav,9e1d305afd962adccd71dced507440fbe503a0f541cd6b954c012a67e2f49178,44.439998626708984,packet-loss-3pct,2.431999921798706,Pidgin-English,My dad di veri naish man dey call am,[[EN]]My dad[[/EN]] di [[EN]]veri naish man[[/EN]] dey call am,afriswitch-pidgin-000499-LrvpZEWIMHg_chunk_323104-325536_28--packet-loss-3pct,LrvpZEWIMHg_chunk,natural-afriswitch,3
audio/robustness/afriswitch-pidgin-000505-H1lM_t02-04_chunk_122288-133600_10--pstn-mulaw.wav,3643d381f670046887e0fe64baae46534757ce992919cfb825bd24125360eb85,19.049999237060547,pstn-mulaw,11.312000274658203,Pidgin-English,"Na struggle na en we dey. Shey na sey na teachers dem no dey teach well? Abi na sey the children dem dey no dey understand? Abi na sey our education patapata, e don reach for us to carry am go mechanic?","Na [[EN]]struggle[[/EN]] na en we dey. Shey na sey na [[EN]]teachers[[/EN]] dem no dey [[EN]]teach well[[/EN]]? Abi na sey the [[EN]]children[[/EN]] dem dey no dey [[EN]]understand[[/EN]]? Abi na sey our [[EN]]education[[/EN]] patapata, e don reach for us to carry am go [[EN]]mechanic[[/EN]]?",afriswitch-pidgin-000505-H1lM_t02-04_chunk_122288-133600_10--pstn-mulaw,H1lM_t02,natural-afriswitch,13
audio/robustness/afriswitch-pidgin-000505-H1lM_t02-04_chunk_122288-133600_10--noise-10db.wav,be809e26c47af472d88c53a7de9c304b93538c16d42c020ccb93524fccdd3e42,19.049999237060547,noise-10db,11.312000274658203,Pidgin-English,"Na struggle na en we dey. Shey na sey na teachers dem no dey teach well? Abi na sey the children dem dey no dey understand? Abi na sey our education patapata, e don reach for us to carry am go mechanic?","Na [[EN]]struggle[[/EN]] na en we dey. Shey na sey na [[EN]]teachers[[/EN]] dem no dey [[EN]]teach well[[/EN]]? Abi na sey the [[EN]]children[[/EN]] dem dey no dey [[EN]]understand[[/EN]]? Abi na sey our [[EN]]education[[/EN]] patapata, e don reach for us to carry am go [[EN]]mechanic[[/EN]]?",afriswitch-pidgin-000505-H1lM_t02-04_chunk_122288-133600_10--noise-10db,H1lM_t02,natural-afriswitch,13
audio/robustness/afriswitch-pidgin-000505-H1lM_t02-04_chunk_122288-133600_10--packet-loss-3pct.wav,55137c8cf154d48cd8866df98307837d73139d2381409c99873e4fd275cfcb60,19.049999237060547,packet-loss-3pct,11.312000274658203,Pidgin-English,"Na struggle na en we dey. Shey na sey na teachers dem no dey teach well? Abi na sey the children dem dey no dey understand? Abi na sey our education patapata, e don reach for us to carry am go mechanic?","Na [[EN]]struggle[[/EN]] na en we dey. Shey na sey na [[EN]]teachers[[/EN]] dem no dey [[EN]]teach well[[/EN]]? Abi na sey the [[EN]]children[[/EN]] dem dey no dey [[EN]]understand[[/EN]]? Abi na sey our [[EN]]education[[/EN]] patapata, e don reach for us to carry am go [[EN]]mechanic[[/EN]]?",afriswitch-pidgin-000505-H1lM_t02-04_chunk_122288-133600_10--packet-loss-3pct,H1lM_t02,natural-afriswitch,13
audio/robustness/afriswitch-pidgin-000509--PfM0XyVYp8_chunk_335044-338492_37--pstn-mulaw.wav,e900b155db57bfced21b27089dc09ccee4663000d153ac5f0a5aa9aa13b4140b,50.0,pstn-mulaw,3.447999954223633,Pidgin-English,Oga your TV dey on abeg,Oga [[EN]]your TV[[/EN]] dey [[EN]]on[[/EN]] abeg,afriswitch-pidgin-000509--PfM0XyVYp8_chunk_335044-338492_37--pstn-mulaw,_PfM0XyVYp8,natural-afriswitch,4
audio/robustness/afriswitch-pidgin-000509--PfM0XyVYp8_chunk_335044-338492_37--noise-10db.wav,718d6bec20fdea8a95e23c2c2ced7fc74fab77ebdfbfcfb996882c54cc0327ba,50.0,noise-10db,3.447999954223633,Pidgin-English,Oga your TV dey on abeg,Oga [[EN]]your TV[[/EN]] dey [[EN]]on[[/EN]] abeg,afriswitch-pidgin-000509--PfM0XyVYp8_chunk_335044-338492_37--noise-10db,_PfM0XyVYp8,natural-afriswitch,4
audio/robustness/afriswitch-pidgin-000509--PfM0XyVYp8_chunk_335044-338492_37--packet-loss-3pct.wav,a4fd9c46d960abb472174fe4b7378d0472b101217c6d64db796bbbfcfb367954,50.0,packet-loss-3pct,3.447999954223633,Pidgin-English,Oga your TV dey on abeg,Oga [[EN]]your TV[[/EN]] dey [[EN]]on[[/EN]] abeg,afriswitch-pidgin-000509--PfM0XyVYp8_chunk_335044-338492_37--packet-loss-3pct,_PfM0XyVYp8,natural-afriswitch,4
audio/robustness/afriswitch-pidgin-000521-hYAH9m4_QCw_chunk_1238272-1242448_87--pstn-mulaw.wav,c203c56e1dece79c8049ef918494d15d4925e36d8ad4dfad2e5a405bd936b007,25.0,pstn-mulaw,4.176000118255615,Pidgin-English,So everywhere dem design am dem arrange am,[[EN]]So everywhere[[/EN]] dem design am dem arrange am,afriswitch-pidgin-000521-hYAH9m4_QCw_chunk_1238272-1242448_87--pstn-mulaw,hYAH9m4_QCw,natural-afriswitch,1
audio/robustness/afriswitch-pidgin-000521-hYAH9m4_QCw_chunk_1238272-1242448_87--noise-10db.wav,513428d369b246d397a885d5d930c5ab759287716c08f91d9459d7d2ce9f74bb,25.0,noise-10db,4.176000118255615,Pidgin-English,So everywhere dem design am dem arrange am,[[EN]]So everywhere[[/EN]] dem design am dem arrange am,afriswitch-pidgin-000521-hYAH9m4_QCw_chunk_1238272-1242448_87--noise-10db,hYAH9m4_QCw,natural-afriswitch,1
audio/robustness/afriswitch-pidgin-000521-hYAH9m4_QCw_chunk_1238272-1242448_87--packet-loss-3pct.wav,b1a2cc681d8847d0ca768e6223092f9b988825e6d26e4a69fcd8120417c562fb,25.0,packet-loss-3pct,4.176000118255615,Pidgin-English,So everywhere dem design am dem arrange am,[[EN]]So everywhere[[/EN]] dem design am dem arrange am,afriswitch-pidgin-000521-hYAH9m4_QCw_chunk_1238272-1242448_87--packet-loss-3pct,hYAH9m4_QCw,natural-afriswitch,1
audio/robustness/afriswitch-pidgin-000522-OQSy5_Nv_fo_chunk_654052-667040_70--pstn-mulaw.wav,04e09ea25ee2b08572e693bb11551a56fbeebc1a9ade8bc23320d99811d58d56,9.520000457763672,pstn-mulaw,12.98799991607666,Pidgin-English,Hey okay well go start OK Alright no worry well they go poo poo OK wet 1st bash name na right,[[EN]]Hey okay well go start OK Alright no worry well they go poo poo OK[[/EN]] wet [[EN]]1st bash name[[/EN]] na [[EN]]right[[/EN]],afriswitch-pidgin-000522-OQSy5_Nv_fo_chunk_654052-667040_70--pstn-mulaw,OQSy5_Nv,natural-afriswitch,4
audio/robustness/afriswitch-pidgin-000522-OQSy5_Nv_fo_chunk_654052-667040_70--noise-10db.wav,a81f9cfebf996187b5565d75cab4eab59b755e5c53a50e2ffb3afd95d6656fed,9.520000457763672,noise-10db,12.98799991607666,Pidgin-English,Hey okay well go start OK Alright no worry well they go poo poo OK wet 1st bash name na right,[[EN]]Hey okay well go start OK Alright no worry well they go poo poo OK[[/EN]] wet [[EN]]1st bash name[[/EN]] na [[EN]]right[[/EN]],afriswitch-pidgin-000522-OQSy5_Nv_fo_chunk_654052-667040_70--noise-10db,OQSy5_Nv,natural-afriswitch,4
audio/robustness/afriswitch-pidgin-000522-OQSy5_Nv_fo_chunk_654052-667040_70--packet-loss-3pct.wav,e7a6af8d16e590271a0ed36b6c5cc409a02b6cc52fc83f754f9618b779e77dcd,9.520000457763672,packet-loss-3pct,12.98799991607666,Pidgin-English,Hey okay well go start OK Alright no worry well they go poo poo OK wet 1st bash name na right,[[EN]]Hey okay well go start OK Alright no worry well they go poo poo OK[[/EN]] wet [[EN]]1st bash name[[/EN]] na [[EN]]right[[/EN]],afriswitch-pidgin-000522-OQSy5_Nv_fo_chunk_654052-667040_70--packet-loss-3pct,OQSy5_Nv,natural-afriswitch,4
audio/robustness/afriswitch-pidgin-000524-xZ2eOUH-3s8_chunk_2430272-2440304_245--pstn-mulaw.wav,e14137000d37e9556055ff0c0403342a2d38d6739dacb2f76ff0457015b13df3,37.5,pstn-mulaw,10.031999588012695,Pidgin-English,And protectioning a common main from all these good try amo e really recommended na Spirerable,[[EN]]And[[/EN]] protectioning [[EN]]a common main from all these good[[/EN]] try amo e [[EN]]really recommended[[/EN]] na Spirerable,afriswitch-pidgin-000524-xZ2eOUH-3s8_chunk_2430272-2440304_245--pstn-mulaw,xZ2eOUH_3s8,natural-afriswitch,5
audio/robustness/afriswitch-pidgin-000524-xZ2eOUH-3s8_chunk_2430272-2440304_245--noise-10db.wav,ded50dd3914adb467fbb583edd6f265d91a22960edd10d6fbab6c1f2c8816a89,37.5,noise-10db,10.031999588012695,Pidgin-English,And protectioning a common main from all these good try amo e really recommended na Spirerable,[[EN]]And[[/EN]] protectioning [[EN]]a common main from all these good[[/EN]] try amo e [[EN]]really recommended[[/EN]] na Spirerable,afriswitch-pidgin-000524-xZ2eOUH-3s8_chunk_2430272-2440304_245--noise-10db,xZ2eOUH_3s8,natural-afriswitch,5
audio/robustness/afriswitch-pidgin-000524-xZ2eOUH-3s8_chunk_2430272-2440304_245--packet-loss-3pct.wav,bbdd025c64b1b4b642895a5cd86df44b657f550b3ddb6ffff523fbd7447fef98,37.5,packet-loss-3pct,10.031999588012695,Pidgin-English,And protectioning a common main from all these good try amo e really recommended na Spirerable,[[EN]]And[[/EN]] protectioning [[EN]]a common main from all these good[[/EN]] try amo e [[EN]]really recommended[[/EN]] na Spirerable,afriswitch-pidgin-000524-xZ2eOUH-3s8_chunk_2430272-2440304_245--packet-loss-3pct,xZ2eOUH_3s8,natural-afriswitch,5
audio/robustness/afriswitch-pidgin-000540-7HJVodnEhoo_chunk_107728-118464_14--pstn-mulaw.wav,f508f24e0ceab54cfc6796fe37a23a688b405621016191776878403a5def024f,11.430000305175781,pstn-mulaw,10.736000061035156,Pidgin-English,No let give it any cooration And is not to falt of ease He as a health challenge we have the one of the hand shaking we have the one of a bit of incerence,No let [[EN]]give it any cooration[[/EN]] [[EN]]And is not to falt of ease[[/EN]] He as [[EN]]a health challenge[[/EN]] [[EN]]we have the one of the hand shaking we have the one of a bit of incerence[[/EN]],afriswitch-pidgin-000540-7HJVodnEhoo_chunk_107728-118464_14--pstn-mulaw,7HJVodnEhoo_chunk,natural-afriswitch,3
audio/robustness/afriswitch-pidgin-000540-7HJVodnEhoo_chunk_107728-118464_14--noise-10db.wav,3338adefbda385865f870a5c890c1f5d00d67399d40a98750d6e1b80cc2d3db4,11.430000305175781,noise-10db,10.736000061035156,Pidgin-English,No let give it any cooration And is not to falt of ease He as a health challenge we have the one of the hand shaking we have the one of a bit of incerence,No let [[EN]]give it any cooration[[/EN]] [[EN]]And is not to falt of ease[[/EN]] He as [[EN]]a health challenge[[/EN]] [[EN]]we have the one of the hand shaking we have the one of a bit of incerence[[/EN]],afriswitch-pidgin-000540-7HJVodnEhoo_chunk_107728-118464_14--noise-10db,7HJVodnEhoo_chunk,natural-afriswitch,3
audio/robustness/afriswitch-pidgin-000540-7HJVodnEhoo_chunk_107728-118464_14--packet-loss-3pct.wav,715cd24d9dbf4be54f17ce6cec8f8a37b4f128fbf2a143958f3d770dba0a5b23,11.430000305175781,packet-loss-3pct,10.736000061035156,Pidgin-English,No let give it any cooration And is not to falt of ease He as a health challenge we have the one of the hand shaking we have the one of a bit of incerence,No let [[EN]]give it any cooration[[/EN]] [[EN]]And is not to falt of ease[[/EN]] He as [[EN]]a health challenge[[/EN]] [[EN]]we have the one of the hand shaking we have the one of a bit of incerence[[/EN]],afriswitch-pidgin-000540-7HJVodnEhoo_chunk_107728-118464_14--packet-loss-3pct,7HJVodnEhoo_chunk,natural-afriswitch,3
audio/robustness/afriswitch-pidgin-000547-ZAdPPeTJJ5s_chunk_258384-263536_28--pstn-mulaw.wav,db1258a43f4cbfc218ada43dcbbcb16a38f14e7a01dbffa137b2e718befd47dd,18.75,pstn-mulaw,5.1519999504089355,Pidgin-English,"But I dey think say we still need more brands, more serious brands for Nigeria today.","[[EN]]But I[[/EN]] dey [[EN]]think[[/EN]] say [[EN]]we still need more brands, more serious brands for[[/EN]] Nigeria [[EN]]today[[/EN]].",afriswitch-pidgin-000547-ZAdPPeTJJ5s_chunk_258384-263536_28--pstn-mulaw,ZAdPPeTJJ5s_chunk,natural-afriswitch,6
audio/robustness/afriswitch-pidgin-000547-ZAdPPeTJJ5s_chunk_258384-263536_28--noise-10db.wav,c74798201e0e5cc3f0bfbd652f40033513bc170affe02108168f56b6e78ea7b2,18.75,noise-10db,5.1519999504089355,Pidgin-English,"But I dey think say we still need more brands, more serious brands for Nigeria today.","[[EN]]But I[[/EN]] dey [[EN]]think[[/EN]] say [[EN]]we still need more brands, more serious brands for[[/EN]] Nigeria [[EN]]today[[/EN]].",afriswitch-pidgin-000547-ZAdPPeTJJ5s_chunk_258384-263536_28--noise-10db,ZAdPPeTJJ5s_chunk,natural-afriswitch,6
audio/robustness/afriswitch-pidgin-000547-ZAdPPeTJJ5s_chunk_258384-263536_28--packet-loss-3pct.wav,f8ec95905bb9746a3b86ec1a8d9d195d4f5b4bd566b894d8c5d373ddc9622233,18.75,packet-loss-3pct,5.1519999504089355,Pidgin-English,"But I dey think say we still need more brands, more serious brands for Nigeria today.","[[EN]]But I[[/EN]] dey [[EN]]think[[/EN]] say [[EN]]we still need more brands, more serious brands for[[/EN]] Nigeria [[EN]]today[[/EN]].",afriswitch-pidgin-000547-ZAdPPeTJJ5s_chunk_258384-263536_28--packet-loss-3pct,ZAdPPeTJJ5s_chunk,natural-afriswitch,6
audio/robustness/afriswitch-pidgin-000555-Tnuqs_hHhrU_chunk_573808-589024_61--pstn-mulaw.wav,512ffd6cb0d8dd2699e6592c4ec74781922dab5608caafbefe5b0afe3e01ab4d,7.139999866485596,pstn-mulaw,15.215999603271484,Pidgin-English,If there are no information on blocks and websites on that particular filings for Nigeria expecially you are not going to find anything or you say your foreign don tire and everything and if somebody that does not have the right information,[[EN]]If there are no information on blocks and websites on that particular filings for[[/EN]] Nigeria [[EN]]expecially you are not going to find anything or you say your foreign[[/EN]] don tire [[EN]]and everything and if somebody that does not have the right information[[/EN]],afriswitch-pidgin-000555-Tnuqs_hHhrU_chunk_573808-589024_61--pstn-mulaw,Tnuqs_hHhrU,natural-afriswitch,4
audio/robustness/afriswitch-pidgin-000555-Tnuqs_hHhrU_chunk_573808-589024_61--noise-10db.wav,4bf4197c895c41efff06957b9141a779855bce57343f815a17c6953614cbda5c,7.139999866485596,noise-10db,15.215999603271484,Pidgin-English,If there are no information on blocks and websites on that particular filings for Nigeria expecially you are not going to find anything or you say your foreign don tire and everything and if somebody that does not have the right information,[[EN]]If there are no information on blocks and websites on that particular filings for[[/EN]] Nigeria [[EN]]expecially you are not going to find anything or you say your foreign[[/EN]] don tire [[EN]]and everything and if somebody that does not have the right information[[/EN]],afriswitch-pidgin-000555-Tnuqs_hHhrU_chunk_573808-589024_61--noise-10db,Tnuqs_hHhrU,natural-afriswitch,4
audio/robustness/afriswitch-pidgin-000555-Tnuqs_hHhrU_chunk_573808-589024_61--packet-loss-3pct.wav,5f47cb7d430a2fcd3966ef362bffcf8fa5015004c2cbb71d55bcffe80bacbac0,7.139999866485596,packet-loss-3pct,15.215999603271484,Pidgin-English,If there are no information on blocks and websites on that particular filings for Nigeria expecially you are not going to find anything or you say your foreign don tire and everything and if somebody that does not have the right information,[[EN]]If there are no information on blocks and websites on that particular filings for[[/EN]] Nigeria [[EN]]expecially you are not going to find anything or you say your foreign[[/EN]] don tire [[EN]]and everything and if somebody that does not have the right information[[/EN]],afriswitch-pidgin-000555-Tnuqs_hHhrU_chunk_573808-589024_61--packet-loss-3pct,Tnuqs_hHhrU,natural-afriswitch,4
audio/robustness/afriswitch-pidgin-000580-J0WK3BjHwdM_chunk_2674148-2685632_297--pstn-mulaw.wav,c56abe01df03f994a7fd0d5ae3d89969359d64d388ddf2d16b547917290954f3,12.5,pstn-mulaw,11.484000205993652,Pidgin-English,I go like to ask To been going to visit the padent why cal the predent car with the nation that my question alra,I go [[EN]]like to ask[[/EN]] [[EN]]To been going to visit the padent[[/EN]] [[EN]]why cal the predent car with the nation that my question[[/EN]] alra,afriswitch-pidgin-000580-J0WK3BjHwdM_chunk_2674148-2685632_297--pstn-mulaw,J0WK3BjHwdM_chunk,natural-afriswitch,2
audio/robustness/afriswitch-pidgin-000580-J0WK3BjHwdM_chunk_2674148-2685632_297--noise-10db.wav,8c5c4b4a60a8b7c623e07e156241dcee3da8c0f1ad99b60f75217a729ccf0eb6,12.5,noise-10db,11.484000205993652,Pidgin-English,I go like to ask To been going to visit the padent why cal the predent car with the nation that my question alra,I go [[EN]]like to ask[[/EN]] [[EN]]To been going to visit the padent[[/EN]] [[EN]]why cal the predent car with the nation that my question[[/EN]] alra,afriswitch-pidgin-000580-J0WK3BjHwdM_chunk_2674148-2685632_297--noise-10db,J0WK3BjHwdM_chunk,natural-afriswitch,2
audio/robustness/afriswitch-pidgin-000580-J0WK3BjHwdM_chunk_2674148-2685632_297--packet-loss-3pct.wav,61d7bfbcdf313380c04836a70689bbefdbef6dab3cb835cb21e5d6e1c3726924,12.5,packet-loss-3pct,11.484000205993652,Pidgin-English,I go like to ask To been going to visit the padent why cal the predent car with the nation that my question alra,I go [[EN]]like to ask[[/EN]] [[EN]]To been going to visit the padent[[/EN]] [[EN]]why cal the predent car with the nation that my question[[/EN]] alra,afriswitch-pidgin-000580-J0WK3BjHwdM_chunk_2674148-2685632_297--packet-loss-3pct,J0WK3BjHwdM_chunk,natural-afriswitch,2
audio/robustness/afriswitch-pidgin-000588-A2hGL6mAVHQ_chunk_166944-170704_13--pstn-mulaw.wav,edcc5e685db1a43f2a36fa9303b32b411c22683d1b53c88862cf1d81f2f1216e,42.86000061035156,pstn-mulaw,3.759999990463257,Pidgin-English,163 days after the budget suppose don dey,[[EN]]163 days after the budget[[/EN]] suppose don dey,afriswitch-pidgin-000588-A2hGL6mAVHQ_chunk_166944-170704_13--pstn-mulaw,A2hGL6mAVHQ_chunk,natural-afriswitch,1
audio/robustness/afriswitch-pidgin-000588-A2hGL6mAVHQ_chunk_166944-170704_13--noise-10db.wav,1b9b52d974991c5c322c9b4b77f893e2406c33934ba01785c5313d08ffe5644f,42.86000061035156,noise-10db,3.759999990463257,Pidgin-English,163 days after the budget suppose don dey,[[EN]]163 days after the budget[[/EN]] suppose don dey,afriswitch-pidgin-000588-A2hGL6mAVHQ_chunk_166944-170704_13--noise-10db,A2hGL6mAVHQ_chunk,natural-afriswitch,1
audio/robustness/afriswitch-pidgin-000588-A2hGL6mAVHQ_chunk_166944-170704_13--packet-loss-3pct.wav,a882e196647c58d251c5bd5c0e36027019b45d78b5a3f6cd43cc4c2ddd9f2b4e,42.86000061035156,packet-loss-3pct,3.759999990463257,Pidgin-English,163 days after the budget suppose don dey,[[EN]]163 days after the budget[[/EN]] suppose don dey,afriswitch-pidgin-000588-A2hGL6mAVHQ_chunk_166944-170704_13--packet-loss-3pct,A2hGL6mAVHQ_chunk,natural-afriswitch,1
audio/robustness/afriswitch-pidgin-000601-Xd1qSmsxVHY_chunk_613840-626912_69--pstn-mulaw.wav,a5be127e31124f05ff5151ab4831319ef4ce9ec3a8c580d281b9057758ea0c15,31.709999084472656,pstn-mulaw,13.071999549865723,Pidgin-English,Popular party and until now I never hear any new say that investigation oh here dem don reach oh wetin dem don get be this So we need say no be just make him tell us say na dis na that,[[EN]]Popular party and until now I never hear any new say that investigation[[/EN]] oh here dem don reach oh wetin dem don get be this So we need say no be just make him tell us say na dis na that,afriswitch-pidgin-000601-Xd1qSmsxVHY_chunk_613840-626912_69--pstn-mulaw,Xd1qSmsxVHY_chunk,natural-afriswitch,1
audio/robustness/afriswitch-pidgin-000601-Xd1qSmsxVHY_chunk_613840-626912_69--noise-10db.wav,698ad5180b6b47899fa9cd427d8c9ef1115ac56e48dbc2536fed0f86c7e9d98e,31.709999084472656,noise-10db,13.071999549865723,Pidgin-English,Popular party and until now I never hear any new say that investigation oh here dem don reach oh wetin dem don get be this So we need say no be just make him tell us say na dis na that,[[EN]]Popular party and until now I never hear any new say that investigation[[/EN]] oh here dem don reach oh wetin dem don get be this So we need say no be just make him tell us say na dis na that,afriswitch-pidgin-000601-Xd1qSmsxVHY_chunk_613840-626912_69--noise-10db,Xd1qSmsxVHY_chunk,natural-afriswitch,1
audio/robustness/afriswitch-pidgin-000601-Xd1qSmsxVHY_chunk_613840-626912_69--packet-loss-3pct.wav,acda753f3f5247f2579974b3c85923f380220de052412be6865f2d3f2375e3f3,31.709999084472656,packet-loss-3pct,13.071999549865723,Pidgin-English,Popular party and until now I never hear any new say that investigation oh here dem don reach oh wetin dem don get be this So we need say no be just make him tell us say na dis na that,[[EN]]Popular party and until now I never hear any new say that investigation[[/EN]] oh here dem don reach oh wetin dem don get be this So we need say no be just make him tell us say na dis na that,afriswitch-pidgin-000601-Xd1qSmsxVHY_chunk_613840-626912_69--packet-loss-3pct,Xd1qSmsxVHY_chunk,natural-afriswitch,1
audio/robustness/afriswitch-pidgin-000608-yAGZmZ7ZZ3I_chunk_1289248-1296624_130--pstn-mulaw.wav,068c066610c4e051b01dbf0611ce8e1728adfa95c601e73e853503dd0332d35c,29.6299991607666,pstn-mulaw,7.375999927520752,Pidgin-English,Then 5 years later 10 years later dem say the machine no dey work again I wan ask you wetin we go put in place to use emure say,[[EN]]Then 5 years later 10 years later[[/EN]] dem say the [[EN]]machine[[/EN]] no dey work again I wan ask you wetin we go put [[EN]]in place[[/EN]] to use emure say,afriswitch-pidgin-000608-yAGZmZ7ZZ3I_chunk_1289248-1296624_130--pstn-mulaw,yAGZmZ7ZZ3I_chunk,natural-afriswitch,5
audio/robustness/afriswitch-pidgin-000608-yAGZmZ7ZZ3I_chunk_1289248-1296624_130--noise-10db.wav,3076784a651ee8c7edc44af910f75b0ea4a5f1b34f07417cde868ece5a08d7df,29.6299991607666,noise-10db,7.375999927520752,Pidgin-English,Then 5 years later 10 years later dem say the machine no dey work again I wan ask you wetin we go put in place to use emure say,[[EN]]Then 5 years later 10 years later[[/EN]] dem say the [[EN]]machine[[/EN]] no dey work again I wan ask you wetin we go put [[EN]]in place[[/EN]] to use emure say,afriswitch-pidgin-000608-yAGZmZ7ZZ3I_chunk_1289248-1296624_130--noise-10db,yAGZmZ7ZZ3I_chunk,natural-afriswitch,5
audio/robustness/afriswitch-pidgin-000608-yAGZmZ7ZZ3I_chunk_1289248-1296624_130--packet-loss-3pct.wav,42613de8b69b28b9f37b5cc03c4be048edc4278f979ceaa62c6ad98725f82d4a,29.6299991607666,packet-loss-3pct,7.375999927520752,Pidgin-English,Then 5 years later 10 years later dem say the machine no dey work again I wan ask you wetin we go put in place to use emure say,[[EN]]Then 5 years later 10 years later[[/EN]] dem say the [[EN]]machine[[/EN]] no dey work again I wan ask you wetin we go put [[EN]]in place[[/EN]] to use emure say,afriswitch-pidgin-000608-yAGZmZ7ZZ3I_chunk_1289248-1296624_130--packet-loss-3pct,yAGZmZ7ZZ3I_chunk,natural-afriswitch,5
audio/robustness/afriswitch-pidgin-000609-z4Lo33Zj7cU_chunk_278864-284160_31--pstn-mulaw.wav,acbf35c7171a6ea8fc6175408b7693de65fa3ba8476fa078a447657771bbada1,18.18000030517578,pstn-mulaw,5.296000003814697,Pidgin-English,Hello and you no I think I think I solve this torry and the way the man even put the call through,[[EN]]Hello[[/EN]] and you no [[EN]]I think I think I solve this[[/EN]] torry [[EN]]and the way the man even put the call through[[/EN]],afriswitch-pidgin-000609-z4Lo33Zj7cU_chunk_278864-284160_31--pstn-mulaw,z4Lo33Zj7cU_chunk,natural-afriswitch,4
audio/robustness/afriswitch-pidgin-000609-z4Lo33Zj7cU_chunk_278864-284160_31--noise-10db.wav,d606703852f3c5fb43d26ccef54e18ac9c676703b3711b2f05f88a35dc5f398c,18.18000030517578,noise-10db,5.296000003814697,Pidgin-English,Hello and you no I think I think I solve this torry and the way the man even put the call through,[[EN]]Hello[[/EN]] and you no [[EN]]I think I think I solve this[[/EN]] torry [[EN]]and the way the man even put the call through[[/EN]],afriswitch-pidgin-000609-z4Lo33Zj7cU_chunk_278864-284160_31--noise-10db,z4Lo33Zj7cU_chunk,natural-afriswitch,4
audio/robustness/afriswitch-pidgin-000609-z4Lo33Zj7cU_chunk_278864-284160_31--packet-loss-3pct.wav,321e41bc24b1236db2afcfdc79a07fe5f2a725ad0d03406233695808a84f30c4,18.18000030517578,packet-loss-3pct,5.296000003814697,Pidgin-English,Hello and you no I think I think I solve this torry and the way the man even put the call through,[[EN]]Hello[[/EN]] and you no [[EN]]I think I think I solve this[[/EN]] torry [[EN]]and the way the man even put the call through[[/EN]],afriswitch-pidgin-000609-z4Lo33Zj7cU_chunk_278864-284160_31--packet-loss-3pct,z4Lo33Zj7cU_chunk,natural-afriswitch,4
audio/robustness/afriswitch-pidgin-000634-tjWi5Z68sCM_chunk_174384-180352_16--pstn-mulaw.wav,2f8ac04c44b4aed1116e95368f0533ece8172660458fcc042230f4ff2b7d396d,11.760000228881836,pstn-mulaw,5.9679999351501465,Pidgin-English,The process of selling it to anybody is communicating of value that product of service wey actm,[[EN]]The process of selling it to anybody is communicating of value that product of service[[/EN]] wey actm,afriswitch-pidgin-000634-tjWi5Z68sCM_chunk_174384-180352_16--pstn-mulaw,tjWi5Z68sCM_chunk,natural-afriswitch,1
audio/robustness/afriswitch-pidgin-000634-tjWi5Z68sCM_chunk_174384-180352_16--noise-10db.wav,9f067ae78057b2a8a6851e665032995fff8510cc9a32af531f87d708e245b1d7,11.760000228881836,noise-10db,5.9679999351501465,Pidgin-English,The process of selling it to anybody is communicating of value that product of service wey actm,[[EN]]The process of selling it to anybody is communicating of value that product of service[[/EN]] wey actm,afriswitch-pidgin-000634-tjWi5Z68sCM_chunk_174384-180352_16--noise-10db,tjWi5Z68sCM_chunk,natural-afriswitch,1
audio/robustness/afriswitch-pidgin-000634-tjWi5Z68sCM_chunk_174384-180352_16--packet-loss-3pct.wav,c563bb0d7bc98126753ea825a84a74517db046391dd0175b2c3670270e3f369e,11.760000228881836,packet-loss-3pct,5.9679999351501465,Pidgin-English,The process of selling it to anybody is communicating of value that product of service wey actm,[[EN]]The process of selling it to anybody is communicating of value that product of service[[/EN]] wey actm,afriswitch-pidgin-000634-tjWi5Z68sCM_chunk_174384-180352_16--packet-loss-3pct,tjWi5Z68sCM_chunk,natural-afriswitch,1
audio/robustness/afriswitch-pidgin-000653-sUFEQs_lQbA_chunk_230640-240096_32--pstn-mulaw.wav,d1561d6babc3273bf21eb72957c2648fb046e3e8f7c884d41182c5729707c065,44.7400016784668,pstn-mulaw,9.456000328063965,Pidgin-English,Now him too Dey use the mal use they control the movement to inside If fall in to us we dey [[ENEN]]laugh we go talk say disease najeriia na argeriia we dey E go dey very very important,[[EN]]Now[[/EN]] him too Dey [[EN]]use[[/EN]] the mal [[EN]]use[[/EN]] they [[EN]]control the movement to inside[[/EN]] If [[EN]]fall in to us[[/EN]] we dey [[ENEN]]laugh[[/EN]] we go [[EN]]talk[[/EN]] say [[EN]]disease[[/EN]] najeriia na argeriia we dey E go dey [[EN]]very very important[[/EN]],afriswitch-pidgin-000653-sUFEQs_lQbA_chunk_230640-240096_32--pstn-mulaw,sUFEQs_lQbA,natural-afriswitch,14
audio/robustness/afriswitch-pidgin-000653-sUFEQs_lQbA_chunk_230640-240096_32--noise-10db.wav,f56d5822024c6432deb7f67746fc0c8ef4cf45070b7c835fd53871da434aa943,44.7400016784668,noise-10db,9.456000328063965,Pidgin-English,Now him too Dey use the mal use they control the movement to inside If fall in to us we dey [[ENEN]]laugh we go talk say disease najeriia na argeriia we dey E go dey very very important,[[EN]]Now[[/EN]] him too Dey [[EN]]use[[/EN]] the mal [[EN]]use[[/EN]] they [[EN]]control the movement to inside[[/EN]] If [[EN]]fall in to us[[/EN]] we dey [[ENEN]]laugh[[/EN]] we go [[EN]]talk[[/EN]] say [[EN]]disease[[/EN]] najeriia na argeriia we dey E go dey [[EN]]very very important[[/EN]],afriswitch-pidgin-000653-sUFEQs_lQbA_chunk_230640-240096_32--noise-10db,sUFEQs_lQbA,natural-afriswitch,14
audio/robustness/afriswitch-pidgin-000653-sUFEQs_lQbA_chunk_230640-240096_32--packet-loss-3pct.wav,82b4352d7ba8b09e43fa6932e93c54731972405d4cf71e7fb773f944ca1cb1ac,44.7400016784668,packet-loss-3pct,9.456000328063965,Pidgin-English,Now him too Dey use the mal use they control the movement to inside If fall in to us we dey [[ENEN]]laugh we go talk say disease najeriia na argeriia we dey E go dey very very important,[[EN]]Now[[/EN]] him too Dey [[EN]]use[[/EN]] the mal [[EN]]use[[/EN]] they [[EN]]control the movement to inside[[/EN]] If [[EN]]fall in to us[[/EN]] we dey [[ENEN]]laugh[[/EN]] we go [[EN]]talk[[/EN]] say [[EN]]disease[[/EN]] najeriia na argeriia we dey E go dey [[EN]]very very important[[/EN]],afriswitch-pidgin-000653-sUFEQs_lQbA_chunk_230640-240096_32--packet-loss-3pct,sUFEQs_lQbA,natural-afriswitch,14
audio/robustness/afriswitch-pidgin-000663-HOVWi6z4k0Q_chunk_319904-326000_35--pstn-mulaw.wav,69a59e5218bf945d4fd15e2abe666b71cb1708b8e9c7fa4d8b54ede8276b500e,11.109999656677246,pstn-mulaw,6.0960001945495605,Pidgin-English,E even know the thoughts of my heart So the question be the way am treating this person,E [[EN]]even know the thoughts of my heart[[/EN]] [[EN]]So the question[[/EN]] be [[EN]]the way am treating this person[[/EN]],afriswitch-pidgin-000663-HOVWi6z4k0Q_chunk_319904-326000_35--pstn-mulaw,HOVWi6z4k0Q_chunk,natural-afriswitch,3
audio/robustness/afriswitch-pidgin-000663-HOVWi6z4k0Q_chunk_319904-326000_35--noise-10db.wav,2a97bd6755936a802936b151e10251432a745af7d5012b5c4d15a8591adc4568,11.109999656677246,noise-10db,6.0960001945495605,Pidgin-English,E even know the thoughts of my heart So the question be the way am treating this person,E [[EN]]even know the thoughts of my heart[[/EN]] [[EN]]So the question[[/EN]] be [[EN]]the way am treating this person[[/EN]],afriswitch-pidgin-000663-HOVWi6z4k0Q_chunk_319904-326000_35--noise-10db,HOVWi6z4k0Q_chunk,natural-afriswitch,3
audio/robustness/afriswitch-pidgin-000663-HOVWi6z4k0Q_chunk_319904-326000_35--packet-loss-3pct.wav,972606b1e3787a104f475681dbfac12f279789b10a2a6b19ad4c9f18d45182e9,11.109999656677246,packet-loss-3pct,6.0960001945495605,Pidgin-English,E even know the thoughts of my heart So the question be the way am treating this person,E [[EN]]even know the thoughts of my heart[[/EN]] [[EN]]So the question[[/EN]] be [[EN]]the way am treating this person[[/EN]],afriswitch-pidgin-000663-HOVWi6z4k0Q_chunk_319904-326000_35--packet-loss-3pct,HOVWi6z4k0Q_chunk,natural-afriswitch,3
audio/robustness/afriswitch-pidgin-000686-v57KDLPaMTk_chunk_431520-437244_50--pstn-mulaw.wav,964da4b4a0cb7c8bbb7ea92d53f3bc321cab1a12e70b735b365ef1dad5f82843,44.439998626708984,pstn-mulaw,6.308000087738037,Pidgin-English,With all dis different frustration we go sit down with different people dem go begin dey complain say,[[EN]]With all[[/EN]] dis [[EN]]different frustration[[/EN]] we go [[EN]]sit down with different people[[/EN]] dem go begin dey [[EN]]complain[[/EN]] say,afriswitch-pidgin-000686-v57KDLPaMTk_chunk_431520-437244_50--pstn-mulaw,v57KDLPaMTk_chunk,natural-afriswitch,7
audio/robustness/afriswitch-pidgin-000686-v57KDLPaMTk_chunk_431520-437244_50--noise-10db.wav,63b6fb27749d7b7ccae32e96cc6a75388b73a172d6fb069e9df45c04aa9e5b25,44.439998626708984,noise-10db,6.308000087738037,Pidgin-English,With all dis different frustration we go sit down with different people dem go begin dey complain say,[[EN]]With all[[/EN]] dis [[EN]]different frustration[[/EN]] we go [[EN]]sit down with different people[[/EN]] dem go begin dey [[EN]]complain[[/EN]] say,afriswitch-pidgin-000686-v57KDLPaMTk_chunk_431520-437244_50--noise-10db,v57KDLPaMTk_chunk,natural-afriswitch,7
audio/robustness/afriswitch-pidgin-000686-v57KDLPaMTk_chunk_431520-437244_50--packet-loss-3pct.wav,45e8324a4667acbeddb1a800a2ed4852320a87cc67312d2b1243fb7bb6f5b398,44.439998626708984,packet-loss-3pct,6.308000087738037,Pidgin-English,With all dis different frustration we go sit down with different people dem go begin dey complain say,[[EN]]With all[[/EN]] dis [[EN]]different frustration[[/EN]] we go [[EN]]sit down with different people[[/EN]] dem go begin dey [[EN]]complain[[/EN]] say,afriswitch-pidgin-000686-v57KDLPaMTk_chunk_431520-437244_50--packet-loss-3pct,v57KDLPaMTk_chunk,natural-afriswitch,7
audio/robustness/afriswitch-pidgin-000699-hYAH9m4_QCw_chunk_3205744-3216416_308--pstn-mulaw.wav,c79ad8fb06c202b783c6c28a58540db8cc2c52ff474f748a97bc256abfb1866e,22.219999313354492,pstn-mulaw,10.67199993133545,Pidgin-English,As we dey try conclude with our gar wey don hear with us this issue of migration wey I ask you wey be say waka from one state enter the other one Eh fall out join conclude until all the things wey we dey people,As we dey try conclude with our gar wey don hear with us [[EN]]this issue of migration[[/EN]] wey I ask you wey be say waka from one state enter the other one Eh [[EN]]fall out[[/EN]] join conclude [[EN]]until all the things[[/EN]] wey we dey people,afriswitch-pidgin-000699-hYAH9m4_QCw_chunk_3205744-3216416_308--pstn-mulaw,hYAH9m4_QCw,natural-afriswitch,6
audio/robustness/afriswitch-pidgin-000699-hYAH9m4_QCw_chunk_3205744-3216416_308--noise-10db.wav,705cc14020842e2289c46c0ad642a8ace2bd6d64e68fd0c5298fc9832bf3bde7,22.219999313354492,noise-10db,10.67199993133545,Pidgin-English,As we dey try conclude with our gar wey don hear with us this issue of migration wey I ask you wey be say waka from one state enter the other one Eh fall out join conclude until all the things wey we dey people,As we dey try conclude with our gar wey don hear with us [[EN]]this issue of migration[[/EN]] wey I ask you wey be say waka from one state enter the other one Eh [[EN]]fall out[[/EN]] join conclude [[EN]]until all the things[[/EN]] wey we dey people,afriswitch-pidgin-000699-hYAH9m4_QCw_chunk_3205744-3216416_308--noise-10db,hYAH9m4_QCw,natural-afriswitch,6
audio/robustness/afriswitch-pidgin-000699-hYAH9m4_QCw_chunk_3205744-3216416_308--packet-loss-3pct.wav,37ece2e07afe893b2c0326a0078aa7d451dea7f0f9106411b308ef21e44faa7f,22.219999313354492,packet-loss-3pct,10.67199993133545,Pidgin-English,As we dey try conclude with our gar wey don hear with us this issue of migration wey I ask you wey be say waka from one state enter the other one Eh fall out join conclude until all the things wey we dey people,As we dey try conclude with our gar wey don hear with us [[EN]]this issue of migration[[/EN]] wey I ask you wey be say waka from one state enter the other one Eh [[EN]]fall out[[/EN]] join conclude [[EN]]until all the things[[/EN]] wey we dey people,afriswitch-pidgin-000699-hYAH9m4_QCw_chunk_3205744-3216416_308--packet-loss-3pct,hYAH9m4_QCw,natural-afriswitch,6
audio/robustness/afriswitch-pidgin-000718-nd_x-tUy0CI_chunk_32976-38320_3--pstn-mulaw.wav,b2698c6aa06f96ccb0f1977903c08272087f8c4481129323c2d72f783d824e42,8.329999923706055,pstn-mulaw,5.343999862670898,Pidgin-English,His wonder dey address and focus attention There is a welcome development,[[EN]]His wonder[[/EN]] dey [[EN]]address and focus attention[[/EN]] [[EN]]There is a welcome development[[/EN]],afriswitch-pidgin-000718-nd_x-tUy0CI_chunk_32976-38320_3--pstn-mulaw,nd_x,natural-afriswitch,2
audio/robustness/afriswitch-pidgin-000718-nd_x-tUy0CI_chunk_32976-38320_3--noise-10db.wav,b9e1ee1cbb58ec0e1fb956a162ac845ba4ef16d018e089db6ac9430e314294b7,8.329999923706055,noise-10db,5.343999862670898,Pidgin-English,His wonder dey address and focus attention There is a welcome development,[[EN]]His wonder[[/EN]] dey [[EN]]address and focus attention[[/EN]] [[EN]]There is a welcome development[[/EN]],afriswitch-pidgin-000718-nd_x-tUy0CI_chunk_32976-38320_3--noise-10db,nd_x,natural-afriswitch,2
audio/robustness/afriswitch-pidgin-000718-nd_x-tUy0CI_chunk_32976-38320_3--packet-loss-3pct.wav,d051a3f6dfa26b600673afcb494a1dcf7dadda8d7e5d11b6a34fc5955ea83647,8.329999923706055,packet-loss-3pct,5.343999862670898,Pidgin-English,His wonder dey address and focus attention There is a welcome development,[[EN]]His wonder[[/EN]] dey [[EN]]address and focus attention[[/EN]] [[EN]]There is a welcome development[[/EN]],afriswitch-pidgin-000718-nd_x-tUy0CI_chunk_32976-38320_3--packet-loss-3pct,nd_x,natural-afriswitch,2
audio/robustness/afriswitch-pidgin-000721-QJUOy3vsPy0_chunk_457760-460624_36--pstn-mulaw.wav,7dec8cb4df9b0badde244cbe8ccb2be9fbb61f820c26f88730d14aaae06f6fff,14.289999961853027,pstn-mulaw,2.864000082015991,Pidgin-English,"fit show some kind stubbornness, But then","fit [[EN]]show some kind stubbornness, But then[[/EN]]",afriswitch-pidgin-000721-QJUOy3vsPy0_chunk_457760-460624_36--pstn-mulaw,QJUOy3vsPy0_chunk,natural-afriswitch,1
audio/robustness/afriswitch-pidgin-000721-QJUOy3vsPy0_chunk_457760-460624_36--noise-10db.wav,aed44260de8272eb0acaa9b8216f1109a21a38cabaa7a2434a8d528d42cabc11,14.289999961853027,noise-10db,2.864000082015991,Pidgin-English,"fit show some kind stubbornness, But then","fit [[EN]]show some kind stubbornness, But then[[/EN]]",afriswitch-pidgin-000721-QJUOy3vsPy0_chunk_457760-460624_36--noise-10db,QJUOy3vsPy0_chunk,natural-afriswitch,1
audio/robustness/afriswitch-pidgin-000721-QJUOy3vsPy0_chunk_457760-460624_36--packet-loss-3pct.wav,14f203ced1eb1dd7347c4a76c11d16b5fd7ffc377a03e9c04959e6e6f14c3544,14.289999961853027,packet-loss-3pct,2.864000082015991,Pidgin-English,"fit show some kind stubbornness, But then","fit [[EN]]show some kind stubbornness, But then[[/EN]]",afriswitch-pidgin-000721-QJUOy3vsPy0_chunk_457760-460624_36--packet-loss-3pct,QJUOy3vsPy0_chunk,natural-afriswitch,1
audio/robustness/afriswitch-pidgin-000723-K-kjfSxpotY_chunk_2724400-2728064_316--pstn-mulaw.wav,5fa29c03da31b13a974747c17d3e93d88b94194146eec532f19f075ef6e97b2b,40.0,pstn-mulaw,3.6640000343322754,Pidgin-English,Hand our btile odes God bless oloan clamp for herself,[[EN]]Hand our[[/EN]] btile odes [[EN]]God bless[[/EN]] oloan clamp [[EN]]for herself[[/EN]],afriswitch-pidgin-000723-K-kjfSxpotY_chunk_2724400-2728064_316--pstn-mulaw,K_kjfSxpotY,natural-afriswitch,4
audio/robustness/afriswitch-pidgin-000723-K-kjfSxpotY_chunk_2724400-2728064_316--noise-10db.wav,122b620d3383152dd1aeed3d2ca3762ca5ed8267ce64b19a134101b832f98af8,40.0,noise-10db,3.6640000343322754,Pidgin-English,Hand our btile odes God bless oloan clamp for herself,[[EN]]Hand our[[/EN]] btile odes [[EN]]God bless[[/EN]] oloan clamp [[EN]]for herself[[/EN]],afriswitch-pidgin-000723-K-kjfSxpotY_chunk_2724400-2728064_316--noise-10db,K_kjfSxpotY,natural-afriswitch,4
audio/robustness/afriswitch-pidgin-000723-K-kjfSxpotY_chunk_2724400-2728064_316--packet-loss-3pct.wav,f6c7182b6999ec1bf3437e91e814f625193758c86449d44b194ba0bdd561d0fd,40.0,packet-loss-3pct,3.6640000343322754,Pidgin-English,Hand our btile odes God bless oloan clamp for herself,[[EN]]Hand our[[/EN]] btile odes [[EN]]God bless[[/EN]] oloan clamp [[EN]]for herself[[/EN]],afriswitch-pidgin-000723-K-kjfSxpotY_chunk_2724400-2728064_316--packet-loss-3pct,K_kjfSxpotY,natural-afriswitch,4
audio/robustness/afriswitch-pidgin-000724-iun0yRWpl4A_chunk_138432-154544_12--pstn-mulaw.wav,2329c92e50d6edf35497635502d8c6689298a3823cb29f8f95ead866ca741705,28.56999969482422,pstn-mulaw,16.11199951171875,Pidgin-English,But it be mad and characterized by a lot of money spending money speaking Or use Branus is generalist give brown because our pockets no really deep But if you wan go give a delate,But it be mad [[EN]]and characterized by a lot of money spending money speaking[[/EN]] Or use Branus is generalist give brown because our pockets no really deep But if you wan go give a delate,afriswitch-pidgin-000724-iun0yRWpl4A_chunk_138432-154544_12--pstn-mulaw,iun0yRWpl4A_chunk,natural-afriswitch,2
audio/robustness/afriswitch-pidgin-000724-iun0yRWpl4A_chunk_138432-154544_12--noise-10db.wav,407f1db8ad94d8c86a80689fe32c5a4dc6eaa8ad7d101ba019922e6072736f16,28.56999969482422,noise-10db,16.11199951171875,Pidgin-English,But it be mad and characterized by a lot of money spending money speaking Or use Branus is generalist give brown because our pockets no really deep But if you wan go give a delate,But it be mad [[EN]]and characterized by a lot of money spending money speaking[[/EN]] Or use Branus is generalist give brown because our pockets no really deep But if you wan go give a delate,afriswitch-pidgin-000724-iun0yRWpl4A_chunk_138432-154544_12--noise-10db,iun0yRWpl4A_chunk,natural-afriswitch,2
audio/robustness/afriswitch-pidgin-000724-iun0yRWpl4A_chunk_138432-154544_12--packet-loss-3pct.wav,91fa85c0e7df25ed6adcd36eba0047290704bb4fa3da8ea0d0ac6a1915139fc2,28.56999969482422,packet-loss-3pct,16.11199951171875,Pidgin-English,But it be mad and characterized by a lot of money spending money speaking Or use Branus is generalist give brown because our pockets no really deep But if you wan go give a delate,But it be mad [[EN]]and characterized by a lot of money spending money speaking[[/EN]] Or use Branus is generalist give brown because our pockets no really deep But if you wan go give a delate,afriswitch-pidgin-000724-iun0yRWpl4A_chunk_138432-154544_12--packet-loss-3pct,iun0yRWpl4A_chunk,natural-afriswitch,2
audio/robustness/afriswitch-pidgin-000743-dT2QmZ0611M_chunk_185824-201088_17--pstn-mulaw.wav,305abe3377317c5e38ca811bb5c6d405ad90a0735170070b485fe5859ed4fb94,34.880001068115234,pstn-mulaw,15.263999938964844,Pidgin-English,Dr gland you come your brother don come with some ex to me I know say no be 7 result say is just there gaps and laps in our clinical laboratory. So because of that I say okay the best option to come home,Dr gland you come your brother don come [[EN]]with some ex to me[[/EN]] I know say no be 7 result say [[EN]]is just there gaps and laps in our clinical laboratory. So because of that I say okay the best option to come home[[/EN]],afriswitch-pidgin-000743-dT2QmZ0611M_chunk_185824-201088_17--pstn-mulaw,dT2QmZ0611M_chunk,natural-afriswitch,3
audio/robustness/afriswitch-pidgin-000743-dT2QmZ0611M_chunk_185824-201088_17--noise-10db.wav,be84d900d8ec3a6be497a8743f00168838628cb7d285b879378f97fb76f4ea17,34.880001068115234,noise-10db,15.263999938964844,Pidgin-English,Dr gland you come your brother don come with some ex to me I know say no be 7 result say is just there gaps and laps in our clinical laboratory. So because of that I say okay the best option to come home,Dr gland you come your brother don come [[EN]]with some ex to me[[/EN]] I know say no be 7 result say [[EN]]is just there gaps and laps in our clinical laboratory. So because of that I say okay the best option to come home[[/EN]],afriswitch-pidgin-000743-dT2QmZ0611M_chunk_185824-201088_17--noise-10db,dT2QmZ0611M_chunk,natural-afriswitch,3
audio/robustness/afriswitch-pidgin-000743-dT2QmZ0611M_chunk_185824-201088_17--packet-loss-3pct.wav,44e0415f35864cbf34d1be896c3e58ad8f159deacdf9366dbb0476aed57fea6b,34.880001068115234,packet-loss-3pct,15.263999938964844,Pidgin-English,Dr gland you come your brother don come with some ex to me I know say no be 7 result say is just there gaps and laps in our clinical laboratory. So because of that I say okay the best option to come home,Dr gland you come your brother don come [[EN]]with some ex to me[[/EN]] I know say no be 7 result say [[EN]]is just there gaps and laps in our clinical laboratory. So because of that I say okay the best option to come home[[/EN]],afriswitch-pidgin-000743-dT2QmZ0611M_chunk_185824-201088_17--packet-loss-3pct,dT2QmZ0611M_chunk,natural-afriswitch,3
audio/robustness/afriswitch-pidgin-000781-88ibNUUOWJ0_chunk_129952-142432_15--pstn-mulaw.wav,7c299bbcd269bd6fcddea615180b5b8d1a7165ff7cf5c5abc0f7436872fd5b63,41.18000030517578,pstn-mulaw,12.479999542236328,Pidgin-English,and them more exposed to the mosquito a child sleeping without the benefit of a net You probry get like double the number of mosquito bice on the dters cause the child know wetin,and them [[EN]]more exposed to the mosquito a child sleeping without the benefit of a net[[/EN]] You probry get like double the number of mosquito bice on the dters cause the child know wetin,afriswitch-pidgin-000781-88ibNUUOWJ0_chunk_129952-142432_15--pstn-mulaw,88ibNUUOWJ0_chunk,natural-afriswitch,2
audio/robustness/afriswitch-pidgin-000781-88ibNUUOWJ0_chunk_129952-142432_15--noise-10db.wav,60202a185188a376d7f71deafdb1d2e62a8dbf86c688234d21743102e6648f2f,41.18000030517578,noise-10db,12.479999542236328,Pidgin-English,and them more exposed to the mosquito a child sleeping without the benefit of a net You probry get like double the number of mosquito bice on the dters cause the child know wetin,and them [[EN]]more exposed to the mosquito a child sleeping without the benefit of a net[[/EN]] You probry get like double the number of mosquito bice on the dters cause the child know wetin,afriswitch-pidgin-000781-88ibNUUOWJ0_chunk_129952-142432_15--noise-10db,88ibNUUOWJ0_chunk,natural-afriswitch,2
audio/robustness/afriswitch-pidgin-000781-88ibNUUOWJ0_chunk_129952-142432_15--packet-loss-3pct.wav,033a9e6fa0b22c2052e67ad963d6b53dacd4fc93601471b0897d80fa06a2898e,41.18000030517578,packet-loss-3pct,12.479999542236328,Pidgin-English,and them more exposed to the mosquito a child sleeping without the benefit of a net You probry get like double the number of mosquito bice on the dters cause the child know wetin,and them [[EN]]more exposed to the mosquito a child sleeping without the benefit of a net[[/EN]] You probry get like double the number of mosquito bice on the dters cause the child know wetin,afriswitch-pidgin-000781-88ibNUUOWJ0_chunk_129952-142432_15--packet-loss-3pct,88ibNUUOWJ0_chunk,natural-afriswitch,2
audio/robustness/afriswitch-pidgin-000797-X9pupuZZhiA_chunk_2207824-2215824_235--pstn-mulaw.wav,8bbfaa5c13282254ce3060f51c08dadb7e73b4cedad97f29079790f1e7293bd6,24.0,pstn-mulaw,8.0,Pidgin-English,Because of wetin things happening in the country honestly make I shake you know say Election na the time wey be say you get power,Because of wetin [[EN]]things happening in the country honestly[[/EN]] make I shake you know say Election na the time wey be say you get power,afriswitch-pidgin-000797-X9pupuZZhiA_chunk_2207824-2215824_235--pstn-mulaw,X9pupuZZhiA_chunk,natural-afriswitch,2
audio/robustness/afriswitch-pidgin-000797-X9pupuZZhiA_chunk_2207824-2215824_235--noise-10db.wav,e570e40d9c178e5f8f0eb08b45ee41b37a1228664ed13e2027cef7f9f042e3b5,24.0,noise-10db,8.0,Pidgin-English,Because of wetin things happening in the country honestly make I shake you know say Election na the time wey be say you get power,Because of wetin [[EN]]things happening in the country honestly[[/EN]] make I shake you know say Election na the time wey be say you get power,afriswitch-pidgin-000797-X9pupuZZhiA_chunk_2207824-2215824_235--noise-10db,X9pupuZZhiA_chunk,natural-afriswitch,2
audio/robustness/afriswitch-pidgin-000797-X9pupuZZhiA_chunk_2207824-2215824_235--packet-loss-3pct.wav,239198021e144104ecef4e5a3561999cf144558dd6487724f509efa01cd24067,24.0,packet-loss-3pct,8.0,Pidgin-English,Because of wetin things happening in the country honestly make I shake you know say Election na the time wey be say you get power,Because of wetin [[EN]]things happening in the country honestly[[/EN]] make I shake you know say Election na the time wey be say you get power,afriswitch-pidgin-000797-X9pupuZZhiA_chunk_2207824-2215824_235--packet-loss-3pct,X9pupuZZhiA_chunk,natural-afriswitch,2
audio/robustness/afriswitch-pidgin-000798-6y72GLjOhlU_chunk_658464-671664_67--pstn-mulaw.wav,b24d6b96e63e4fb95cddc8ce269ecfda422c8db7805b80e0199fbfd16eb87aeb,47.060001373291016,pstn-mulaw,13.199999809265137,Pidgin-English,So like Abeg bir the next day So she was very very like cues I remember I give me should hope I forget I fit tell So um she give to me and she,So like Abeg bir [[EN]]the next day[[/EN]] [[EN]]So she was very very like cues[[/EN]] I remember I give me should hope I forget I fit tell [[EN]]So um she give to me and she[[/EN]],afriswitch-pidgin-000798-6y72GLjOhlU_chunk_658464-671664_67--pstn-mulaw,6y72GLjOhlU_chunk,natural-afriswitch,3
audio/robustness/afriswitch-pidgin-000798-6y72GLjOhlU_chunk_658464-671664_67--noise-10db.wav,68583f4a8a7099255381f6773c6a2babcda2caf30755978766a2fae2da7a9f90,47.060001373291016,noise-10db,13.199999809265137,Pidgin-English,So like Abeg bir the next day So she was very very like cues I remember I give me should hope I forget I fit tell So um she give to me and she,So like Abeg bir [[EN]]the next day[[/EN]] [[EN]]So she was very very like cues[[/EN]] I remember I give me should hope I forget I fit tell [[EN]]So um she give to me and she[[/EN]],afriswitch-pidgin-000798-6y72GLjOhlU_chunk_658464-671664_67--noise-10db,6y72GLjOhlU_chunk,natural-afriswitch,3
audio/robustness/afriswitch-pidgin-000798-6y72GLjOhlU_chunk_658464-671664_67--packet-loss-3pct.wav,115280a886e62113c634c778614e9c1e6e738766f128e7f68c9136aa90ad580c,47.060001373291016,packet-loss-3pct,13.199999809265137,Pidgin-English,So like Abeg bir the next day So she was very very like cues I remember I give me should hope I forget I fit tell So um she give to me and she,So like Abeg bir [[EN]]the next day[[/EN]] [[EN]]So she was very very like cues[[/EN]] I remember I give me should hope I forget I fit tell [[EN]]So um she give to me and she[[/EN]],afriswitch-pidgin-000798-6y72GLjOhlU_chunk_658464-671664_67--packet-loss-3pct,6y72GLjOhlU_chunk,natural-afriswitch,3
audio/robustness/afriswitch-pidgin-000813-t5HLkDCnOWA_chunk_78064-84256_8--pstn-mulaw.wav,93c18f01903d1fa07c0159c5b162c96f6ad694148b221e40ad32490c065ec6c9,39.130001068115234,pstn-mulaw,6.191999912261963,Pidgin-English,Space for inside budone na angia why you decide we always like start to this but why you decide to go forency sit,[[EN]]Space[[/EN]] for inside budone na angia [[EN]]why you decide[[/EN]] we [[EN]]always like start to this[[/EN]] but [[EN]]why you decide to go[[/EN]] forency sit,afriswitch-pidgin-000813-t5HLkDCnOWA_chunk_78064-84256_8--pstn-mulaw,t5HLkDCnOWA_chunk,natural-afriswitch,7
audio/robustness/afriswitch-pidgin-000813-t5HLkDCnOWA_chunk_78064-84256_8--noise-10db.wav,07f7aa90509bc213d291c1bab9e8ce73005056ed313092992e6ec384591b30c7,39.130001068115234,noise-10db,6.191999912261963,Pidgin-English,Space for inside budone na angia why you decide we always like start to this but why you decide to go forency sit,[[EN]]Space[[/EN]] for inside budone na angia [[EN]]why you decide[[/EN]] we [[EN]]always like start to this[[/EN]] but [[EN]]why you decide to go[[/EN]] forency sit,afriswitch-pidgin-000813-t5HLkDCnOWA_chunk_78064-84256_8--noise-10db,t5HLkDCnOWA_chunk,natural-afriswitch,7
audio/robustness/afriswitch-pidgin-000813-t5HLkDCnOWA_chunk_78064-84256_8--packet-loss-3pct.wav,d70f11c415ca0747be2b0a8e37de5787dec5096ef57a5b96f316012dd2cd0a4b,39.130001068115234,packet-loss-3pct,6.191999912261963,Pidgin-English,Space for inside budone na angia why you decide we always like start to this but why you decide to go forency sit,[[EN]]Space[[/EN]] for inside budone na angia [[EN]]why you decide[[/EN]] we [[EN]]always like start to this[[/EN]] but [[EN]]why you decide to go[[/EN]] forency sit,afriswitch-pidgin-000813-t5HLkDCnOWA_chunk_78064-84256_8--packet-loss-3pct,t5HLkDCnOWA_chunk,natural-afriswitch,7
audio/robustness/afriswitch-pidgin-000833-1_1fTDdED8c_chunk_1366352-1371824_135--pstn-mulaw.wav,88ac8b857dafee3fb4dc6979a5a9fdcf38aeb1ec24c1ac4f4ecbfcb55d1c46af,33.33000183105469,pstn-mulaw,5.4720001220703125,Pidgin-English,Me am not a fan of you borrowing more more cause we don borrow enough now also Wetin,Me [[EN]]am not a fan of you borrowing more more[[/EN]] cause we don borrow [[EN]]enough now also[[/EN]] Wetin,afriswitch-pidgin-000833-1_1fTDdED8c_chunk_1366352-1371824_135--pstn-mulaw,1_1fTDdED8c,natural-afriswitch,4
audio/robustness/afriswitch-pidgin-000833-1_1fTDdED8c_chunk_1366352-1371824_135--noise-10db.wav,6f969030c531e5cccd378ef922b27d034c1fc263ef30aadf1a5ef0db6c67fe7b,33.33000183105469,noise-10db,5.4720001220703125,Pidgin-English,Me am not a fan of you borrowing more more cause we don borrow enough now also Wetin,Me [[EN]]am not a fan of you borrowing more more[[/EN]] cause we don borrow [[EN]]enough now also[[/EN]] Wetin,afriswitch-pidgin-000833-1_1fTDdED8c_chunk_1366352-1371824_135--noise-10db,1_1fTDdED8c,natural-afriswitch,4
audio/robustness/afriswitch-pidgin-000833-1_1fTDdED8c_chunk_1366352-1371824_135--packet-loss-3pct.wav,7424ae46a7f7d19e7d30e18c576861b1bb6cf5354f7b7158f3532ad82c4a5e2e,33.33000183105469,packet-loss-3pct,5.4720001220703125,Pidgin-English,Me am not a fan of you borrowing more more cause we don borrow enough now also Wetin,Me [[EN]]am not a fan of you borrowing more more[[/EN]] cause we don borrow [[EN]]enough now also[[/EN]] Wetin,afriswitch-pidgin-000833-1_1fTDdED8c_chunk_1366352-1371824_135--packet-loss-3pct,1_1fTDdED8c,natural-afriswitch,4
audio/robustness/afriswitch-pidgin-000848-C0iDsPp6JrQ_chunk_262976-275312_24--pstn-mulaw.wav,00f3b9426120334c113bd34ba400c50f3ea78b61dc50005256ca55aa3e73459b,37.13999938964844,pstn-mulaw,12.336000442504883,Pidgin-English,She loves eating anything her heart don nut treatal value She house don dae chop my while eat small wey we have enough things head her I still think common in law things and help,[[EN]]She loves eating anything[[/EN]] her heart don nut treatal value She house don dae chop my while eat small wey we have enough things head her [[EN]]I still think common in law things and help[[/EN]],afriswitch-pidgin-000848-C0iDsPp6JrQ_chunk_262976-275312_24--pstn-mulaw,C0iDsPp6JrQ_chunk,natural-afriswitch,2
audio/robustness/afriswitch-pidgin-000848-C0iDsPp6JrQ_chunk_262976-275312_24--noise-10db.wav,7c6797eedba1e853163d1f5a297fb4e83cacb9857afddd1ce669035b12713e53,37.13999938964844,noise-10db,12.336000442504883,Pidgin-English,She loves eating anything her heart don nut treatal value She house don dae chop my while eat small wey we have enough things head her I still think common in law things and help,[[EN]]She loves eating anything[[/EN]] her heart don nut treatal value She house don dae chop my while eat small wey we have enough things head her [[EN]]I still think common in law things and help[[/EN]],afriswitch-pidgin-000848-C0iDsPp6JrQ_chunk_262976-275312_24--noise-10db,C0iDsPp6JrQ_chunk,natural-afriswitch,2
audio/robustness/afriswitch-pidgin-000848-C0iDsPp6JrQ_chunk_262976-275312_24--packet-loss-3pct.wav,fbd187a70cbb8852e51a76bea2e77a052e9c1b0e4f6efddd0862aecb786d8cd8,37.13999938964844,packet-loss-3pct,12.336000442504883,Pidgin-English,She loves eating anything her heart don nut treatal value She house don dae chop my while eat small wey we have enough things head her I still think common in law things and help,[[EN]]She loves eating anything[[/EN]] her heart don nut treatal value She house don dae chop my while eat small wey we have enough things head her [[EN]]I still think common in law things and help[[/EN]],afriswitch-pidgin-000848-C0iDsPp6JrQ_chunk_262976-275312_24--packet-loss-3pct,C0iDsPp6JrQ_chunk,natural-afriswitch,2
audio/robustness/afriswitch-pidgin-000866-Z9L1VHZB_S0_chunk_386464-393072_45--pstn-mulaw.wav,7466c44e9c2e7e4a209d98b3d537316af42f4744ac112a4ad22c975c2bfee54e,31.579999923706055,pstn-mulaw,6.607999801635742,Pidgin-English,I dey read for their office to tell dem wetin dey wrong with you and dem go come. Now,[[EN]]I[[/EN]] dey read for their [[EN]]office[[/EN]] to tell dem wetin dey [[EN]]wrong with you[[/EN]] and dem go come. [[EN]]Now[[/EN]],afriswitch-pidgin-000866-Z9L1VHZB_S0_chunk_386464-393072_45--pstn-mulaw,Z9L1VHZB_S0,natural-afriswitch,6
audio/robustness/afriswitch-pidgin-000866-Z9L1VHZB_S0_chunk_386464-393072_45--noise-10db.wav,b9fc9f7ed935355d36462b3634211ca5ed4e4bf0fa598fd9feda55130b6864bf,31.579999923706055,noise-10db,6.607999801635742,Pidgin-English,I dey read for their office to tell dem wetin dey wrong with you and dem go come. Now,[[EN]]I[[/EN]] dey read for their [[EN]]office[[/EN]] to tell dem wetin dey [[EN]]wrong with you[[/EN]] and dem go come. [[EN]]Now[[/EN]],afriswitch-pidgin-000866-Z9L1VHZB_S0_chunk_386464-393072_45--noise-10db,Z9L1VHZB_S0,natural-afriswitch,6
audio/robustness/afriswitch-pidgin-000866-Z9L1VHZB_S0_chunk_386464-393072_45--packet-loss-3pct.wav,9641290066e706aa0438af8f8fc7d3dc5bafeb3e9789837219efcc7681d74158,31.579999923706055,packet-loss-3pct,6.607999801635742,Pidgin-English,I dey read for their office to tell dem wetin dey wrong with you and dem go come. Now,[[EN]]I[[/EN]] dey read for their [[EN]]office[[/EN]] to tell dem wetin dey [[EN]]wrong with you[[/EN]] and dem go come. [[EN]]Now[[/EN]],afriswitch-pidgin-000866-Z9L1VHZB_S0_chunk_386464-393072_45--packet-loss-3pct,Z9L1VHZB_S0,natural-afriswitch,6
audio/robustness/afriswitch-pidgin-000868-kn79DscHayw_chunk_171088-176064_20--pstn-mulaw.wav,055c070450c7866ddf6f9bf6060f27230e77262e8c36d20efa7e993dc8748ac4,23.530000686645508,pstn-mulaw,4.97599983215332,Pidgin-English,Because I know say people dey suffer I don decide say I wan dey collect only 10 cobour,[[EN]]Because I know[[/EN]] say people dey suffer I don decide say I wan dey collect [[EN]]only 10[[/EN]] cobour,afriswitch-pidgin-000868-kn79DscHayw_chunk_171088-176064_20--pstn-mulaw,kn79DscHayw_chunk,natural-afriswitch,3
audio/robustness/afriswitch-pidgin-000868-kn79DscHayw_chunk_171088-176064_20--noise-10db.wav,9d81f30bec5fc68290cbaac5b7d10a5417ca465f00b44d9240e967a8fea4aada,23.530000686645508,noise-10db,4.97599983215332,Pidgin-English,Because I know say people dey suffer I don decide say I wan dey collect only 10 cobour,[[EN]]Because I know[[/EN]] say people dey suffer I don decide say I wan dey collect [[EN]]only 10[[/EN]] cobour,afriswitch-pidgin-000868-kn79DscHayw_chunk_171088-176064_20--noise-10db,kn79DscHayw_chunk,natural-afriswitch,3
audio/robustness/afriswitch-pidgin-000868-kn79DscHayw_chunk_171088-176064_20--packet-loss-3pct.wav,35a8e14a7bc7950ebc035f9633a975f477b803d63d70e6d4146c34c13c1d8317,23.530000686645508,packet-loss-3pct,4.97599983215332,Pidgin-English,Because I know say people dey suffer I don decide say I wan dey collect only 10 cobour,[[EN]]Because I know[[/EN]] say people dey suffer I don decide say I wan dey collect [[EN]]only 10[[/EN]] cobour,afriswitch-pidgin-000868-kn79DscHayw_chunk_171088-176064_20--packet-loss-3pct,kn79DscHayw_chunk,natural-afriswitch,3
audio/robustness/afriswitch-pidgin-000899-K-kjfSxpotY_chunk_912016-919344_102--pstn-mulaw.wav,817fa7eaac84dcefdef44121c527f691c843720b3d6eaa830eee5cb6a8ca3efb,33.33000183105469,pstn-mulaw,7.328000068664551,Pidgin-English,Limatches na the guy come vex enter inside studio go release another one wey him call bugarga and that one come,Limatches na the guy come vex enter [[EN]]inside studio[[/EN]] go [[EN]]release another one[[/EN]] wey him [[EN]]call bugarga[[/EN]] and that one come,afriswitch-pidgin-000899-K-kjfSxpotY_chunk_912016-919344_102--pstn-mulaw,K_kjfSxpotY,natural-afriswitch,6
audio/robustness/afriswitch-pidgin-000899-K-kjfSxpotY_chunk_912016-919344_102--noise-10db.wav,f710f34b8a8f63dec9a9a85ebd95f15a0d071e76ebc24749110f36773adae29c,33.33000183105469,noise-10db,7.328000068664551,Pidgin-English,Limatches na the guy come vex enter inside studio go release another one wey him call bugarga and that one come,Limatches na the guy come vex enter [[EN]]inside studio[[/EN]] go [[EN]]release another one[[/EN]] wey him [[EN]]call bugarga[[/EN]] and that one come,afriswitch-pidgin-000899-K-kjfSxpotY_chunk_912016-919344_102--noise-10db,K_kjfSxpotY,natural-afriswitch,6
audio/robustness/afriswitch-pidgin-000899-K-kjfSxpotY_chunk_912016-919344_102--packet-loss-3pct.wav,5cea702704078a486a01b45629295d99f9725af125a2d4342d8b98e8f70e78f9,33.33000183105469,packet-loss-3pct,7.328000068664551,Pidgin-English,Limatches na the guy come vex enter inside studio go release another one wey him call bugarga and that one come,Limatches na the guy come vex enter [[EN]]inside studio[[/EN]] go [[EN]]release another one[[/EN]] wey him [[EN]]call bugarga[[/EN]] and that one come,afriswitch-pidgin-000899-K-kjfSxpotY_chunk_912016-919344_102--packet-loss-3pct,K_kjfSxpotY,natural-afriswitch,6
audio/robustness/afriswitch-pidgin-000914-agcYS5eX-OI_chunk_428496-437216_47--pstn-mulaw.wav,e292318f584f57d8208f59286da858638add9d1cec54dca9b9f72b062ad9b426,6.900000095367432,pstn-mulaw,8.720000267028809,Pidgin-English,Wetin happen at that time is it ann historical thing we need to keep in the for front of our new democracy so that people can know the heroes,Wetin happen [[EN]]at that time is it ann historical thing we need to keep in the for front of our new democracy so that people can know the heroes[[/EN]],afriswitch-pidgin-000914-agcYS5eX-OI_chunk_428496-437216_47--pstn-mulaw,agcYS5eX_OI,natural-afriswitch,1
audio/robustness/afriswitch-pidgin-000914-agcYS5eX-OI_chunk_428496-437216_47--noise-10db.wav,662ca5041fc4fa3275c92b421dbac39b01ebf973f2719303d10e384d1f4a2c52,6.900000095367432,noise-10db,8.720000267028809,Pidgin-English,Wetin happen at that time is it ann historical thing we need to keep in the for front of our new democracy so that people can know the heroes,Wetin happen [[EN]]at that time is it ann historical thing we need to keep in the for front of our new democracy so that people can know the heroes[[/EN]],afriswitch-pidgin-000914-agcYS5eX-OI_chunk_428496-437216_47--noise-10db,agcYS5eX_OI,natural-afriswitch,1
audio/robustness/afriswitch-pidgin-000914-agcYS5eX-OI_chunk_428496-437216_47--packet-loss-3pct.wav,fcd5a0f52500631ffde20233a0edd8f9da3ef559fa8c74a8d947b5e0beb72b2f,6.900000095367432,packet-loss-3pct,8.720000267028809,Pidgin-English,Wetin happen at that time is it ann historical thing we need to keep in the for front of our new democracy so that people can know the heroes,Wetin happen [[EN]]at that time is it ann historical thing we need to keep in the for front of our new democracy so that people can know the heroes[[/EN]],afriswitch-pidgin-000914-agcYS5eX-OI_chunk_428496-437216_47--packet-loss-3pct,agcYS5eX_OI,natural-afriswitch,1
audio/robustness/afriswitch-pidgin-000922-v57KDLPaMTk_chunk_2557616-2571152_285--pstn-mulaw.wav,6267ff39768e2de124d1330baab461a2904592a5d0c8f985caad4e5150afe958,17.780000686645508,pstn-mulaw,13.53600025177002,Pidgin-English,Pobic holiday people go 1st call their friends say is really to dey really public holiday go believe say goent dey lie E trust deficit dey too high E get anything wey you dey plan to use say okay o way we go take correct,[[EN]]Pobic holiday[[/EN]] people go 1st call their friends say [[EN]]is really[[/EN]] to dey really [[EN]]public holiday[[/EN]] go believe say goent dey lie E [[EN]]trust deficit[[/EN]] dey too high E get anything wey you dey plan to use say okay o way we go take correct,afriswitch-pidgin-000922-v57KDLPaMTk_chunk_2557616-2571152_285--pstn-mulaw,v57KDLPaMTk_chunk,natural-afriswitch,7
audio/robustness/afriswitch-pidgin-000922-v57KDLPaMTk_chunk_2557616-2571152_285--noise-10db.wav,1aa8865344664ff34658b52a32a0fb65c6336a038501c9a3fa393f867ea0bacf,17.780000686645508,noise-10db,13.53600025177002,Pidgin-English,Pobic holiday people go 1st call their friends say is really to dey really public holiday go believe say goent dey lie E trust deficit dey too high E get anything wey you dey plan to use say okay o way we go take correct,[[EN]]Pobic holiday[[/EN]] people go 1st call their friends say [[EN]]is really[[/EN]] to dey really [[EN]]public holiday[[/EN]] go believe say goent dey lie E [[EN]]trust deficit[[/EN]] dey too high E get anything wey you dey plan to use say okay o way we go take correct,afriswitch-pidgin-000922-v57KDLPaMTk_chunk_2557616-2571152_285--noise-10db,v57KDLPaMTk_chunk,natural-afriswitch,7
audio/robustness/afriswitch-pidgin-000922-v57KDLPaMTk_chunk_2557616-2571152_285--packet-loss-3pct.wav,43dd1b68f2716bd11c2025c00aff8617f17d3deaa0b892348df0080c62227d1f,17.780000686645508,packet-loss-3pct,13.53600025177002,Pidgin-English,Pobic holiday people go 1st call their friends say is really to dey really public holiday go believe say goent dey lie E trust deficit dey too high E get anything wey you dey plan to use say okay o way we go take correct,[[EN]]Pobic holiday[[/EN]] people go 1st call their friends say [[EN]]is really[[/EN]] to dey really [[EN]]public holiday[[/EN]] go believe say goent dey lie E [[EN]]trust deficit[[/EN]] dey too high E get anything wey you dey plan to use say okay o way we go take correct,afriswitch-pidgin-000922-v57KDLPaMTk_chunk_2557616-2571152_285--packet-loss-3pct,v57KDLPaMTk_chunk,natural-afriswitch,7
audio/robustness/afriswitch-pidgin-000926-4_AyeqXMUGk_chunk_1241728-1251440_109--pstn-mulaw.wav,7ce6fb619977c5d5e388e3ea0a8e79d6af7859212f6c328dc1370db0b5c07382,24.0,pstn-mulaw,9.711999893188477,Pidgin-English,Hey if her this one dae so massive I no even know how to start Most people addicted to poography I mean you think about,[[EN]]Hey if her this one[[/EN]] dae so [[EN]]massive[[/EN]] I no even know [[EN]]how to start[[/EN]] [[EN]]Most people addicted to poography I mean you think about[[/EN]],afriswitch-pidgin-000926-4_AyeqXMUGk_chunk_1241728-1251440_109--pstn-mulaw,4_AyeqXMUGk,natural-afriswitch,4
audio/robustness/afriswitch-pidgin-000926-4_AyeqXMUGk_chunk_1241728-1251440_109--noise-10db.wav,9dfebcb7609ae8fa7237a1bb387e956cce37ab95636232c00636ad9b78158c6e,24.0,noise-10db,9.711999893188477,Pidgin-English,Hey if her this one dae so massive I no even know how to start Most people addicted to poography I mean you think about,[[EN]]Hey if her this one[[/EN]] dae so [[EN]]massive[[/EN]] I no even know [[EN]]how to start[[/EN]] [[EN]]Most people addicted to poography I mean you think about[[/EN]],afriswitch-pidgin-000926-4_AyeqXMUGk_chunk_1241728-1251440_109--noise-10db,4_AyeqXMUGk,natural-afriswitch,4
audio/robustness/afriswitch-pidgin-000926-4_AyeqXMUGk_chunk_1241728-1251440_109--packet-loss-3pct.wav,801e779b8bc37957bc1f2cc35819ce7526abca06c57f739b56905a08b3f01850,24.0,packet-loss-3pct,9.711999893188477,Pidgin-English,Hey if her this one dae so massive I no even know how to start Most people addicted to poography I mean you think about,[[EN]]Hey if her this one[[/EN]] dae so [[EN]]massive[[/EN]] I no even know [[EN]]how to start[[/EN]] [[EN]]Most people addicted to poography I mean you think about[[/EN]],afriswitch-pidgin-000926-4_AyeqXMUGk_chunk_1241728-1251440_109--packet-loss-3pct,4_AyeqXMUGk,natural-afriswitch,4
audio/robustness/afriswitch-pidgin-000928-WtNRR-6liOc_chunk_2676000-2691248_304--pstn-mulaw.wav,ec823765378eebf3bc4a8fe6242d6db62f05ba6b06500fe6314bd3665ee779fd,25.0,pstn-mulaw,15.248000144958496,Pidgin-English,Ele go line up face me One person go stand face me the other person go stand for the back of that person for face the opposite direction Those remaining 5 everybody get heads for hand so now music go dey play for una ear,Ele go line up face me [[EN]]One person[[/EN]] go stand face me [[EN]]the other person[[/EN]] go stand for the back of that person for face [[EN]]the opposite direction[[/EN]] [[EN]]Those remaining 5 everybody[[/EN]] get heads for hand so now music go dey play for una ear,afriswitch-pidgin-000928-WtNRR-6liOc_chunk_2676000-2691248_304--pstn-mulaw,WtNRR_6liOc,natural-afriswitch,6
audio/robustness/afriswitch-pidgin-000928-WtNRR-6liOc_chunk_2676000-2691248_304--noise-10db.wav,4513a0225a3022854825d314bcc9be8d387ae0830c94337bb744d51a30df2bab,25.0,noise-10db,15.248000144958496,Pidgin-English,Ele go line up face me One person go stand face me the other person go stand for the back of that person for face the opposite direction Those remaining 5 everybody get heads for hand so now music go dey play for una ear,Ele go line up face me [[EN]]One person[[/EN]] go stand face me [[EN]]the other person[[/EN]] go stand for the back of that person for face [[EN]]the opposite direction[[/EN]] [[EN]]Those remaining 5 everybody[[/EN]] get heads for hand so now music go dey play for una ear,afriswitch-pidgin-000928-WtNRR-6liOc_chunk_2676000-2691248_304--noise-10db,WtNRR_6liOc,natural-afriswitch,6
audio/robustness/afriswitch-pidgin-000928-WtNRR-6liOc_chunk_2676000-2691248_304--packet-loss-3pct.wav,276d8bbda0e4afd14266ddebcdf2fa638558806c7773b2cf9546287bed9b8b5d,25.0,packet-loss-3pct,15.248000144958496,Pidgin-English,Ele go line up face me One person go stand face me the other person go stand for the back of that person for face the opposite direction Those remaining 5 everybody get heads for hand so now music go dey play for una ear,Ele go line up face me [[EN]]One person[[/EN]] go stand face me [[EN]]the other person[[/EN]] go stand for the back of that person for face [[EN]]the opposite direction[[/EN]] [[EN]]Those remaining 5 everybody[[/EN]] get heads for hand so now music go dey play for una ear,afriswitch-pidgin-000928-WtNRR-6liOc_chunk_2676000-2691248_304--packet-loss-3pct,WtNRR_6liOc,natural-afriswitch,6
audio/robustness/afriswitch-pidgin-000966-iAd6G_uxm3A_chunk_515872-532416_54--pstn-mulaw.wav,0401911f42afca5b96da3fa11a8a32f79295bc38bb19cdc120f1ec92b122d3c0,48.38999938964844,pstn-mulaw,16.54400062561035,Pidgin-English,"painful. I want ask you one very very crucial question, very important question. Okay. How many followers do you have on Instagram? Omoh, e dey increase everyday I no even know I no fit count. You no fit count. I no fit count right now. E don increase. At the moment I no fit count am but last I checked, 1 thousand something","[[EN]]painful. I want ask you one very very crucial question, very important question. Okay. How many followers do you have on Instagram?[[/EN]] Omoh, e dey increase everyday I no even know I no fit count. You no fit count. I no fit count right now. E don increase. [[EN]]At the moment[[/EN]] I no fit count am but [[EN]]last I checked, 1 thousand something[[/EN]]",afriswitch-pidgin-000966-iAd6G_uxm3A_chunk_515872-532416_54--pstn-mulaw,iAd6G_uxm3A,natural-afriswitch,4
audio/robustness/afriswitch-pidgin-000966-iAd6G_uxm3A_chunk_515872-532416_54--noise-10db.wav,7062d110868387b56c2a79ec19e01a837d721a9f6aa29ad5d9fb14bf09073419,48.38999938964844,noise-10db,16.54400062561035,Pidgin-English,"painful. I want ask you one very very crucial question, very important question. Okay. How many followers do you have on Instagram? Omoh, e dey increase everyday I no even know I no fit count. You no fit count. I no fit count right now. E don increase. At the moment I no fit count am but last I checked, 1 thousand something","[[EN]]painful. I want ask you one very very crucial question, very important question. Okay. How many followers do you have on Instagram?[[/EN]] Omoh, e dey increase everyday I no even know I no fit count. You no fit count. I no fit count right now. E don increase. [[EN]]At the moment[[/EN]] I no fit count am but [[EN]]last I checked, 1 thousand something[[/EN]]",afriswitch-pidgin-000966-iAd6G_uxm3A_chunk_515872-532416_54--noise-10db,iAd6G_uxm3A,natural-afriswitch,4
audio/robustness/afriswitch-pidgin-000966-iAd6G_uxm3A_chunk_515872-532416_54--packet-loss-3pct.wav,a4aa9ab6bf9fa5a7d8d4ea9b0f29df27a40d0457cbca75db7bb340a810dfae81,48.38999938964844,packet-loss-3pct,16.54400062561035,Pidgin-English,"painful. I want ask you one very very crucial question, very important question. Okay. How many followers do you have on Instagram? Omoh, e dey increase everyday I no even know I no fit count. You no fit count. I no fit count right now. E don increase. At the moment I no fit count am but last I checked, 1 thousand something","[[EN]]painful. I want ask you one very very crucial question, very important question. Okay. How many followers do you have on Instagram?[[/EN]] Omoh, e dey increase everyday I no even know I no fit count. You no fit count. I no fit count right now. E don increase. [[EN]]At the moment[[/EN]] I no fit count am but [[EN]]last I checked, 1 thousand something[[/EN]]",afriswitch-pidgin-000966-iAd6G_uxm3A_chunk_515872-532416_54--packet-loss-3pct,iAd6G_uxm3A,natural-afriswitch,4
audio/robustness/afriswitch-pidgin-001020-1zBz4CVEogs_chunk_930336-939024_94--pstn-mulaw.wav,b11473a35cd417041d75d7eb597840cad3eaf8c59a5acc39fe15def9a06ff6c0,31.25,pstn-mulaw,8.687999725341797,Pidgin-English,We dey try do jan level he jump out Jan e jump out from window na private hospital when dem carry am go We need to dey tell our sef the truth,We dey try do jan level [[EN]]he jump out[[/EN]] Jan e jump out [[EN]]from window[[/EN]] na [[EN]]private hospital[[/EN]] when dem carry am go [[EN]]We need to[[/EN]] dey tell our sef the truth,afriswitch-pidgin-001020-1zBz4CVEogs_chunk_930336-939024_94--pstn-mulaw,1zBz4CVEogs_chunk,natural-afriswitch,8
audio/robustness/afriswitch-pidgin-001020-1zBz4CVEogs_chunk_930336-939024_94--noise-10db.wav,017242ec4fea935ebc489ffcc0381bb64c1773a4b9b25b10e8871c2fa5fdc3fd,31.25,noise-10db,8.687999725341797,Pidgin-English,We dey try do jan level he jump out Jan e jump out from window na private hospital when dem carry am go We need to dey tell our sef the truth,We dey try do jan level [[EN]]he jump out[[/EN]] Jan e jump out [[EN]]from window[[/EN]] na [[EN]]private hospital[[/EN]] when dem carry am go [[EN]]We need to[[/EN]] dey tell our sef the truth,afriswitch-pidgin-001020-1zBz4CVEogs_chunk_930336-939024_94--noise-10db,1zBz4CVEogs_chunk,natural-afriswitch,8
audio/robustness/afriswitch-pidgin-001020-1zBz4CVEogs_chunk_930336-939024_94--packet-loss-3pct.wav,6c9fc187492a66b6525d1b57a9c44d7c1a60a542eea3b4246e73b45b16a52f7b,31.25,packet-loss-3pct,8.687999725341797,Pidgin-English,We dey try do jan level he jump out Jan e jump out from window na private hospital when dem carry am go We need to dey tell our sef the truth,We dey try do jan level [[EN]]he jump out[[/EN]] Jan e jump out [[EN]]from window[[/EN]] na [[EN]]private hospital[[/EN]] when dem carry am go [[EN]]We need to[[/EN]] dey tell our sef the truth,afriswitch-pidgin-001020-1zBz4CVEogs_chunk_930336-939024_94--packet-loss-3pct,1zBz4CVEogs_chunk,natural-afriswitch,8
audio/robustness/afriswitch-pidgin-001032-JOFivO3qn0U_chunk_1126448-1133808_130--pstn-mulaw.wav,074e93142c2c5cdb8915d356b6d8bbd870ec5a316cd28d552ecc975811ccf04e,45.83000183105469,pstn-mulaw,7.360000133514404,Pidgin-English,E go see dr E go see motivation e go see the lifestyle So na wetin else e motivate all these things join together,E go see [[EN]]dr[[/EN]] E go see [[EN]]motivation[[/EN]] e go see [[EN]]the lifestyle[[/EN]] So na wetin [[EN]]else[[/EN]] e [[EN]]motivate[[/EN]] [[EN]]all these things join together[[/EN]],afriswitch-pidgin-001032-JOFivO3qn0U_chunk_1126448-1133808_130--pstn-mulaw,JOFivO3qn0U_chunk,natural-afriswitch,9
audio/robustness/afriswitch-pidgin-001032-JOFivO3qn0U_chunk_1126448-1133808_130--noise-10db.wav,52361aa5a9dfa14a269e460d0821745a727ee08cb04c6dd5d7988dc75e6564fc,45.83000183105469,noise-10db,7.360000133514404,Pidgin-English,E go see dr E go see motivation e go see the lifestyle So na wetin else e motivate all these things join together,E go see [[EN]]dr[[/EN]] E go see [[EN]]motivation[[/EN]] e go see [[EN]]the lifestyle[[/EN]] So na wetin [[EN]]else[[/EN]] e [[EN]]motivate[[/EN]] [[EN]]all these things join together[[/EN]],afriswitch-pidgin-001032-JOFivO3qn0U_chunk_1126448-1133808_130--noise-10db,JOFivO3qn0U_chunk,natural-afriswitch,9
audio/robustness/afriswitch-pidgin-001032-JOFivO3qn0U_chunk_1126448-1133808_130--packet-loss-3pct.wav,fe2613ad9dcbb8afd3403d6373bab457924fd046e92a32da3cd5e19bcb7def34,45.83000183105469,packet-loss-3pct,7.360000133514404,Pidgin-English,E go see dr E go see motivation e go see the lifestyle So na wetin else e motivate all these things join together,E go see [[EN]]dr[[/EN]] E go see [[EN]]motivation[[/EN]] e go see [[EN]]the lifestyle[[/EN]] So na wetin [[EN]]else[[/EN]] e [[EN]]motivate[[/EN]] [[EN]]all these things join together[[/EN]],afriswitch-pidgin-001032-JOFivO3qn0U_chunk_1126448-1133808_130--packet-loss-3pct,JOFivO3qn0U_chunk,natural-afriswitch,9
audio/robustness/afriswitch-pidgin-001037-YPsvoZ2qhIc_chunk_44704-49856_6--pstn-mulaw.wav,26a04eabc7aef71d34f1b31ad894a654349fb77560ade688ad429384d6b6b745,12.0,pstn-mulaw,5.1519999504089355,Pidgin-English,But e get one top wey we hear today and I dey sure say as a loose story person go don get this talk Eh,[[EN]]But[[/EN]] e get one top wey we hear [[EN]]today[[/EN]] [[EN]]and[[/EN]] I dey sure say as a loose story person go don get this talk Eh,afriswitch-pidgin-001037-YPsvoZ2qhIc_chunk_44704-49856_6--pstn-mulaw,YPsvoZ2qhIc_chunk,natural-afriswitch,3
audio/robustness/afriswitch-pidgin-001037-YPsvoZ2qhIc_chunk_44704-49856_6--noise-10db.wav,5e03b3d29983ef7883803767cee026f0a59d0464ebabcf38fa544ebaa46ddca3,12.0,noise-10db,5.1519999504089355,Pidgin-English,But e get one top wey we hear today and I dey sure say as a loose story person go don get this talk Eh,[[EN]]But[[/EN]] e get one top wey we hear [[EN]]today[[/EN]] [[EN]]and[[/EN]] I dey sure say as a loose story person go don get this talk Eh,afriswitch-pidgin-001037-YPsvoZ2qhIc_chunk_44704-49856_6--noise-10db,YPsvoZ2qhIc_chunk,natural-afriswitch,3
audio/robustness/afriswitch-pidgin-001037-YPsvoZ2qhIc_chunk_44704-49856_6--packet-loss-3pct.wav,dfa7a00d09c974afc9fe8d8e4935531e50ea28783f35fcb5a3ce67f2114eec3b,12.0,packet-loss-3pct,5.1519999504089355,Pidgin-English,But e get one top wey we hear today and I dey sure say as a loose story person go don get this talk Eh,[[EN]]But[[/EN]] e get one top wey we hear [[EN]]today[[/EN]] [[EN]]and[[/EN]] I dey sure say as a loose story person go don get this talk Eh,afriswitch-pidgin-001037-YPsvoZ2qhIc_chunk_44704-49856_6--packet-loss-3pct,YPsvoZ2qhIc_chunk,natural-afriswitch,3
audio/robustness/afriswitch-pidgin-001045-GudBnL-CIdk_chunk_1024528-1028128_125--pstn-mulaw.wav,bb600b522855f433f0e9f0ee5ef3daa9c8a66056ee0e2f8ec4a8414be70ad5a0,30.770000457763672,pstn-mulaw,3.5999999046325684,Pidgin-English,Dem still fit use those evidence wey dem don see later after the,Dem still fit use those [[EN]]evidence[[/EN]] wey dem don see [[EN]]later after the[[/EN]],afriswitch-pidgin-001045-GudBnL-CIdk_chunk_1024528-1028128_125--pstn-mulaw,GudBnL_CIdk,natural-afriswitch,3
audio/robustness/afriswitch-pidgin-001045-GudBnL-CIdk_chunk_1024528-1028128_125--noise-10db.wav,8cf1e9a22b37e02d97b42993bb64a6cbc75a8411d60e450df4cfcf23e21c8672,30.770000457763672,noise-10db,3.5999999046325684,Pidgin-English,Dem still fit use those evidence wey dem don see later after the,Dem still fit use those [[EN]]evidence[[/EN]] wey dem don see [[EN]]later after the[[/EN]],afriswitch-pidgin-001045-GudBnL-CIdk_chunk_1024528-1028128_125--noise-10db,GudBnL_CIdk,natural-afriswitch,3
audio/robustness/afriswitch-pidgin-001045-GudBnL-CIdk_chunk_1024528-1028128_125--packet-loss-3pct.wav,df8988368f21e4eab3b03a56a092a50b11370ec890cb3b7e94e16bd39c7e7823,30.770000457763672,packet-loss-3pct,3.5999999046325684,Pidgin-English,Dem still fit use those evidence wey dem don see later after the,Dem still fit use those [[EN]]evidence[[/EN]] wey dem don see [[EN]]later after the[[/EN]],afriswitch-pidgin-001045-GudBnL-CIdk_chunk_1024528-1028128_125--packet-loss-3pct,GudBnL_CIdk,natural-afriswitch,3
audio/robustness/afriswitch-pidgin-001056-fayv63sQvDA_chunk_908112-920416_94--pstn-mulaw.wav,2717eba221d4c534ff91a55f9b5f07c7e964e5da8be4497adab37dbdc6393d71,22.860000610351562,pstn-mulaw,12.303999900817871,Pidgin-English,"Now dey say if you dey look the number of candidate wey actually come outside and write this JAMB, between April 11 and April 17 across 698 Computer based test center for the 36 state plus including the federal","Now dey say if you dey look [[EN]]the number of candidate[[/EN]] wey [[EN]]actually come outside and write this JAMB, between April 11 and April 17 across 698 Computer based test center for the 36 state plus including the federal[[/EN]]",afriswitch-pidgin-001056-fayv63sQvDA_chunk_908112-920416_94--pstn-mulaw,fayv63sQvDA_chunk,natural-afriswitch,3
audio/robustness/afriswitch-pidgin-001056-fayv63sQvDA_chunk_908112-920416_94--noise-10db.wav,8ed9cbc64ce8311bc371bd72d3c3ba219e2b6f9fe99354a45c7c7cc7c71ee32e,22.860000610351562,noise-10db,12.303999900817871,Pidgin-English,"Now dey say if you dey look the number of candidate wey actually come outside and write this JAMB, between April 11 and April 17 across 698 Computer based test center for the 36 state plus including the federal","Now dey say if you dey look [[EN]]the number of candidate[[/EN]] wey [[EN]]actually come outside and write this JAMB, between April 11 and April 17 across 698 Computer based test center for the 36 state plus including the federal[[/EN]]",afriswitch-pidgin-001056-fayv63sQvDA_chunk_908112-920416_94--noise-10db,fayv63sQvDA_chunk,natural-afriswitch,3
audio/robustness/afriswitch-pidgin-001056-fayv63sQvDA_chunk_908112-920416_94--packet-loss-3pct.wav,a9a7df86576150019c663f4b3c91196385986d1c9adebc6f72b449dc6ec4b0f0,22.860000610351562,packet-loss-3pct,12.303999900817871,Pidgin-English,"Now dey say if you dey look the number of candidate wey actually come outside and write this JAMB, between April 11 and April 17 across 698 Computer based test center for the 36 state plus including the federal","Now dey say if you dey look [[EN]]the number of candidate[[/EN]] wey [[EN]]actually come outside and write this JAMB, between April 11 and April 17 across 698 Computer based test center for the 36 state plus including the federal[[/EN]]",afriswitch-pidgin-001056-fayv63sQvDA_chunk_908112-920416_94--packet-loss-3pct,fayv63sQvDA_chunk,natural-afriswitch,3
audio/robustness/afriswitch-pidgin-001084-t4LM1_sm8sU_chunk_312352-319712_34--pstn-mulaw.wav,8f7dc4ca7ced834aec303985a66d0cac0337173aac14a45c7b66a76d8f82296a,35.290000915527344,pstn-mulaw,7.360000133514404,Pidgin-English,Small kind problem wetin dem suppose don resolve pant come cast the entire place problem come dey,[[EN]]Small kind problem[[/EN]] wetin dem suppose don resolve pant come cast [[EN]]the entire place[[/EN]] problem come dey,afriswitch-pidgin-001084-t4LM1_sm8sU_chunk_312352-319712_34--pstn-mulaw,t4LM1_sm8sU,natural-afriswitch,3
audio/robustness/afriswitch-pidgin-001084-t4LM1_sm8sU_chunk_312352-319712_34--noise-10db.wav,9d43861e3869351611aff912df02c383e9e2623226faccdb9e29c42123c7fb8c,35.290000915527344,noise-10db,7.360000133514404,Pidgin-English,Small kind problem wetin dem suppose don resolve pant come cast the entire place problem come dey,[[EN]]Small kind problem[[/EN]] wetin dem suppose don resolve pant come cast [[EN]]the entire place[[/EN]] problem come dey,afriswitch-pidgin-001084-t4LM1_sm8sU_chunk_312352-319712_34--noise-10db,t4LM1_sm8sU,natural-afriswitch,3
audio/robustness/afriswitch-pidgin-001084-t4LM1_sm8sU_chunk_312352-319712_34--packet-loss-3pct.wav,907025453505c924f8eaa407ca0407238d3af279a049810caf907c36d0d4846e,35.290000915527344,packet-loss-3pct,7.360000133514404,Pidgin-English,Small kind problem wetin dem suppose don resolve pant come cast the entire place problem come dey,[[EN]]Small kind problem[[/EN]] wetin dem suppose don resolve pant come cast [[EN]]the entire place[[/EN]] problem come dey,afriswitch-pidgin-001084-t4LM1_sm8sU_chunk_312352-319712_34--packet-loss-3pct,t4LM1_sm8sU,natural-afriswitch,3
audio/robustness/afriswitch-pidgin-001088-n9A00SM22G8_chunk_1715472-1726944_209--pstn-mulaw.wav,24ad4290061ab04883421dfb22950c7b0432a4b8cd59a5c025d7bc32f025637b,39.529998779296875,pstn-mulaw,11.472000122070312,Pidgin-English,To dis new one now wey get belle which girl dey rush you more that time abi na now I don cold am sef You don cold am No na you cold am abi na don cold am Na me hide myself now,To dis [[EN]]new one[[/EN]] now wey get belle [[EN]]which girl[[/EN]] dey rush you [[EN]]more[[/EN]] [[EN]]that time[[/EN]] abi na now I don [[EN]]cold am[[/EN]] sef You don [[EN]]cold am[[/EN]] No na you [[EN]]cold am[[/EN]] abi na don [[EN]]cold am[[/EN]] Na me [[EN]]hide myself[[/EN]] now,afriswitch-pidgin-001088-n9A00SM22G8_chunk_1715472-1726944_209--pstn-mulaw,n9A00SM22G8_chunk,natural-afriswitch,16
audio/robustness/afriswitch-pidgin-001088-n9A00SM22G8_chunk_1715472-1726944_209--noise-10db.wav,974d3526cdffa6adccce33977acfee8fb939d9ce510b626e34de99cba98cb6d3,39.529998779296875,noise-10db,11.472000122070312,Pidgin-English,To dis new one now wey get belle which girl dey rush you more that time abi na now I don cold am sef You don cold am No na you cold am abi na don cold am Na me hide myself now,To dis [[EN]]new one[[/EN]] now wey get belle [[EN]]which girl[[/EN]] dey rush you [[EN]]more[[/EN]] [[EN]]that time[[/EN]] abi na now I don [[EN]]cold am[[/EN]] sef You don [[EN]]cold am[[/EN]] No na you [[EN]]cold am[[/EN]] abi na don [[EN]]cold am[[/EN]] Na me [[EN]]hide myself[[/EN]] now,afriswitch-pidgin-001088-n9A00SM22G8_chunk_1715472-1726944_209--noise-10db,n9A00SM22G8_chunk,natural-afriswitch,16
audio/robustness/afriswitch-pidgin-001088-n9A00SM22G8_chunk_1715472-1726944_209--packet-loss-3pct.wav,3e7487ccaa467e2a22b99725dd64d0cfb2759a6199f819be8e55c36d402794d3,39.529998779296875,packet-loss-3pct,11.472000122070312,Pidgin-English,To dis new one now wey get belle which girl dey rush you more that time abi na now I don cold am sef You don cold am No na you cold am abi na don cold am Na me hide myself now,To dis [[EN]]new one[[/EN]] now wey get belle [[EN]]which girl[[/EN]] dey rush you [[EN]]more[[/EN]] [[EN]]that time[[/EN]] abi na now I don [[EN]]cold am[[/EN]] sef You don [[EN]]cold am[[/EN]] No na you [[EN]]cold am[[/EN]] abi na don [[EN]]cold am[[/EN]] Na me [[EN]]hide myself[[/EN]] now,afriswitch-pidgin-001088-n9A00SM22G8_chunk_1715472-1726944_209--packet-loss-3pct,n9A00SM22G8_chunk,natural-afriswitch,16
audio/robustness/afriswitch-pidgin-001116-Xd1qSmsxVHY_chunk_2055600-2067040_228--pstn-mulaw.wav,77e710f338a0276588857908ec4c69e26a6a01406468a2ce1d80d4b9551c601a,44.189998626708984,pstn-mulaw,11.4399995803833,Pidgin-English,Wh women dey if women wan do something dem dey do am and get am very right Even for home if woman like she rightly side if woman wan maintain peace e go just measure down like say no know wetin dey happen,Wh [[EN]]women[[/EN]] dey if [[EN]]women[[/EN]] wan do [[EN]]something[[/EN]] dem dey do am and get am [[EN]]very right[[/EN]] [[EN]]Even for home if woman like she rightly side[[/EN]] if [[EN]]woman[[/EN]] wan [[EN]]maintain peace[[/EN]] e go just [[EN]]measure down[[/EN]] like say no know wetin dey happen,afriswitch-pidgin-001116-Xd1qSmsxVHY_chunk_2055600-2067040_228--pstn-mulaw,Xd1qSmsxVHY_chunk,natural-afriswitch,14
audio/robustness/afriswitch-pidgin-001116-Xd1qSmsxVHY_chunk_2055600-2067040_228--noise-10db.wav,66b3318b35d9c5190bbd282be857f6007da6a0eb6a5459b315e69c1c43728a7e,44.189998626708984,noise-10db,11.4399995803833,Pidgin-English,Wh women dey if women wan do something dem dey do am and get am very right Even for home if woman like she rightly side if woman wan maintain peace e go just measure down like say no know wetin dey happen,Wh [[EN]]women[[/EN]] dey if [[EN]]women[[/EN]] wan do [[EN]]something[[/EN]] dem dey do am and get am [[EN]]very right[[/EN]] [[EN]]Even for home if woman like she rightly side[[/EN]] if [[EN]]woman[[/EN]] wan [[EN]]maintain peace[[/EN]] e go just [[EN]]measure down[[/EN]] like say no know wetin dey happen,afriswitch-pidgin-001116-Xd1qSmsxVHY_chunk_2055600-2067040_228--noise-10db,Xd1qSmsxVHY_chunk,natural-afriswitch,14
audio/robustness/afriswitch-pidgin-001116-Xd1qSmsxVHY_chunk_2055600-2067040_228--packet-loss-3pct.wav,75e96dfe8fdf50ad4fae40492a8df13a9846cccc1e84c9d842a9567b5c3d7c3c,44.189998626708984,packet-loss-3pct,11.4399995803833,Pidgin-English,Wh women dey if women wan do something dem dey do am and get am very right Even for home if woman like she rightly side if woman wan maintain peace e go just measure down like say no know wetin dey happen,Wh [[EN]]women[[/EN]] dey if [[EN]]women[[/EN]] wan do [[EN]]something[[/EN]] dem dey do am and get am [[EN]]very right[[/EN]] [[EN]]Even for home if woman like she rightly side[[/EN]] if [[EN]]woman[[/EN]] wan [[EN]]maintain peace[[/EN]] e go just [[EN]]measure down[[/EN]] like say no know wetin dey happen,afriswitch-pidgin-001116-Xd1qSmsxVHY_chunk_2055600-2067040_228--packet-loss-3pct,Xd1qSmsxVHY_chunk,natural-afriswitch,14
audio/robustness/afriswitch-pidgin-001125-lm4xjILr7B4_chunk_60368-65920_10--pstn-mulaw.wav,193080b33b5b7a182e0d4dba3935ec129c1931d280f43e3bb2967a84e09cdfab,30.43000030517578,pstn-mulaw,5.552000045776367,Pidgin-English,The fact say e be like say dem dey run government like secret cut na im dey make people not dey get confidence,[[EN]]The fact[[/EN]] say e be like say dem dey run [[EN]]government[[/EN]] like [[EN]]secret cut[[/EN]] na im dey make [[EN]]people[[/EN]] not dey get [[EN]]confidence[[/EN]],afriswitch-pidgin-001125-lm4xjILr7B4_chunk_60368-65920_10--pstn-mulaw,lm4xjILr7B4_chunk,natural-afriswitch,8
audio/robustness/afriswitch-pidgin-001125-lm4xjILr7B4_chunk_60368-65920_10--noise-10db.wav,2bfd85c06551218a634527d226e159f6ea12e53c4fb3386c19117ac13a42087c,30.43000030517578,noise-10db,5.552000045776367,Pidgin-English,The fact say e be like say dem dey run government like secret cut na im dey make people not dey get confidence,[[EN]]The fact[[/EN]] say e be like say dem dey run [[EN]]government[[/EN]] like [[EN]]secret cut[[/EN]] na im dey make [[EN]]people[[/EN]] not dey get [[EN]]confidence[[/EN]],afriswitch-pidgin-001125-lm4xjILr7B4_chunk_60368-65920_10--noise-10db,lm4xjILr7B4_chunk,natural-afriswitch,8
audio/robustness/afriswitch-pidgin-001125-lm4xjILr7B4_chunk_60368-65920_10--packet-loss-3pct.wav,6aa7c5e9af4c10837b14e963440c65feaf7c8f8a376c95b14fd50519760b53d6,30.43000030517578,packet-loss-3pct,5.552000045776367,Pidgin-English,The fact say e be like say dem dey run government like secret cut na im dey make people not dey get confidence,[[EN]]The fact[[/EN]] say e be like say dem dey run [[EN]]government[[/EN]] like [[EN]]secret cut[[/EN]] na im dey make [[EN]]people[[/EN]] not dey get [[EN]]confidence[[/EN]],afriswitch-pidgin-001125-lm4xjILr7B4_chunk_60368-65920_10--packet-loss-3pct,lm4xjILr7B4_chunk,natural-afriswitch,8
audio/robustness/afriswitch-pidgin-001128-Upb9eqybQYc_chunk_1812384-1820240_194--pstn-mulaw.wav,1ae9d10ebc48f8e3799cd0bdf3ec8fb90552d5460ef03aacd2e8c462aaa8e8d2,40.7400016784668,pstn-mulaw,7.855999946594238,Pidgin-English,Something from this person movie take something from another person moview join am You never see am make am turn am to one movie and na well,[[EN]]Something from this person movie take something from another person moview[[/EN]] join am You never see am make am turn am to one movie and na well,afriswitch-pidgin-001128-Upb9eqybQYc_chunk_1812384-1820240_194--pstn-mulaw,Upb9eqybQYc_chunk,natural-afriswitch,1
audio/robustness/afriswitch-pidgin-001128-Upb9eqybQYc_chunk_1812384-1820240_194--noise-10db.wav,969b3874bdbaaa5825aa96af1527663c5e3673b433217b7e85935a91dd66867e,40.7400016784668,noise-10db,7.855999946594238,Pidgin-English,Something from this person movie take something from another person moview join am You never see am make am turn am to one movie and na well,[[EN]]Something from this person movie take something from another person moview[[/EN]] join am You never see am make am turn am to one movie and na well,afriswitch-pidgin-001128-Upb9eqybQYc_chunk_1812384-1820240_194--noise-10db,Upb9eqybQYc_chunk,natural-afriswitch,1
audio/robustness/afriswitch-pidgin-001128-Upb9eqybQYc_chunk_1812384-1820240_194--packet-loss-3pct.wav,415e9fcf80a2e04de81a168e4389f6a976f9c38790c3db8c141bacb4c1963b28,40.7400016784668,packet-loss-3pct,7.855999946594238,Pidgin-English,Something from this person movie take something from another person moview join am You never see am make am turn am to one movie and na well,[[EN]]Something from this person movie take something from another person moview[[/EN]] join am You never see am make am turn am to one movie and na well,afriswitch-pidgin-001128-Upb9eqybQYc_chunk_1812384-1820240_194--packet-loss-3pct,Upb9eqybQYc_chunk,natural-afriswitch,1
audio/robustness/afriswitch-pidgin-001139-vXSbgAccebk_chunk_1573376-1580592_171--pstn-mulaw.wav,17f5e71c3e9927ff498560bdcfb0f0f0ce277c77367041a0b26c3e8b0083f2c2,20.829999923706055,pstn-mulaw,7.216000080108643,Pidgin-English,"so now I go appeal to leaders, no be competition wey una go dey see am, no be your predecessor una go dey look.","so now I go [[EN]]appeal to leaders[[/EN]], no be [[EN]]competition[[/EN]] wey una go dey see am, no be your [[EN]]predecessor[[/EN]] una go dey look.",afriswitch-pidgin-001139-vXSbgAccebk_chunk_1573376-1580592_171--pstn-mulaw,vXSbgAccebk_chunk,natural-afriswitch,6
audio/robustness/afriswitch-pidgin-001139-vXSbgAccebk_chunk_1573376-1580592_171--noise-10db.wav,1d4507234735865e8803b0934d8ab7577934525ba2cfb398c695787a08c01696,20.829999923706055,noise-10db,7.216000080108643,Pidgin-English,"so now I go appeal to leaders, no be competition wey una go dey see am, no be your predecessor una go dey look.","so now I go [[EN]]appeal to leaders[[/EN]], no be [[EN]]competition[[/EN]] wey una go dey see am, no be your [[EN]]predecessor[[/EN]] una go dey look.",afriswitch-pidgin-001139-vXSbgAccebk_chunk_1573376-1580592_171--noise-10db,vXSbgAccebk_chunk,natural-afriswitch,6
audio/robustness/afriswitch-pidgin-001139-vXSbgAccebk_chunk_1573376-1580592_171--packet-loss-3pct.wav,a6c1faa5c38f57dbef7e28f4b2e98c740c6d2123c00529ddcafb784b42798d97,20.829999923706055,packet-loss-3pct,7.216000080108643,Pidgin-English,"so now I go appeal to leaders, no be competition wey una go dey see am, no be your predecessor una go dey look.","so now I go [[EN]]appeal to leaders[[/EN]], no be [[EN]]competition[[/EN]] wey una go dey see am, no be your [[EN]]predecessor[[/EN]] una go dey look.",afriswitch-pidgin-001139-vXSbgAccebk_chunk_1573376-1580592_171--packet-loss-3pct,vXSbgAccebk_chunk,natural-afriswitch,6
audio/robustness/afriswitch-pidgin-001142-1fytSAw_5GY_chunk_441456-451552_38--pstn-mulaw.wav,c7233643b7d197873191b4c6369aa0d1429476893ac482a052159fd3f41bac2c,39.38999938964844,pstn-mulaw,10.095999717712402,Pidgin-English,Now there's a new thing now phone get some kind phone wey you fit just open YouTube for the children to just dey watch some some videos You feel say e dey right,[[EN]]Now there's a new thing now[[/EN]] [[EN]]phone[[/EN]] get some kind [[EN]]phone[[/EN]] wey you fit just open YouTube for the [[EN]]children[[/EN]] to just dey watch some some [[EN]]videos[[/EN]] [[EN]]You feel[[/EN]] say e dey [[EN]]right[[/EN]],afriswitch-pidgin-001142-1fytSAw_5GY_chunk_441456-451552_38--pstn-mulaw,1fytSAw_5GY,natural-afriswitch,8
audio/robustness/afriswitch-pidgin-001142-1fytSAw_5GY_chunk_441456-451552_38--noise-10db.wav,12320374bfc754d433f896938a0d4e846d1d795687f2b83c247ab25b0a220059,39.38999938964844,noise-10db,10.095999717712402,Pidgin-English,Now there's a new thing now phone get some kind phone wey you fit just open YouTube for the children to just dey watch some some videos You feel say e dey right,[[EN]]Now there's a new thing now[[/EN]] [[EN]]phone[[/EN]] get some kind [[EN]]phone[[/EN]] wey you fit just open YouTube for the [[EN]]children[[/EN]] to just dey watch some some [[EN]]videos[[/EN]] [[EN]]You feel[[/EN]] say e dey [[EN]]right[[/EN]],afriswitch-pidgin-001142-1fytSAw_5GY_chunk_441456-451552_38--noise-10db,1fytSAw_5GY,natural-afriswitch,8
audio/robustness/afriswitch-pidgin-001142-1fytSAw_5GY_chunk_441456-451552_38--packet-loss-3pct.wav,aead8c89a95c28b989f5da8f14b769bc8fe22495210538f8f6cc93b827304a66,39.38999938964844,packet-loss-3pct,10.095999717712402,Pidgin-English,Now there's a new thing now phone get some kind phone wey you fit just open YouTube for the children to just dey watch some some videos You feel say e dey right,[[EN]]Now there's a new thing now[[/EN]] [[EN]]phone[[/EN]] get some kind [[EN]]phone[[/EN]] wey you fit just open YouTube for the [[EN]]children[[/EN]] to just dey watch some some [[EN]]videos[[/EN]] [[EN]]You feel[[/EN]] say e dey [[EN]]right[[/EN]],afriswitch-pidgin-001142-1fytSAw_5GY_chunk_441456-451552_38--packet-loss-3pct,1fytSAw_5GY,natural-afriswitch,8
audio/robustness/afriswitch-pidgin-001148-yAGZmZ7ZZ3I_chunk_2663248-2672736_290--pstn-mulaw.wav,e586e360969b53e4f5503f3841200f9aea3c68917f11f78566013f2b0d860daa,41.66999816894531,pstn-mulaw,9.48799991607666,Pidgin-English,"dem say prevention is better than cure abi? But the way wey Nigerian situation dey, you need a lot of cure first because people","dem say [[EN]]prevention is better than cure[[/EN]] abi? But the way wey Nigerian situation dey, [[EN]]you need a lot of cure first because people[[/EN]]",afriswitch-pidgin-001148-yAGZmZ7ZZ3I_chunk_2663248-2672736_290--pstn-mulaw,yAGZmZ7ZZ3I_chunk,natural-afriswitch,3
audio/robustness/afriswitch-pidgin-001148-yAGZmZ7ZZ3I_chunk_2663248-2672736_290--noise-10db.wav,e1448a609b85cff82e8cd2dc260062fc5a53a8f6a8e4a2a54c355b8e8d4bda21,41.66999816894531,noise-10db,9.48799991607666,Pidgin-English,"dem say prevention is better than cure abi? But the way wey Nigerian situation dey, you need a lot of cure first because people","dem say [[EN]]prevention is better than cure[[/EN]] abi? But the way wey Nigerian situation dey, [[EN]]you need a lot of cure first because people[[/EN]]",afriswitch-pidgin-001148-yAGZmZ7ZZ3I_chunk_2663248-2672736_290--noise-10db,yAGZmZ7ZZ3I_chunk,natural-afriswitch,3
audio/robustness/afriswitch-pidgin-001148-yAGZmZ7ZZ3I_chunk_2663248-2672736_290--packet-loss-3pct.wav,f193ff7bb20efaced8fe172eb7761715d2c2e8d2d0b7500d986f3932c2214187,41.66999816894531,packet-loss-3pct,9.48799991607666,Pidgin-English,"dem say prevention is better than cure abi? But the way wey Nigerian situation dey, you need a lot of cure first because people","dem say [[EN]]prevention is better than cure[[/EN]] abi? But the way wey Nigerian situation dey, [[EN]]you need a lot of cure first because people[[/EN]]",afriswitch-pidgin-001148-yAGZmZ7ZZ3I_chunk_2663248-2672736_290--packet-loss-3pct,yAGZmZ7ZZ3I_chunk,natural-afriswitch,3
audio/robustness/afriswitch-pidgin-001175-CWZqAv0xLAM_chunk_219088-228256_29--pstn-mulaw.wav,e37a0366622aa8f62ea1ec827ccc455dbd3c5eb630eac7182b1f4a9454275378,39.290000915527344,pstn-mulaw,9.168000221252441,Pidgin-English,And Dr Bukal Sarki for the legative am of government e be like say understanding no really dey and people dey try show say na me pass you,[[EN]]And Dr Bukal Sarki for the legative am of government[[/EN]] e be like say [[EN]]understanding[[/EN]] no really dey and people dey try show say na me pass you,afriswitch-pidgin-001175-CWZqAv0xLAM_chunk_219088-228256_29--pstn-mulaw,CWZqAv0xLAM_chunk,natural-afriswitch,3
audio/robustness/afriswitch-pidgin-001175-CWZqAv0xLAM_chunk_219088-228256_29--noise-10db.wav,bb1878446cf3b2f2e01f9cce4d503387b96e9dbb3caacb65f36efbf4f7a2c1ce,39.290000915527344,noise-10db,9.168000221252441,Pidgin-English,And Dr Bukal Sarki for the legative am of government e be like say understanding no really dey and people dey try show say na me pass you,[[EN]]And Dr Bukal Sarki for the legative am of government[[/EN]] e be like say [[EN]]understanding[[/EN]] no really dey and people dey try show say na me pass you,afriswitch-pidgin-001175-CWZqAv0xLAM_chunk_219088-228256_29--noise-10db,CWZqAv0xLAM_chunk,natural-afriswitch,3
audio/robustness/afriswitch-pidgin-001175-CWZqAv0xLAM_chunk_219088-228256_29--packet-loss-3pct.wav,4279803afb58cbd3ff9b7e333d59b7ec9153545e87f136b25a9cb48077dbab95,39.290000915527344,packet-loss-3pct,9.168000221252441,Pidgin-English,And Dr Bukal Sarki for the legative am of government e be like say understanding no really dey and people dey try show say na me pass you,[[EN]]And Dr Bukal Sarki for the legative am of government[[/EN]] e be like say [[EN]]understanding[[/EN]] no really dey and people dey try show say na me pass you,afriswitch-pidgin-001175-CWZqAv0xLAM_chunk_219088-228256_29--packet-loss-3pct,CWZqAv0xLAM_chunk,natural-afriswitch,3
audio/robustness/afriswitch-pidgin-001198-88Ai7DiLs_A_chunk_1437584-1451760_149--pstn-mulaw.wav,0b4a7450b0fda0e12347d6966c8ea03ead56d999f0f0d90ac0a5fe1d44591a23,39.38999938964844,pstn-mulaw,14.175999641418457,Pidgin-English,The US Dey display different different planant for the visit wey they do Na general begin yam Expot to UK and US come June 29 a good one If you start to get impot,The US Dey display different different planant for the [[EN]]visit[[/EN]] wey they do Na [[EN]]general[[/EN]] begin yam [[EN]]Expot[[/EN]] to UK and US come [[EN]]June 29[[/EN]] [[EN]]a good one[[/EN]] [[EN]]If you start to get impot[[/EN]],afriswitch-pidgin-001198-88Ai7DiLs_A_chunk_1437584-1451760_149--pstn-mulaw,88Ai7DiLs_A,natural-afriswitch,7
audio/robustness/afriswitch-pidgin-001198-88Ai7DiLs_A_chunk_1437584-1451760_149--noise-10db.wav,9ee6ba48dfc2bbe2bf62ab11f796b8f7620669417b2f810e57aa0e65996186cd,39.38999938964844,noise-10db,14.175999641418457,Pidgin-English,The US Dey display different different planant for the visit wey they do Na general begin yam Expot to UK and US come June 29 a good one If you start to get impot,The US Dey display different different planant for the [[EN]]visit[[/EN]] wey they do Na [[EN]]general[[/EN]] begin yam [[EN]]Expot[[/EN]] to UK and US come [[EN]]June 29[[/EN]] [[EN]]a good one[[/EN]] [[EN]]If you start to get impot[[/EN]],afriswitch-pidgin-001198-88Ai7DiLs_A_chunk_1437584-1451760_149--noise-10db,88Ai7DiLs_A,natural-afriswitch,7
audio/robustness/afriswitch-pidgin-001198-88Ai7DiLs_A_chunk_1437584-1451760_149--packet-loss-3pct.wav,e530c2a09b3ab1c109bb92c4085ecf898909e495a46673ef3a557785b4a196b6,39.38999938964844,packet-loss-3pct,14.175999641418457,Pidgin-English,The US Dey display different different planant for the visit wey they do Na general begin yam Expot to UK and US come June 29 a good one If you start to get impot,The US Dey display different different planant for the [[EN]]visit[[/EN]] wey they do Na [[EN]]general[[/EN]] begin yam [[EN]]Expot[[/EN]] to UK and US come [[EN]]June 29[[/EN]] [[EN]]a good one[[/EN]] [[EN]]If you start to get impot[[/EN]],afriswitch-pidgin-001198-88Ai7DiLs_A_chunk_1437584-1451760_149--packet-loss-3pct,88Ai7DiLs_A,natural-afriswitch,7
audio/robustness/afriswitch-pidgin-001211-1fytSAw_5GY_chunk_1248592-1255600_124--pstn-mulaw.wav,065b9b94332e70e0be40a69023f1602951a72365eadc76438d8f53311448ec62,35.709999084472656,pstn-mulaw,7.007999897003174,Pidgin-English,i tell you I no fit wait As you know wetin even dey funny about am na even the tight one because e dey very hard to find,[[EN]]i tell you[[/EN]] I no fit wait [[EN]]As you know[[/EN]] wetin even dey [[EN]]funny about am[[/EN]] na even the [[EN]]tight one because e dey very hard to find[[/EN]],afriswitch-pidgin-001211-1fytSAw_5GY_chunk_1248592-1255600_124--pstn-mulaw,1fytSAw_5GY,natural-afriswitch,6
audio/robustness/afriswitch-pidgin-001211-1fytSAw_5GY_chunk_1248592-1255600_124--noise-10db.wav,7703d6276ce10295276041c65739e57e28b5b147d2ddeaa8d80d65319bcf392d,35.709999084472656,noise-10db,7.007999897003174,Pidgin-English,i tell you I no fit wait As you know wetin even dey funny about am na even the tight one because e dey very hard to find,[[EN]]i tell you[[/EN]] I no fit wait [[EN]]As you know[[/EN]] wetin even dey [[EN]]funny about am[[/EN]] na even the [[EN]]tight one because e dey very hard to find[[/EN]],afriswitch-pidgin-001211-1fytSAw_5GY_chunk_1248592-1255600_124--noise-10db,1fytSAw_5GY,natural-afriswitch,6
audio/robustness/afriswitch-pidgin-001211-1fytSAw_5GY_chunk_1248592-1255600_124--packet-loss-3pct.wav,5bc770f333d7678bfe6c7ed8872e3f1cfcf4195a931035772eb953e5ca4460a8,35.709999084472656,packet-loss-3pct,7.007999897003174,Pidgin-English,i tell you I no fit wait As you know wetin even dey funny about am na even the tight one because e dey very hard to find,[[EN]]i tell you[[/EN]] I no fit wait [[EN]]As you know[[/EN]] wetin even dey [[EN]]funny about am[[/EN]] na even the [[EN]]tight one because e dey very hard to find[[/EN]],afriswitch-pidgin-001211-1fytSAw_5GY_chunk_1248592-1255600_124--packet-loss-3pct,1fytSAw_5GY,natural-afriswitch,6
audio/robustness/afriswitch-pidgin-001235-V_-P1bSy9tU_chunk_451296-458096_45--pstn-mulaw.wav,c5deb70f604792da5ff2d9e016b676eb7e79a70bcfcb0c953b5b00058df61016,28.0,pstn-mulaw,6.800000190734863,Pidgin-English,Which is very true We don hear am on top the show when people wey dey go some supermacket or some stors dem see milk,[[EN]]Which is very true[[/EN]] We don hear am on top the show when people wey dey go some [[EN]]supermacket[[/EN]] or some [[EN]]stors[[/EN]] dem see [[EN]]milk[[/EN]],afriswitch-pidgin-001235-V_-P1bSy9tU_chunk_451296-458096_45--pstn-mulaw,V_,natural-afriswitch,6
audio/robustness/afriswitch-pidgin-001235-V_-P1bSy9tU_chunk_451296-458096_45--noise-10db.wav,008f4faeabfe7101f88188437c16a377fb58f5dc3fce1da2a5683710e742cb4c,28.0,noise-10db,6.800000190734863,Pidgin-English,Which is very true We don hear am on top the show when people wey dey go some supermacket or some stors dem see milk,[[EN]]Which is very true[[/EN]] We don hear am on top the show when people wey dey go some [[EN]]supermacket[[/EN]] or some [[EN]]stors[[/EN]] dem see [[EN]]milk[[/EN]],afriswitch-pidgin-001235-V_-P1bSy9tU_chunk_451296-458096_45--noise-10db,V_,natural-afriswitch,6
audio/robustness/afriswitch-pidgin-001235-V_-P1bSy9tU_chunk_451296-458096_45--packet-loss-3pct.wav,e203a078259d5a319b6a32db3cd6791125391c19f8db7e272e19d6b87961c498,28.0,packet-loss-3pct,6.800000190734863,Pidgin-English,Which is very true We don hear am on top the show when people wey dey go some supermacket or some stors dem see milk,[[EN]]Which is very true[[/EN]] We don hear am on top the show when people wey dey go some [[EN]]supermacket[[/EN]] or some [[EN]]stors[[/EN]] dem see [[EN]]milk[[/EN]],afriswitch-pidgin-001235-V_-P1bSy9tU_chunk_451296-458096_45--packet-loss-3pct,V_,natural-afriswitch,6
audio/robustness/afriswitch-pidgin-001243-kUq6rSa8xng_chunk_610144-619168_69--pstn-mulaw.wav,77e12a14fd6e9203169d9190177b859f762548c02c7389b762cba363ee937b17,19.440000534057617,pstn-mulaw,9.02400016784668,Pidgin-English,Tren go even dey encouraged to dey go school Because you don see children wey say dem dey self for road now Because their parents no fit take care of dem dey self for road Eh,Tren go even dey [[EN]]encouraged[[/EN]] to dey go [[EN]]school[[/EN]] Because you don see [[EN]]children[[/EN]] wey say dem dey self for road now Because their [[EN]]parents[[/EN]] no fit [[EN]]take care of[[/EN]] dem dey self for road Eh,afriswitch-pidgin-001243-kUq6rSa8xng_chunk_610144-619168_69--pstn-mulaw,kUq6rSa8xng_chunk,natural-afriswitch,10
audio/robustness/afriswitch-pidgin-001243-kUq6rSa8xng_chunk_610144-619168_69--noise-10db.wav,3ff66b91439a0f45f0d43915910d3421668aa2e05a954a2038610c6a73c7dbd3,19.440000534057617,noise-10db,9.02400016784668,Pidgin-English,Tren go even dey encouraged to dey go school Because you don see children wey say dem dey self for road now Because their parents no fit take care of dem dey self for road Eh,Tren go even dey [[EN]]encouraged[[/EN]] to dey go [[EN]]school[[/EN]] Because you don see [[EN]]children[[/EN]] wey say dem dey self for road now Because their [[EN]]parents[[/EN]] no fit [[EN]]take care of[[/EN]] dem dey self for road Eh,afriswitch-pidgin-001243-kUq6rSa8xng_chunk_610144-619168_69--noise-10db,kUq6rSa8xng_chunk,natural-afriswitch,10
audio/robustness/afriswitch-pidgin-001243-kUq6rSa8xng_chunk_610144-619168_69--packet-loss-3pct.wav,421ee835d98f0428db0d9fba7719b3b600273cc76352b78667f5f22b4b90d7b4,19.440000534057617,packet-loss-3pct,9.02400016784668,Pidgin-English,Tren go even dey encouraged to dey go school Because you don see children wey say dem dey self for road now Because their parents no fit take care of dem dey self for road Eh,Tren go even dey [[EN]]encouraged[[/EN]] to dey go [[EN]]school[[/EN]] Because you don see [[EN]]children[[/EN]] wey say dem dey self for road now Because their [[EN]]parents[[/EN]] no fit [[EN]]take care of[[/EN]] dem dey self for road Eh,afriswitch-pidgin-001243-kUq6rSa8xng_chunk_610144-619168_69--packet-loss-3pct,kUq6rSa8xng_chunk,natural-afriswitch,10
audio/robustness/afriswitch-pidgin-001245-n9A00SM22G8_chunk_1252816-1263088_155--pstn-mulaw.wav,355810b97d4a20b4677b60d6ab487e1e103d17c8c5a08dc58e8a66e7957911b0,42.86000061035156,pstn-mulaw,10.272000312805176,Pidgin-English,gats continue with the person how long you inten to do music for now course I dey do am professionally now How long you wan do am for,gats [[EN]]continue[[/EN]] with the [[EN]]person how long[[/EN]] you [[EN]]inten to do music[[/EN]] for now [[EN]]course[[/EN]] I dey do am [[EN]]professionally[[/EN]] now [[EN]]How long[[/EN]] you wan do am for,afriswitch-pidgin-001245-n9A00SM22G8_chunk_1252816-1263088_155--pstn-mulaw,n9A00SM22G8_chunk,natural-afriswitch,12
audio/robustness/afriswitch-pidgin-001245-n9A00SM22G8_chunk_1252816-1263088_155--noise-10db.wav,3967030a7a32d00178f5ff3a8f3700ca8bb86a753ba8504b76508f40fbfa961d,42.86000061035156,noise-10db,10.272000312805176,Pidgin-English,gats continue with the person how long you inten to do music for now course I dey do am professionally now How long you wan do am for,gats [[EN]]continue[[/EN]] with the [[EN]]person how long[[/EN]] you [[EN]]inten to do music[[/EN]] for now [[EN]]course[[/EN]] I dey do am [[EN]]professionally[[/EN]] now [[EN]]How long[[/EN]] you wan do am for,afriswitch-pidgin-001245-n9A00SM22G8_chunk_1252816-1263088_155--noise-10db,n9A00SM22G8_chunk,natural-afriswitch,12
audio/robustness/afriswitch-pidgin-001245-n9A00SM22G8_chunk_1252816-1263088_155--packet-loss-3pct.wav,fda3809c4d379e1dd6c02ebd42520cfc9678581e171e9e5b61492cb162f400c4,42.86000061035156,packet-loss-3pct,10.272000312805176,Pidgin-English,gats continue with the person how long you inten to do music for now course I dey do am professionally now How long you wan do am for,gats [[EN]]continue[[/EN]] with the [[EN]]person how long[[/EN]] you [[EN]]inten to do music[[/EN]] for now [[EN]]course[[/EN]] I dey do am [[EN]]professionally[[/EN]] now [[EN]]How long[[/EN]] you wan do am for,afriswitch-pidgin-001245-n9A00SM22G8_chunk_1252816-1263088_155--packet-loss-3pct,n9A00SM22G8_chunk,natural-afriswitch,12
audio/robustness/afriswitch-pidgin-001270-UcQ-wZV2O_k_chunk_2234480-2240752_251--pstn-mulaw.wav,714bc8a98848b84f3d14ccb3db68480fb4a1f562ebea72b6338f94236a27ec7c,42.86000061035156,pstn-mulaw,6.271999835968018,Pidgin-English,"Do, our movie industry go dey better, the films wey we dey bring out","[[EN]]Do[[/EN]], our [[EN]]movie industry[[/EN]] go dey [[EN]]better[[/EN]], [[EN]]the films[[/EN]] wey we dey [[EN]]bring out[[/EN]]",afriswitch-pidgin-001270-UcQ-wZV2O_k_chunk_2234480-2240752_251--pstn-mulaw,UcQ_wZV2O,natural-afriswitch,6
audio/robustness/afriswitch-pidgin-001270-UcQ-wZV2O_k_chunk_2234480-2240752_251--noise-10db.wav,58b3c2c40608500dffb8d1a9ade77672adddf3edb8bf9e1719eab36cbaff88b0,42.86000061035156,noise-10db,6.271999835968018,Pidgin-English,"Do, our movie industry go dey better, the films wey we dey bring out","[[EN]]Do[[/EN]], our [[EN]]movie industry[[/EN]] go dey [[EN]]better[[/EN]], [[EN]]the films[[/EN]] wey we dey [[EN]]bring out[[/EN]]",afriswitch-pidgin-001270-UcQ-wZV2O_k_chunk_2234480-2240752_251--noise-10db,UcQ_wZV2O,natural-afriswitch,6
audio/robustness/afriswitch-pidgin-001270-UcQ-wZV2O_k_chunk_2234480-2240752_251--packet-loss-3pct.wav,d0be4e58584280ed39a8278893763b4f60aa79d9b4cbdc521048deef4cb5490e,42.86000061035156,packet-loss-3pct,6.271999835968018,Pidgin-English,"Do, our movie industry go dey better, the films wey we dey bring out","[[EN]]Do[[/EN]], our [[EN]]movie industry[[/EN]] go dey [[EN]]better[[/EN]], [[EN]]the films[[/EN]] wey we dey [[EN]]bring out[[/EN]]",afriswitch-pidgin-001270-UcQ-wZV2O_k_chunk_2234480-2240752_251--packet-loss-3pct,UcQ_wZV2O,natural-afriswitch,6
audio/robustness/afriswitch-pidgin-001285-AHfWe18LmBo_chunk_109632-118368_9--pstn-mulaw.wav,8973c6b147b85e7ca8fdc6f430488d4fbe36e9ee5310b50e8ae19b82930ffb62,50.0,pstn-mulaw,8.736000061035156,Pidgin-English,one time Now them say you need to get positive replacement from family members friends and even co workers wey go talk about making and trying to stick,one time Now them say [[EN]]you need to get positive replacement from family members friends and even co workers[[/EN]] wey go talk about making and trying to stick,afriswitch-pidgin-001285-AHfWe18LmBo_chunk_109632-118368_9--pstn-mulaw,AHfWe18LmBo_chunk,natural-afriswitch,2
audio/robustness/afriswitch-pidgin-001285-AHfWe18LmBo_chunk_109632-118368_9--noise-10db.wav,ecb67bef52c89ab618101b42b268867b386a12e99b9754ba6530b9cc354f2112,50.0,noise-10db,8.736000061035156,Pidgin-English,one time Now them say you need to get positive replacement from family members friends and even co workers wey go talk about making and trying to stick,one time Now them say [[EN]]you need to get positive replacement from family members friends and even co workers[[/EN]] wey go talk about making and trying to stick,afriswitch-pidgin-001285-AHfWe18LmBo_chunk_109632-118368_9--noise-10db,AHfWe18LmBo_chunk,natural-afriswitch,2
audio/robustness/afriswitch-pidgin-001285-AHfWe18LmBo_chunk_109632-118368_9--packet-loss-3pct.wav,25ea0976b1a375a0cfe93f372fbe1aa63f1b15f17bbf4c6627ba80e3ad4c9a47,50.0,packet-loss-3pct,8.736000061035156,Pidgin-English,one time Now them say you need to get positive replacement from family members friends and even co workers wey go talk about making and trying to stick,one time Now them say [[EN]]you need to get positive replacement from family members friends and even co workers[[/EN]] wey go talk about making and trying to stick,afriswitch-pidgin-001285-AHfWe18LmBo_chunk_109632-118368_9--packet-loss-3pct,AHfWe18LmBo_chunk,natural-afriswitch,2
audio/robustness/afriswitch-pidgin-001315-hYAH9m4_QCw_chunk_652112-666176_48--pstn-mulaw.wav,cbc68f95562246551801f92333286a78c4a627e6dff4e73a6c2bc2385a6c4d7f,23.90999984741211,pstn-mulaw,14.064000129699707,Pidgin-English,E dey talk and na inside cano ni dey talk this one according to dis Agal Predol for inside hip he say the management of NPC Nine carry this warning draw better here after one meeting wey dem get with os for hip for inside A,E dey talk and na inside cano ni dey talk this one [[EN]]according to[[/EN]] dis Agal Predol for inside hip he say the [[EN]]management of NPC Nine[[/EN]] carry [[EN]]this warning[[/EN]] draw better here [[EN]]after one meeting[[/EN]] wey dem get with os for hip for inside A,afriswitch-pidgin-001315-hYAH9m4_QCw_chunk_652112-666176_48--pstn-mulaw,hYAH9m4_QCw,natural-afriswitch,8
audio/robustness/afriswitch-pidgin-001315-hYAH9m4_QCw_chunk_652112-666176_48--noise-10db.wav,71c0aa7d7f6cdf9f60d9df03edd28af0e07c444b35cfa2102bd471316d20e37a,23.90999984741211,noise-10db,14.064000129699707,Pidgin-English,E dey talk and na inside cano ni dey talk this one according to dis Agal Predol for inside hip he say the management of NPC Nine carry this warning draw better here after one meeting wey dem get with os for hip for inside A,E dey talk and na inside cano ni dey talk this one [[EN]]according to[[/EN]] dis Agal Predol for inside hip he say the [[EN]]management of NPC Nine[[/EN]] carry [[EN]]this warning[[/EN]] draw better here [[EN]]after one meeting[[/EN]] wey dem get with os for hip for inside A,afriswitch-pidgin-001315-hYAH9m4_QCw_chunk_652112-666176_48--noise-10db,hYAH9m4_QCw,natural-afriswitch,8
audio/robustness/afriswitch-pidgin-001315-hYAH9m4_QCw_chunk_652112-666176_48--packet-loss-3pct.wav,5651075fe223da64e3b4cd4b87c787229a395db925b82fd9ae82853a3a823698,23.90999984741211,packet-loss-3pct,14.064000129699707,Pidgin-English,E dey talk and na inside cano ni dey talk this one according to dis Agal Predol for inside hip he say the management of NPC Nine carry this warning draw better here after one meeting wey dem get with os for hip for inside A,E dey talk and na inside cano ni dey talk this one [[EN]]according to[[/EN]] dis Agal Predol for inside hip he say the [[EN]]management of NPC Nine[[/EN]] carry [[EN]]this warning[[/EN]] draw better here [[EN]]after one meeting[[/EN]] wey dem get with os for hip for inside A,afriswitch-pidgin-001315-hYAH9m4_QCw_chunk_652112-666176_48--packet-loss-3pct,hYAH9m4_QCw,natural-afriswitch,8
audio/robustness/afriswitch-pidgin-001351-uiIYEUXLgRs_chunk_127760-135872_13--pstn-mulaw.wav,09aad5f025febe6f377c0da3424e6672b0a10a99ae25961aec10b764e3e50b08,40.0,pstn-mulaw,8.112000465393066,Pidgin-English,OK at least I bin to imstate I bin give her I bin tow myself cause she should happen to,[[EN]]OK at least[[/EN]] I bin to imstate I bin give her I bin tow myself [[EN]]cause she should happen to[[/EN]],afriswitch-pidgin-001351-uiIYEUXLgRs_chunk_127760-135872_13--pstn-mulaw,uiIYEUXLgRs_chunk,natural-afriswitch,2
audio/robustness/afriswitch-pidgin-001351-uiIYEUXLgRs_chunk_127760-135872_13--noise-10db.wav,d2a6491b3d571e2575f04b3dc9ba17bcd9ff6aa0e53f4db0cd99acca747155f1,40.0,noise-10db,8.112000465393066,Pidgin-English,OK at least I bin to imstate I bin give her I bin tow myself cause she should happen to,[[EN]]OK at least[[/EN]] I bin to imstate I bin give her I bin tow myself [[EN]]cause she should happen to[[/EN]],afriswitch-pidgin-001351-uiIYEUXLgRs_chunk_127760-135872_13--noise-10db,uiIYEUXLgRs_chunk,natural-afriswitch,2
audio/robustness/afriswitch-pidgin-001351-uiIYEUXLgRs_chunk_127760-135872_13--packet-loss-3pct.wav,634e4a94e845ab9868e9d681b3e79a7cc5d4bf5163a6012c7246b3131990daef,40.0,packet-loss-3pct,8.112000465393066,Pidgin-English,OK at least I bin to imstate I bin give her I bin tow myself cause she should happen to,[[EN]]OK at least[[/EN]] I bin to imstate I bin give her I bin tow myself [[EN]]cause she should happen to[[/EN]],afriswitch-pidgin-001351-uiIYEUXLgRs_chunk_127760-135872_13--packet-loss-3pct,uiIYEUXLgRs_chunk,natural-afriswitch,2
audio/robustness/afriswitch-pidgin-001375-uN9KEwwQ36A_chunk_274384-276656_26--pstn-mulaw.wav,1f08b1194dfce62ba3ef18f3047e2306a9c2bdbfe2d7921ea2948f56861a5497,27.270000457763672,pstn-mulaw,2.2720000743865967,Pidgin-English,or the one wey dey wear agbada dey tell them say,[[EN]]or the one[[/EN]] wey dey wear agbada dey tell them say,afriswitch-pidgin-001375-uN9KEwwQ36A_chunk_274384-276656_26--pstn-mulaw,uN9KEwwQ36A_chunk,natural-afriswitch,1
audio/robustness/afriswitch-pidgin-001375-uN9KEwwQ36A_chunk_274384-276656_26--noise-10db.wav,39b5131daac44b11c30312eb789c92e24fc34ddbcf99940eeb1cf7146c377018,27.270000457763672,noise-10db,2.2720000743865967,Pidgin-English,or the one wey dey wear agbada dey tell them say,[[EN]]or the one[[/EN]] wey dey wear agbada dey tell them say,afriswitch-pidgin-001375-uN9KEwwQ36A_chunk_274384-276656_26--noise-10db,uN9KEwwQ36A_chunk,natural-afriswitch,1
audio/robustness/afriswitch-pidgin-001375-uN9KEwwQ36A_chunk_274384-276656_26--packet-loss-3pct.wav,0a7090ce9391e2248455f1b38d775b3c8be91f37e33ad608cd80202bd477d02c,27.270000457763672,packet-loss-3pct,2.2720000743865967,Pidgin-English,or the one wey dey wear agbada dey tell them say,[[EN]]or the one[[/EN]] wey dey wear agbada dey tell them say,afriswitch-pidgin-001375-uN9KEwwQ36A_chunk_274384-276656_26--packet-loss-3pct,uN9KEwwQ36A_chunk,natural-afriswitch,1
audio/robustness/afriswitch-pidgin-001380-9X_G1w_c0yU_chunk_655760-661920_75--pstn-mulaw.wav,cbe8082a0261701285c3f209191f465f7eaeaf37c34b8f4345359213d90d7b4d,16.670000076293945,pstn-mulaw,6.159999847412109,Pidgin-English,You get dem to be moody sometimes.Sometimes dey cooperate with you dey take their medicines sometimes the don't,[[EN]]You get[[/EN]] dem [[EN]]to be moody sometimes.Sometimes[[/EN]] dey [[EN]]cooperate with you[[/EN]] dey [[EN]]take their medicines sometimes the don't[[/EN]],afriswitch-pidgin-001380-9X_G1w_c0yU_chunk_655760-661920_75--pstn-mulaw,9X_G1w,natural-afriswitch,6
audio/robustness/afriswitch-pidgin-001380-9X_G1w_c0yU_chunk_655760-661920_75--noise-10db.wav,178afe2fed6d193e47de89a5a07fc161c52beafd83e7cb91fd917115653c4fa5,16.670000076293945,noise-10db,6.159999847412109,Pidgin-English,You get dem to be moody sometimes.Sometimes dey cooperate with you dey take their medicines sometimes the don't,[[EN]]You get[[/EN]] dem [[EN]]to be moody sometimes.Sometimes[[/EN]] dey [[EN]]cooperate with you[[/EN]] dey [[EN]]take their medicines sometimes the don't[[/EN]],afriswitch-pidgin-001380-9X_G1w_c0yU_chunk_655760-661920_75--noise-10db,9X_G1w,natural-afriswitch,6
audio/robustness/afriswitch-pidgin-001380-9X_G1w_c0yU_chunk_655760-661920_75--packet-loss-3pct.wav,eff04a94d04c00657df9a057f1c7ec8230040125bf541e61da6d7588ac0f41da,16.670000076293945,packet-loss-3pct,6.159999847412109,Pidgin-English,You get dem to be moody sometimes.Sometimes dey cooperate with you dey take their medicines sometimes the don't,[[EN]]You get[[/EN]] dem [[EN]]to be moody sometimes.Sometimes[[/EN]] dey [[EN]]cooperate with you[[/EN]] dey [[EN]]take their medicines sometimes the don't[[/EN]],afriswitch-pidgin-001380-9X_G1w_c0yU_chunk_655760-661920_75--packet-loss-3pct,9X_G1w,natural-afriswitch,6
audio/robustness/afriswitch-pidgin-001385-eqppWbpPpVs_chunk_430576-431936_48--pstn-mulaw.wav,41d8879ef41fe53da502a6e7d7a4629c4cb8d959e69e938b118d056b13a3d3f9,50.0,pstn-mulaw,1.3600000143051147,Pidgin-English,I bin five daughters,I bin [[EN]]five daughters[[/EN]],afriswitch-pidgin-001385-eqppWbpPpVs_chunk_430576-431936_48--pstn-mulaw,eqppWbpPpVs_chunk,natural-afriswitch,1
audio/robustness/afriswitch-pidgin-001385-eqppWbpPpVs_chunk_430576-431936_48--noise-10db.wav,518a8c5dbd7ee4b82322a9d04c5fd91fdfc1fe783ada0cd8ec94699a893468bf,50.0,noise-10db,1.3600000143051147,Pidgin-English,I bin five daughters,I bin [[EN]]five daughters[[/EN]],afriswitch-pidgin-001385-eqppWbpPpVs_chunk_430576-431936_48--noise-10db,eqppWbpPpVs_chunk,natural-afriswitch,1
audio/robustness/afriswitch-pidgin-001385-eqppWbpPpVs_chunk_430576-431936_48--packet-loss-3pct.wav,e4fa6fe615c587131768467aab3109b048275c86f0b2ac095bf50f8eaedf3e3d,50.0,packet-loss-3pct,1.3600000143051147,Pidgin-English,I bin five daughters,I bin [[EN]]five daughters[[/EN]],afriswitch-pidgin-001385-eqppWbpPpVs_chunk_430576-431936_48--packet-loss-3pct,eqppWbpPpVs_chunk,natural-afriswitch,1
audio/robustness/afriswitch-pidgin-001405-yAGZmZ7ZZ3I_chunk_1746752-1761744_180--pstn-mulaw.wav,dbb00090b85b09da047c58508b0f2b91b99b1330f7b7d8f845367e6303cc93f2,47.16999816894531,pstn-mulaw,14.991999626159668,Pidgin-English,"You go dey look as your oga dey take do am. You sef go do am like that with the background theoritical knowledledge wey you don get. So it depends, there are different kind of systems, there is the British system, there is American system. The university of Ibadan wey me I go.","You go dey look as your oga dey take do am. You sef go do am like that with the [[EN]]background theoritical knowledledge[[/EN]] wey you don get. [[EN]]So it depends, there are different kind of systems, there is the British system, there is American system[[/EN]]. [[EN]]The university of Ibadan[[/EN]] wey me I go.",afriswitch-pidgin-001405-yAGZmZ7ZZ3I_chunk_1746752-1761744_180--pstn-mulaw,yAGZmZ7ZZ3I_chunk,natural-afriswitch,4
audio/robustness/afriswitch-pidgin-001405-yAGZmZ7ZZ3I_chunk_1746752-1761744_180--noise-10db.wav,9c2c55ad2f31ef949a549abecb632d1f0a9185cc67f65cf4d29b50118109d7d1,47.16999816894531,noise-10db,14.991999626159668,Pidgin-English,"You go dey look as your oga dey take do am. You sef go do am like that with the background theoritical knowledledge wey you don get. So it depends, there are different kind of systems, there is the British system, there is American system. The university of Ibadan wey me I go.","You go dey look as your oga dey take do am. You sef go do am like that with the [[EN]]background theoritical knowledledge[[/EN]] wey you don get. [[EN]]So it depends, there are different kind of systems, there is the British system, there is American system[[/EN]]. [[EN]]The university of Ibadan[[/EN]] wey me I go.",afriswitch-pidgin-001405-yAGZmZ7ZZ3I_chunk_1746752-1761744_180--noise-10db,yAGZmZ7ZZ3I_chunk,natural-afriswitch,4
audio/robustness/afriswitch-pidgin-001405-yAGZmZ7ZZ3I_chunk_1746752-1761744_180--packet-loss-3pct.wav,57c271bedc7928b0113197ba0655adede8d202e135fc7bd408659fd39ff5a14c,47.16999816894531,packet-loss-3pct,14.991999626159668,Pidgin-English,"You go dey look as your oga dey take do am. You sef go do am like that with the background theoritical knowledledge wey you don get. So it depends, there are different kind of systems, there is the British system, there is American system. The university of Ibadan wey me I go.","You go dey look as your oga dey take do am. You sef go do am like that with the [[EN]]background theoritical knowledledge[[/EN]] wey you don get. [[EN]]So it depends, there are different kind of systems, there is the British system, there is American system[[/EN]]. [[EN]]The university of Ibadan[[/EN]] wey me I go.",afriswitch-pidgin-001405-yAGZmZ7ZZ3I_chunk_1746752-1761744_180--packet-loss-3pct,yAGZmZ7ZZ3I_chunk,natural-afriswitch,4
audio/robustness/afriswitch-pidgin-001406-Nq9gJX0tPn4_chunk_1246720-1251920_147--pstn-mulaw.wav,240ad0c14542bdd1c944becd16f26b8e5c11fcd5fabea934ce73d5f426384395,30.0,pstn-mulaw,5.199999809265137,Pidgin-English,As part of dem also maybe if this time I go try treat am to the angle of the teacher,[[EN]]As part of[[/EN]] dem [[EN]]also maybe if this time[[/EN]] I go try treat am [[EN]]to the angle of the teacher[[/EN]],afriswitch-pidgin-001406-Nq9gJX0tPn4_chunk_1246720-1251920_147--pstn-mulaw,Nq9gJX0tPn4_chunk,natural-afriswitch,4
audio/robustness/afriswitch-pidgin-001406-Nq9gJX0tPn4_chunk_1246720-1251920_147--noise-10db.wav,1fc84f254054e769fd9d575b3cd3bdab8d1c8f137a2ba905ffdccbc01f22a0f9,30.0,noise-10db,5.199999809265137,Pidgin-English,As part of dem also maybe if this time I go try treat am to the angle of the teacher,[[EN]]As part of[[/EN]] dem [[EN]]also maybe if this time[[/EN]] I go try treat am [[EN]]to the angle of the teacher[[/EN]],afriswitch-pidgin-001406-Nq9gJX0tPn4_chunk_1246720-1251920_147--noise-10db,Nq9gJX0tPn4_chunk,natural-afriswitch,4
audio/robustness/afriswitch-pidgin-001406-Nq9gJX0tPn4_chunk_1246720-1251920_147--packet-loss-3pct.wav,de2b142effcd47ae823ea1cbf03b77e4b056de087d2a025a188cf857ce0bf2fc,30.0,packet-loss-3pct,5.199999809265137,Pidgin-English,As part of dem also maybe if this time I go try treat am to the angle of the teacher,[[EN]]As part of[[/EN]] dem [[EN]]also maybe if this time[[/EN]] I go try treat am [[EN]]to the angle of the teacher[[/EN]],afriswitch-pidgin-001406-Nq9gJX0tPn4_chunk_1246720-1251920_147--packet-loss-3pct,Nq9gJX0tPn4_chunk,natural-afriswitch,4
audio/robustness/afriswitch-pidgin-001492-HCfdZOgJsDA_chunk_139104-147872_13--pstn-mulaw.wav,1d15a1c7f0e089e8903c7dc49bce02c36f99021af6eca149860d3539732e28da,31.81999969482422,pstn-mulaw,8.767999649047852,Pidgin-English,He be wrong But he bin his bin go into severe medial plastfums with evidentia do improve wetin he say he wrong,He be wrong But he bin his bin go into [[EN]]severe medial plastfums with evidentia do improve[[/EN]] wetin he say he wrong,afriswitch-pidgin-001492-HCfdZOgJsDA_chunk_139104-147872_13--pstn-mulaw,HCfdZOgJsDA_chunk,natural-afriswitch,2
audio/robustness/afriswitch-pidgin-001492-HCfdZOgJsDA_chunk_139104-147872_13--noise-10db.wav,2179e7980ee0c39e193ec7fbfdd343a9b634961f5b5378fe715fbaca863c5ad9,31.81999969482422,noise-10db,8.767999649047852,Pidgin-English,He be wrong But he bin his bin go into severe medial plastfums with evidentia do improve wetin he say he wrong,He be wrong But he bin his bin go into [[EN]]severe medial plastfums with evidentia do improve[[/EN]] wetin he say he wrong,afriswitch-pidgin-001492-HCfdZOgJsDA_chunk_139104-147872_13--noise-10db,HCfdZOgJsDA_chunk,natural-afriswitch,2
audio/robustness/afriswitch-pidgin-001492-HCfdZOgJsDA_chunk_139104-147872_13--packet-loss-3pct.wav,e345378eb942d05fbe2ec0c87248790e1066349baa5a8be3d54491a53f0b2a3d,31.81999969482422,packet-loss-3pct,8.767999649047852,Pidgin-English,He be wrong But he bin his bin go into severe medial plastfums with evidentia do improve wetin he say he wrong,He be wrong But he bin his bin go into [[EN]]severe medial plastfums with evidentia do improve[[/EN]] wetin he say he wrong,afriswitch-pidgin-001492-HCfdZOgJsDA_chunk_139104-147872_13--packet-loss-3pct,HCfdZOgJsDA_chunk,natural-afriswitch,2
audio/robustness/afriswitch-pidgin-001509-nOrWm2840iA_chunk_810724-823280_68--pstn-mulaw.wav,bb18f8ae0e153783166b18c4251f7451498d7d33d191cddb121095c146a8c89c,47.83000183105469,pstn-mulaw,12.555999755859375,Pidgin-English,I you na go relationship Na yes wey happen because you at risk OK En then say fle from all appearances of evle,I you na go relationship Na yes wey happen [[EN]]because you at risk OK[[/EN]] En then say [[EN]]fle from all appearances of evle[[/EN]],afriswitch-pidgin-001509-nOrWm2840iA_chunk_810724-823280_68--pstn-mulaw,nOrWm2840iA_chunk,natural-afriswitch,3
audio/robustness/afriswitch-pidgin-001509-nOrWm2840iA_chunk_810724-823280_68--noise-10db.wav,7e8f31c8954cddfa85ccaf0e3362260b75b65d43841fe24bc8ae6a341059197e,47.83000183105469,noise-10db,12.555999755859375,Pidgin-English,I you na go relationship Na yes wey happen because you at risk OK En then say fle from all appearances of evle,I you na go relationship Na yes wey happen [[EN]]because you at risk OK[[/EN]] En then say [[EN]]fle from all appearances of evle[[/EN]],afriswitch-pidgin-001509-nOrWm2840iA_chunk_810724-823280_68--noise-10db,nOrWm2840iA_chunk,natural-afriswitch,3
audio/robustness/afriswitch-pidgin-001509-nOrWm2840iA_chunk_810724-823280_68--packet-loss-3pct.wav,405070b7b0cfcd8a95a9af85a15831593390e76477a6ac28bca51adf7aadfc9b,47.83000183105469,packet-loss-3pct,12.555999755859375,Pidgin-English,I you na go relationship Na yes wey happen because you at risk OK En then say fle from all appearances of evle,I you na go relationship Na yes wey happen [[EN]]because you at risk OK[[/EN]] En then say [[EN]]fle from all appearances of evle[[/EN]],afriswitch-pidgin-001509-nOrWm2840iA_chunk_810724-823280_68--packet-loss-3pct,nOrWm2840iA_chunk,natural-afriswitch,3
audio/robustness/afriswitch-pidgin-001536-tWpY60x3Ico_chunk_185568-194876_21--pstn-mulaw.wav,4aa54245073e3ec1edb65737b8613ccc6626523091e5e7dd84926ecc38315828,28.56999969482422,pstn-mulaw,10.312999725341797,Pidgin-English,"kept me in the house, I really appreciate it. Even if I won the HOH, and you know, ultimate HOH as some people go call dem ultimate Vito","[[EN]]kept me in the house, I really appreciate it. Even if I won the HOH, and you know, ultimate HOH[[/EN]] as some people go call dem ultimate Vito",afriswitch-pidgin-001536-tWpY60x3Ico_chunk_185568-194876_21--pstn-mulaw,tWpY60x3Ico_chunk,natural-afriswitch,1
audio/robustness/afriswitch-pidgin-001536-tWpY60x3Ico_chunk_185568-194876_21--noise-10db.wav,0111fe698f67951acfcce1ec203e3cc67900ef240cb536065d3f75bcd000fca9,28.56999969482422,noise-10db,10.312999725341797,Pidgin-English,"kept me in the house, I really appreciate it. Even if I won the HOH, and you know, ultimate HOH as some people go call dem ultimate Vito","[[EN]]kept me in the house, I really appreciate it. Even if I won the HOH, and you know, ultimate HOH[[/EN]] as some people go call dem ultimate Vito",afriswitch-pidgin-001536-tWpY60x3Ico_chunk_185568-194876_21--noise-10db,tWpY60x3Ico_chunk,natural-afriswitch,1
audio/robustness/afriswitch-pidgin-001536-tWpY60x3Ico_chunk_185568-194876_21--packet-loss-3pct.wav,d4cdb4913dda91f48318c4e739c6d7c9998e3862d674ada26038c66d9e70a450,28.56999969482422,packet-loss-3pct,10.312999725341797,Pidgin-English,"kept me in the house, I really appreciate it. Even if I won the HOH, and you know, ultimate HOH as some people go call dem ultimate Vito","[[EN]]kept me in the house, I really appreciate it. Even if I won the HOH, and you know, ultimate HOH[[/EN]] as some people go call dem ultimate Vito",afriswitch-pidgin-001536-tWpY60x3Ico_chunk_185568-194876_21--packet-loss-3pct,tWpY60x3Ico_chunk,natural-afriswitch,1
audio/robustness/afriswitch-pidgin-001576-cRK8Xh4B4RY_chunk_32544-35248_3--pstn-mulaw.wav,c351713b151984e8fdb7cb591aeecaa0ebff6e0e2e9584a8e12f76d0375e9fd5,37.5,pstn-mulaw,2.7039999961853027,Pidgin-English,Yea this nut her like the 1st single,[[EN]]Yea[[/EN]] this nut her [[EN]]like the 1st single[[/EN]],afriswitch-pidgin-001576-cRK8Xh4B4RY_chunk_32544-35248_3--pstn-mulaw,cRK8Xh4B4RY_chunk,natural-afriswitch,2
audio/robustness/afriswitch-pidgin-001576-cRK8Xh4B4RY_chunk_32544-35248_3--noise-10db.wav,3be84be1483564210dbef3d0cd8b647f20b3e8ac4a0d8f7009d611608d0e4aa4,37.5,noise-10db,2.7039999961853027,Pidgin-English,Yea this nut her like the 1st single,[[EN]]Yea[[/EN]] this nut her [[EN]]like the 1st single[[/EN]],afriswitch-pidgin-001576-cRK8Xh4B4RY_chunk_32544-35248_3--noise-10db,cRK8Xh4B4RY_chunk,natural-afriswitch,2
audio/robustness/afriswitch-pidgin-001576-cRK8Xh4B4RY_chunk_32544-35248_3--packet-loss-3pct.wav,4447d2d7d706427424c0d27fef765a0fb38cb3fc4367b0a0773c146db3fae0f2,37.5,packet-loss-3pct,2.7039999961853027,Pidgin-English,Yea this nut her like the 1st single,[[EN]]Yea[[/EN]] this nut her [[EN]]like the 1st single[[/EN]],afriswitch-pidgin-001576-cRK8Xh4B4RY_chunk_32544-35248_3--packet-loss-3pct,cRK8Xh4B4RY_chunk,natural-afriswitch,2
audio/robustness/afriswitch-pidgin-001583-itLGJ3jaA2c_chunk_876272-885376_80--pstn-mulaw.wav,9c041dd3549abfac4a435340a03f111b42186224d54bc8ea7903d93bcfcef2d0,40.0,pstn-mulaw,9.104000091552734,Pidgin-English,And we need to also look research instution in Angia di need to for brid in research institution Those at,[[EN]]And we need to also look research instution[[/EN]] in Angia di need to for brid in [[EN]]research institution[[/EN]] [[EN]]Those at[[/EN]],afriswitch-pidgin-001583-itLGJ3jaA2c_chunk_876272-885376_80--pstn-mulaw,itLGJ3jaA2c_chunk,natural-afriswitch,2
audio/robustness/afriswitch-pidgin-001583-itLGJ3jaA2c_chunk_876272-885376_80--noise-10db.wav,d06835010bcb964f40846666937a65a7980417d7af10deb7c2e561a0c7f64fe0,40.0,noise-10db,9.104000091552734,Pidgin-English,And we need to also look research instution in Angia di need to for brid in research institution Those at,[[EN]]And we need to also look research instution[[/EN]] in Angia di need to for brid in [[EN]]research institution[[/EN]] [[EN]]Those at[[/EN]],afriswitch-pidgin-001583-itLGJ3jaA2c_chunk_876272-885376_80--noise-10db,itLGJ3jaA2c_chunk,natural-afriswitch,2
audio/robustness/afriswitch-pidgin-001583-itLGJ3jaA2c_chunk_876272-885376_80--packet-loss-3pct.wav,b78f88d867fcfeca57a7653f09348ab961b413e6fc5fd2f12623b290a42b0843,40.0,packet-loss-3pct,9.104000091552734,Pidgin-English,And we need to also look research instution in Angia di need to for brid in research institution Those at,[[EN]]And we need to also look research instution[[/EN]] in Angia di need to for brid in [[EN]]research institution[[/EN]] [[EN]]Those at[[/EN]],afriswitch-pidgin-001583-itLGJ3jaA2c_chunk_876272-885376_80--packet-loss-3pct,itLGJ3jaA2c_chunk,natural-afriswitch,2
audio/robustness/afriswitch-pidgin-001606-_5FhaAtPisA_chunk_669040-673840_64--pstn-mulaw.wav,dc04f3bcec57c723c935bbb150324e04fe99cebb86581784face13821dedfa85,46.150001525878906,pstn-mulaw,4.800000190734863,Pidgin-English,In the nuria suose kind of values like politic lice holders go into,In the nuria suose [[EN]]kind of values like politic lice holders[[/EN]] go into,afriswitch-pidgin-001606-_5FhaAtPisA_chunk_669040-673840_64--pstn-mulaw,_5FhaAtPisA,natural-afriswitch,2
audio/robustness/afriswitch-pidgin-001606-_5FhaAtPisA_chunk_669040-673840_64--noise-10db.wav,4a5a110a6fe52d30e70acdcfb2617fbd24bd42687275a355942e5cb459933443,46.150001525878906,noise-10db,4.800000190734863,Pidgin-English,In the nuria suose kind of values like politic lice holders go into,In the nuria suose [[EN]]kind of values like politic lice holders[[/EN]] go into,afriswitch-pidgin-001606-_5FhaAtPisA_chunk_669040-673840_64--noise-10db,_5FhaAtPisA,natural-afriswitch,2
audio/robustness/afriswitch-pidgin-001606-_5FhaAtPisA_chunk_669040-673840_64--packet-loss-3pct.wav,51834b574892608b06ecb0733948d659ae526010470aa949857ab39c99c85fc6,46.150001525878906,packet-loss-3pct,4.800000190734863,Pidgin-English,In the nuria suose kind of values like politic lice holders go into,In the nuria suose [[EN]]kind of values like politic lice holders[[/EN]] go into,afriswitch-pidgin-001606-_5FhaAtPisA_chunk_669040-673840_64--packet-loss-3pct,_5FhaAtPisA,natural-afriswitch,2
audio/robustness/afriswitch-pidgin-001607-7jFamrkDuh0_chunk_1911856-1919760_210--pstn-mulaw.wav,799eb51d196264d09c4ec4fac72b3c5431b620512635bb0cfc9ed97134920e27,35.709999084472656,pstn-mulaw,7.9039998054504395,Pidgin-English,Um dis na high take of this is in the knot Hi The intake,[[EN]]Um[[/EN]] dis na high take of [[EN]]this is in the knot Hi The intake[[/EN]],afriswitch-pidgin-001607-7jFamrkDuh0_chunk_1911856-1919760_210--pstn-mulaw,7jFamrkDuh0_chunk,natural-afriswitch,2
audio/robustness/afriswitch-pidgin-001607-7jFamrkDuh0_chunk_1911856-1919760_210--noise-10db.wav,079eb3b301e04eacde11168a185872477de0b3518f33d5c6ec119ae1afef167b,35.709999084472656,noise-10db,7.9039998054504395,Pidgin-English,Um dis na high take of this is in the knot Hi The intake,[[EN]]Um[[/EN]] dis na high take of [[EN]]this is in the knot Hi The intake[[/EN]],afriswitch-pidgin-001607-7jFamrkDuh0_chunk_1911856-1919760_210--noise-10db,7jFamrkDuh0_chunk,natural-afriswitch,2
audio/robustness/afriswitch-pidgin-001607-7jFamrkDuh0_chunk_1911856-1919760_210--packet-loss-3pct.wav,bda09109a7f0b3d9f892feeaef81ffb9d6cbb963b9a26c1505ac45592f309360,35.709999084472656,packet-loss-3pct,7.9039998054504395,Pidgin-English,Um dis na high take of this is in the knot Hi The intake,[[EN]]Um[[/EN]] dis na high take of [[EN]]this is in the knot Hi The intake[[/EN]],afriswitch-pidgin-001607-7jFamrkDuh0_chunk_1911856-1919760_210--packet-loss-3pct,7jFamrkDuh0_chunk,natural-afriswitch,2
audio/robustness/afriswitch-pidgin-001654-88Ai7DiLs_A_chunk_299840-303168_26--pstn-mulaw.wav,b3babb293765068082effd32a2a423030d58910812ae74dd006283c3148199dc,37.5,pstn-mulaw,3.328000068664551,Pidgin-English,Yeah so dem possibility say along the line,[[EN]]Yeah[[/EN]] so dem [[EN]]possibility[[/EN]] say [[EN]]along the line[[/EN]],afriswitch-pidgin-001654-88Ai7DiLs_A_chunk_299840-303168_26--pstn-mulaw,88Ai7DiLs_A,natural-afriswitch,4
audio/robustness/afriswitch-pidgin-001654-88Ai7DiLs_A_chunk_299840-303168_26--noise-10db.wav,c104e3df063febec4f34edf43dbcaffb8abb9906c6defc4322892d72d85f9e83,37.5,noise-10db,3.328000068664551,Pidgin-English,Yeah so dem possibility say along the line,[[EN]]Yeah[[/EN]] so dem [[EN]]possibility[[/EN]] say [[EN]]along the line[[/EN]],afriswitch-pidgin-001654-88Ai7DiLs_A_chunk_299840-303168_26--noise-10db,88Ai7DiLs_A,natural-afriswitch,4
audio/robustness/afriswitch-pidgin-001654-88Ai7DiLs_A_chunk_299840-303168_26--packet-loss-3pct.wav,8c9259c928039b988042064b2d38ac5bd6d60e43a04adabce51d1127dbbf1e62,37.5,packet-loss-3pct,3.328000068664551,Pidgin-English,Yeah so dem possibility say along the line,[[EN]]Yeah[[/EN]] so dem [[EN]]possibility[[/EN]] say [[EN]]along the line[[/EN]],afriswitch-pidgin-001654-88Ai7DiLs_A_chunk_299840-303168_26--packet-loss-3pct,88Ai7DiLs_A,natural-afriswitch,4
audio/robustness/afriswitch-pidgin-001681-1zBz4CVEogs_chunk_1139280-1154720_109--pstn-mulaw.wav,ab39fdb241ff0b0519b70fbc59989fb289920d0bc67944e0064208fda20a25b8,36.66999816894531,pstn-mulaw,15.4399995803833,Pidgin-English,Them go dey fear you because you get money now but he say the 2nd one na numbers E say if we look money who how many people get money wey go make government do the needful then e go talk about numbers E stay say those wey dey government if dem realize say we get the largent number Nigerian's...,Them go dey fear you [[EN]]because you get money now but he say the 2nd one na numbers[[/EN]] E say if we [[EN]]look money[[/EN]] who [[EN]]how many people get money[[/EN]] wey go make [[EN]]government do the needful[[/EN]] then e go [[EN]]talk about numbers[[/EN]] E stay say those wey dey [[EN]]government if dem realize say we get the largent number Nigerian's...[[/EN]],afriswitch-pidgin-001681-1zBz4CVEogs_chunk_1139280-1154720_109--pstn-mulaw,1zBz4CVEogs_chunk,natural-afriswitch,11
audio/robustness/afriswitch-pidgin-001681-1zBz4CVEogs_chunk_1139280-1154720_109--noise-10db.wav,c54b6e9fb634f2260c9473552143e9bc65ebe60b1f96077ed63ce79dea12acfa,36.66999816894531,noise-10db,15.4399995803833,Pidgin-English,Them go dey fear you because you get money now but he say the 2nd one na numbers E say if we look money who how many people get money wey go make government do the needful then e go talk about numbers E stay say those wey dey government if dem realize say we get the largent number Nigerian's...,Them go dey fear you [[EN]]because you get money now but he say the 2nd one na numbers[[/EN]] E say if we [[EN]]look money[[/EN]] who [[EN]]how many people get money[[/EN]] wey go make [[EN]]government do the needful[[/EN]] then e go [[EN]]talk about numbers[[/EN]] E stay say those wey dey [[EN]]government if dem realize say we get the largent number Nigerian's...[[/EN]],afriswitch-pidgin-001681-1zBz4CVEogs_chunk_1139280-1154720_109--noise-10db,1zBz4CVEogs_chunk,natural-afriswitch,11
audio/robustness/afriswitch-pidgin-001681-1zBz4CVEogs_chunk_1139280-1154720_109--packet-loss-3pct.wav,c4ddf8898d61e822ed6979d3f45507e36dfdcbc5e417d301a55b6a7cf5e64658,36.66999816894531,packet-loss-3pct,15.4399995803833,Pidgin-English,Them go dey fear you because you get money now but he say the 2nd one na numbers E say if we look money who how many people get money wey go make government do the needful then e go talk about numbers E stay say those wey dey government if dem realize say we get the largent number Nigerian's...,Them go dey fear you [[EN]]because you get money now but he say the 2nd one na numbers[[/EN]] E say if we [[EN]]look money[[/EN]] who [[EN]]how many people get money[[/EN]] wey go make [[EN]]government do the needful[[/EN]] then e go [[EN]]talk about numbers[[/EN]] E stay say those wey dey [[EN]]government if dem realize say we get the largent number Nigerian's...[[/EN]],afriswitch-pidgin-001681-1zBz4CVEogs_chunk_1139280-1154720_109--packet-loss-3pct,1zBz4CVEogs_chunk,natural-afriswitch,11
audio/robustness/afriswitch-pidgin-001733-qp53iNWVzn8_chunk_677584-688064_64--pstn-mulaw.wav,e54b0596c865809aab3befdbab7d89d65298c20dd6522b726cab0d05c6f7578c,21.43000030517578,pstn-mulaw,10.479999542236328,Pidgin-English,On2 day tenor and till the 364 day tenor go still offer 93 92 bilion for suption,[[EN]]On2 day tenor and till the 364 day tenor[[/EN]] go still offer [[EN]]93 92 bilion for suption[[/EN]],afriswitch-pidgin-001733-qp53iNWVzn8_chunk_677584-688064_64--pstn-mulaw,qp53iNWVzn8_chunk,natural-afriswitch,2
audio/robustness/afriswitch-pidgin-001733-qp53iNWVzn8_chunk_677584-688064_64--noise-10db.wav,230b60827d5c9e35004fefce1f59fa27f43f373618ea4318257cd48820c1b825,21.43000030517578,noise-10db,10.479999542236328,Pidgin-English,On2 day tenor and till the 364 day tenor go still offer 93 92 bilion for suption,[[EN]]On2 day tenor and till the 364 day tenor[[/EN]] go still offer [[EN]]93 92 bilion for suption[[/EN]],afriswitch-pidgin-001733-qp53iNWVzn8_chunk_677584-688064_64--noise-10db,qp53iNWVzn8_chunk,natural-afriswitch,2
audio/robustness/afriswitch-pidgin-001733-qp53iNWVzn8_chunk_677584-688064_64--packet-loss-3pct.wav,415cb3adb622061aeb2a1abead67b805c2567425aa6d52b9dde083a7c87e64c9,21.43000030517578,packet-loss-3pct,10.479999542236328,Pidgin-English,On2 day tenor and till the 364 day tenor go still offer 93 92 bilion for suption,[[EN]]On2 day tenor and till the 364 day tenor[[/EN]] go still offer [[EN]]93 92 bilion for suption[[/EN]],afriswitch-pidgin-001733-qp53iNWVzn8_chunk_677584-688064_64--packet-loss-3pct,qp53iNWVzn8_chunk,natural-afriswitch,2
audio/robustness/afriswitch-pidgin-001745-1bG7s-eE77k_chunk_529664-536668_51--pstn-mulaw.wav,8805490268e33f48d6d1b086e849e356dce38512d3fc3c8912492699b8281af9,50.0,pstn-mulaw,11.302000045776367,Pidgin-English,Lots of things we need to do tips and whena bing things for your baby who dey watch out for don go anywhere where the doctors wey go write back,[[EN]]Lots of things we need to do tips and whena bing things for your baby[[/EN]] who dey watch out for don go anywhere where the doctors wey go write back,afriswitch-pidgin-001745-1bG7s-eE77k_chunk_529664-536668_51--pstn-mulaw,1bG7s_eE77k,natural-afriswitch,1
audio/robustness/afriswitch-pidgin-001745-1bG7s-eE77k_chunk_529664-536668_51--noise-10db.wav,3f630e37df11e5dc3e54e15ef32830b9d5ae4e641fc1a303342cdf2aadb45f6a,50.0,noise-10db,11.302000045776367,Pidgin-English,Lots of things we need to do tips and whena bing things for your baby who dey watch out for don go anywhere where the doctors wey go write back,[[EN]]Lots of things we need to do tips and whena bing things for your baby[[/EN]] who dey watch out for don go anywhere where the doctors wey go write back,afriswitch-pidgin-001745-1bG7s-eE77k_chunk_529664-536668_51--noise-10db,1bG7s_eE77k,natural-afriswitch,1
audio/robustness/afriswitch-pidgin-001745-1bG7s-eE77k_chunk_529664-536668_51--packet-loss-3pct.wav,869e0ef4a39e0ed44739f489d3e2127f8ea563dcb0dab2781b93c3da995145c5,50.0,packet-loss-3pct,11.302000045776367,Pidgin-English,Lots of things we need to do tips and whena bing things for your baby who dey watch out for don go anywhere where the doctors wey go write back,[[EN]]Lots of things we need to do tips and whena bing things for your baby[[/EN]] who dey watch out for don go anywhere where the doctors wey go write back,afriswitch-pidgin-001745-1bG7s-eE77k_chunk_529664-536668_51--packet-loss-3pct,1bG7s_eE77k,natural-afriswitch,1
audio/robustness/afriswitch-pidgin-001770-Dhlx7bsPnwY_chunk_278896-281488_30--pstn-mulaw.wav,c2c62739afc9f8cbdc9bf3d3289daef4dca1ed490ce5ea094bd8385072d27d8a,50.0,pstn-mulaw,2.5920000076293945,Pidgin-English,My papa dey talk say he who fails to plan,My papa dey talk say [[EN]]he who fails to plan[[/EN]],afriswitch-pidgin-001770-Dhlx7bsPnwY_chunk_278896-281488_30--pstn-mulaw,Dhlx7bsPnwY_chunk,natural-afriswitch,1
audio/robustness/afriswitch-pidgin-001770-Dhlx7bsPnwY_chunk_278896-281488_30--noise-10db.wav,917ee6df9d2b1b116df739f05fdf4f8e2cae4a08043c1e65c3f9744428657f99,50.0,noise-10db,2.5920000076293945,Pidgin-English,My papa dey talk say he who fails to plan,My papa dey talk say [[EN]]he who fails to plan[[/EN]],afriswitch-pidgin-001770-Dhlx7bsPnwY_chunk_278896-281488_30--noise-10db,Dhlx7bsPnwY_chunk,natural-afriswitch,1
audio/robustness/afriswitch-pidgin-001770-Dhlx7bsPnwY_chunk_278896-281488_30--packet-loss-3pct.wav,5b61d322a3c3d9faca6a4fb4f4d5e627b035e2bb8d37f80899b765a10a799577,50.0,packet-loss-3pct,2.5920000076293945,Pidgin-English,My papa dey talk say he who fails to plan,My papa dey talk say [[EN]]he who fails to plan[[/EN]],afriswitch-pidgin-001770-Dhlx7bsPnwY_chunk_278896-281488_30--packet-loss-3pct,Dhlx7bsPnwY_chunk,natural-afriswitch,1
audio/robustness/afriswitch-pidgin-001771-2eSPTGe-QiU_chunk_644400-654416_73--pstn-mulaw.wav,ce644a8fe505e99053dedec218a17a1e70c6dd97dfccfe666c20e119f329fc18,21.43000030517578,pstn-mulaw,10.015999794006348,Pidgin-English,Let me tell you something before you build the house you go draw the architectural plans Before you carry the patient to theater you go do pre theater,[[EN]]Let me tell you something before you build the house[[/EN]] you go draw [[EN]]the architectural plans[[/EN]] [[EN]]Before you carry the patient to theater[[/EN]] you go do [[EN]]pre theater[[/EN]],afriswitch-pidgin-001771-2eSPTGe-QiU_chunk_644400-654416_73--pstn-mulaw,2eSPTGe_QiU,natural-afriswitch,4
audio/robustness/afriswitch-pidgin-001771-2eSPTGe-QiU_chunk_644400-654416_73--noise-10db.wav,bfc22ea0f2ee816e037bde0ed87a3a358860d61578b94ffefe1786d8dbbc53a4,21.43000030517578,noise-10db,10.015999794006348,Pidgin-English,Let me tell you something before you build the house you go draw the architectural plans Before you carry the patient to theater you go do pre theater,[[EN]]Let me tell you something before you build the house[[/EN]] you go draw [[EN]]the architectural plans[[/EN]] [[EN]]Before you carry the patient to theater[[/EN]] you go do [[EN]]pre theater[[/EN]],afriswitch-pidgin-001771-2eSPTGe-QiU_chunk_644400-654416_73--noise-10db,2eSPTGe_QiU,natural-afriswitch,4
audio/robustness/afriswitch-pidgin-001771-2eSPTGe-QiU_chunk_644400-654416_73--packet-loss-3pct.wav,09d6d4344d30f41d58283a5f0b045ad4bf4fb8382d69dc9753953c8426eacf2b,21.43000030517578,packet-loss-3pct,10.015999794006348,Pidgin-English,Let me tell you something before you build the house you go draw the architectural plans Before you carry the patient to theater you go do pre theater,[[EN]]Let me tell you something before you build the house[[/EN]] you go draw [[EN]]the architectural plans[[/EN]] [[EN]]Before you carry the patient to theater[[/EN]] you go do [[EN]]pre theater[[/EN]],afriswitch-pidgin-001771-2eSPTGe-QiU_chunk_644400-654416_73--packet-loss-3pct,2eSPTGe_QiU,natural-afriswitch,4
audio/robustness/afriswitch-pidgin-001784-fzf7XW76dKY_chunk_104384-117696_8--pstn-mulaw.wav,0507473bdc1ceb0f80e3cc33a13ba96baaab45cfcf938f3fdeee60b585a08426,32.650001525878906,pstn-mulaw,13.312000274658203,Pidgin-English,"You wey be say you do well As governor you no go need wan even stress yourself again because as governor, you don do well Exactly And the people don see say you don do well, now make you go house go dey take care of your grand children","You wey be say you [[EN]]do well[[/EN]] As governor you no go need wan even [[EN]]stress yourself again[[/EN]] because as governor, you don [[EN]]do well[[/EN]] [[EN]]Exactly[[/EN]] And the people don see say you don [[EN]]do well[[/EN]], now make you go house go dey [[EN]]take care of your grand children[[/EN]]",afriswitch-pidgin-001784-fzf7XW76dKY_chunk_104384-117696_8--pstn-mulaw,fzf7XW76dKY_chunk,natural-afriswitch,9
audio/robustness/afriswitch-pidgin-001784-fzf7XW76dKY_chunk_104384-117696_8--noise-10db.wav,a3e2d9ba37d131692dac3a433adfef1434b7e4910b08044bb0a6218953b19202,32.650001525878906,noise-10db,13.312000274658203,Pidgin-English,"You wey be say you do well As governor you no go need wan even stress yourself again because as governor, you don do well Exactly And the people don see say you don do well, now make you go house go dey take care of your grand children","You wey be say you [[EN]]do well[[/EN]] As governor you no go need wan even [[EN]]stress yourself again[[/EN]] because as governor, you don [[EN]]do well[[/EN]] [[EN]]Exactly[[/EN]] And the people don see say you don [[EN]]do well[[/EN]], now make you go house go dey [[EN]]take care of your grand children[[/EN]]",afriswitch-pidgin-001784-fzf7XW76dKY_chunk_104384-117696_8--noise-10db,fzf7XW76dKY_chunk,natural-afriswitch,9
audio/robustness/afriswitch-pidgin-001784-fzf7XW76dKY_chunk_104384-117696_8--packet-loss-3pct.wav,3d1b1d7ce1ac26e2c086f92a5a2ae8b0cb1ce0151cb659df4cbb01afa7c7e07b,32.650001525878906,packet-loss-3pct,13.312000274658203,Pidgin-English,"You wey be say you do well As governor you no go need wan even stress yourself again because as governor, you don do well Exactly And the people don see say you don do well, now make you go house go dey take care of your grand children","You wey be say you [[EN]]do well[[/EN]] As governor you no go need wan even [[EN]]stress yourself again[[/EN]] because as governor, you don [[EN]]do well[[/EN]] [[EN]]Exactly[[/EN]] And the people don see say you don [[EN]]do well[[/EN]], now make you go house go dey [[EN]]take care of your grand children[[/EN]]",afriswitch-pidgin-001784-fzf7XW76dKY_chunk_104384-117696_8--packet-loss-3pct,fzf7XW76dKY_chunk,natural-afriswitch,9
audio/robustness/afriswitch-pidgin-001788-fZgLV4dMdcI_chunk_1773776-1777600_186--pstn-mulaw.wav,365386c2ddda0a44486dcb4a210a87802b8aa8120c4bf35b8776e9e1ebb7d8ea,20.0,pstn-mulaw,3.8239998817443848,Pidgin-English,To you see say dem really improve education inside nda,To you see say dem really [[EN]]improve education[[/EN]] inside nda,afriswitch-pidgin-001788-fZgLV4dMdcI_chunk_1773776-1777600_186--pstn-mulaw,fZgLV4dMdcI_chunk,natural-afriswitch,2
audio/robustness/afriswitch-pidgin-001788-fZgLV4dMdcI_chunk_1773776-1777600_186--noise-10db.wav,2b407b421df17a0ee262a245c9335453842c2aa368d9444fc0fb762fe1a399f8,20.0,noise-10db,3.8239998817443848,Pidgin-English,To you see say dem really improve education inside nda,To you see say dem really [[EN]]improve education[[/EN]] inside nda,afriswitch-pidgin-001788-fZgLV4dMdcI_chunk_1773776-1777600_186--noise-10db,fZgLV4dMdcI_chunk,natural-afriswitch,2
audio/robustness/afriswitch-pidgin-001788-fZgLV4dMdcI_chunk_1773776-1777600_186--packet-loss-3pct.wav,3947ad1ecd523cca3c25e00bba6f41e5b70ca9fb5930b8724644a009be93fe3f,20.0,packet-loss-3pct,3.8239998817443848,Pidgin-English,To you see say dem really improve education inside nda,To you see say dem really [[EN]]improve education[[/EN]] inside nda,afriswitch-pidgin-001788-fZgLV4dMdcI_chunk_1773776-1777600_186--packet-loss-3pct,fZgLV4dMdcI_chunk,natural-afriswitch,2
audio/robustness/afriswitch-yoruba-000000-YsdtabkxjaM_chunk_4840080-4849184_402--pstn-mulaw.wav,9f9fa148046409500e704e40c934edaa22f45bb0d75e1f334661e43a4e3e211e,18.18000030517578,pstn-mulaw,9.104000091552734,Yoruba-English,"E ni toripe obinrin kan se nkan to dun yin abi to se nkan ti o da fun yin, ka ro pe gbogbo obinrin ni o da o you need to base your","E ni toripe obinrin kan se nkan to dun yin abi to se nkan ti o da [[EN]]fun[[/EN]] yin, ka ro pe gbogbo obinrin ni o da o [[EN]]you need to base your[[/EN]]",afriswitch-yoruba-000000-YsdtabkxjaM_chunk_4840080-4849184_402--pstn-mulaw,YsdtabkxjaM_chunk,natural-afriswitch,3
audio/robustness/afriswitch-yoruba-000000-YsdtabkxjaM_chunk_4840080-4849184_402--noise-10db.wav,b54251d5d8e4c522eaaafa61afd3aec9586ef6abf2bb4b10abf6c1bb67ad87bd,18.18000030517578,noise-10db,9.104000091552734,Yoruba-English,"E ni toripe obinrin kan se nkan to dun yin abi to se nkan ti o da fun yin, ka ro pe gbogbo obinrin ni o da o you need to base your","E ni toripe obinrin kan se nkan to dun yin abi to se nkan ti o da [[EN]]fun[[/EN]] yin, ka ro pe gbogbo obinrin ni o da o [[EN]]you need to base your[[/EN]]",afriswitch-yoruba-000000-YsdtabkxjaM_chunk_4840080-4849184_402--noise-10db,YsdtabkxjaM_chunk,natural-afriswitch,3
audio/robustness/afriswitch-yoruba-000000-YsdtabkxjaM_chunk_4840080-4849184_402--packet-loss-3pct.wav,84ad83bf8472977c8ceea6768dc5a7eed1d3ae48fe0a022f0709b1e8c419b970,18.18000030517578,packet-loss-3pct,9.104000091552734,Yoruba-English,"E ni toripe obinrin kan se nkan to dun yin abi to se nkan ti o da fun yin, ka ro pe gbogbo obinrin ni o da o you need to base your","E ni toripe obinrin kan se nkan to dun yin abi to se nkan ti o da [[EN]]fun[[/EN]] yin, ka ro pe gbogbo obinrin ni o da o [[EN]]you need to base your[[/EN]]",afriswitch-yoruba-000000-YsdtabkxjaM_chunk_4840080-4849184_402--packet-loss-3pct,YsdtabkxjaM_chunk,natural-afriswitch,3
audio/robustness/afriswitch-yoruba-000037-HO57QfZ9tFk_chunk_2199632-2209776_184--pstn-mulaw.wav,16c3e6c0c3163d14c77dc1bac8e45ead6b3c3884b1abeca0a46c04a068e0c446,47.060001373291016,pstn-mulaw,10.144000053405762,Yoruba-English,"Oh He did, hmm okay okay no problem, mi ni gbenu le Oro idile yin mo, Okay!","[[EN]]Oh He did, hmm okay okay no problem,[[/EN]] mi ni gbenu le Oro idile yin mo, [[EN]]Okay![[/EN]]",afriswitch-yoruba-000037-HO57QfZ9tFk_chunk_2199632-2209776_184--pstn-mulaw,HO57QfZ9tFk_chunk,natural-afriswitch,2
audio/robustness/afriswitch-yoruba-000037-HO57QfZ9tFk_chunk_2199632-2209776_184--noise-10db.wav,4f4d1c7661ca026a17b2e3cedb3558045c0fbc5aef5d0cf393ad06b47b15002d,47.060001373291016,noise-10db,10.144000053405762,Yoruba-English,"Oh He did, hmm okay okay no problem, mi ni gbenu le Oro idile yin mo, Okay!","[[EN]]Oh He did, hmm okay okay no problem,[[/EN]] mi ni gbenu le Oro idile yin mo, [[EN]]Okay![[/EN]]",afriswitch-yoruba-000037-HO57QfZ9tFk_chunk_2199632-2209776_184--noise-10db,HO57QfZ9tFk_chunk,natural-afriswitch,2
audio/robustness/afriswitch-yoruba-000037-HO57QfZ9tFk_chunk_2199632-2209776_184--packet-loss-3pct.wav,2386ad8070fcd819c81e6b54535dcf58c774570532931e4d974110a1b8847d15,47.060001373291016,packet-loss-3pct,10.144000053405762,Yoruba-English,"Oh He did, hmm okay okay no problem, mi ni gbenu le Oro idile yin mo, Okay!","[[EN]]Oh He did, hmm okay okay no problem,[[/EN]] mi ni gbenu le Oro idile yin mo, [[EN]]Okay![[/EN]]",afriswitch-yoruba-000037-HO57QfZ9tFk_chunk_2199632-2209776_184--packet-loss-3pct,HO57QfZ9tFk_chunk,natural-afriswitch,2
audio/robustness/afriswitch-yoruba-000043-XQhraio2VZY_chunk_1903136-1906576_223--pstn-mulaw.wav,915371168efbfdbc359a4de429bef5f6222a576452ac420e6d4b0e40a0744c3d,22.219999313354492,pstn-mulaw,3.440000057220459,Yoruba-English,"Anything tan ba ta fun yin, ateyin atawon, hun!","[[EN]]Anything[[/EN]] tan ba ta [[EN]]fun[[/EN]] yin, ateyin atawon, hun!",afriswitch-yoruba-000043-XQhraio2VZY_chunk_1903136-1906576_223--pstn-mulaw,XQhraio2VZY_chunk,natural-afriswitch,3
audio/robustness/afriswitch-yoruba-000043-XQhraio2VZY_chunk_1903136-1906576_223--noise-10db.wav,acc25e5416c3dcfb397951611336ea95d9c41750868bc73b3cce69e8afb0bc2a,22.219999313354492,noise-10db,3.440000057220459,Yoruba-English,"Anything tan ba ta fun yin, ateyin atawon, hun!","[[EN]]Anything[[/EN]] tan ba ta [[EN]]fun[[/EN]] yin, ateyin atawon, hun!",afriswitch-yoruba-000043-XQhraio2VZY_chunk_1903136-1906576_223--noise-10db,XQhraio2VZY_chunk,natural-afriswitch,3
audio/robustness/afriswitch-yoruba-000043-XQhraio2VZY_chunk_1903136-1906576_223--packet-loss-3pct.wav,2a9ee3ce56decc49cd1840dce0d041585c4956153e0116598d51ee47c5809762,22.219999313354492,packet-loss-3pct,3.440000057220459,Yoruba-English,"Anything tan ba ta fun yin, ateyin atawon, hun!","[[EN]]Anything[[/EN]] tan ba ta [[EN]]fun[[/EN]] yin, ateyin atawon, hun!",afriswitch-yoruba-000043-XQhraio2VZY_chunk_1903136-1906576_223--packet-loss-3pct,XQhraio2VZY_chunk,natural-afriswitch,3
audio/robustness/afriswitch-yoruba-000056-jV3T5qAvw4Y_chunk_6350948-6368080_588--pstn-mulaw.wav,8de1fb13151cc03562cf4e4d58c3a7f7f35a8916d8d05814d66a8e803dfb2a12,12.199999809265137,pstn-mulaw,17.131999969482422,Yoruba-English,Se bohun ni mo sen wu gbogbo iwa palapala ti mo n wu kiri not until igba ti yusuf to tun wa wonu aye wa Ha ha Won nu aye eyin melo Ki lo kilo mean pe wo nu aye wa Folake,Se bohun ni mo sen wu gbogbo iwa palapala ti mo [[EN]]n[[/EN]] wu kiri [[EN]]not until[[/EN]] igba ti yusuf [[EN]]to[[/EN]] tun wa wonu aye wa Ha ha Won nu aye eyin melo Ki lo kilo [[EN]]mean[[/EN]] pe wo nu aye wa Folake,afriswitch-yoruba-000056-jV3T5qAvw4Y_chunk_6350948-6368080_588--pstn-mulaw,jV3T5qAvw4Y_chunk,natural-afriswitch,8
audio/robustness/afriswitch-yoruba-000056-jV3T5qAvw4Y_chunk_6350948-6368080_588--noise-10db.wav,d24efcd6777b530f37b58446ac852b8033842c4c8f142f8788b49ccad73d9f0b,12.199999809265137,noise-10db,17.131999969482422,Yoruba-English,Se bohun ni mo sen wu gbogbo iwa palapala ti mo n wu kiri not until igba ti yusuf to tun wa wonu aye wa Ha ha Won nu aye eyin melo Ki lo kilo mean pe wo nu aye wa Folake,Se bohun ni mo sen wu gbogbo iwa palapala ti mo [[EN]]n[[/EN]] wu kiri [[EN]]not until[[/EN]] igba ti yusuf [[EN]]to[[/EN]] tun wa wonu aye wa Ha ha Won nu aye eyin melo Ki lo kilo [[EN]]mean[[/EN]] pe wo nu aye wa Folake,afriswitch-yoruba-000056-jV3T5qAvw4Y_chunk_6350948-6368080_588--noise-10db,jV3T5qAvw4Y_chunk,natural-afriswitch,8
audio/robustness/afriswitch-yoruba-000056-jV3T5qAvw4Y_chunk_6350948-6368080_588--packet-loss-3pct.wav,b49c1df505618ff04cbe260df3e0f381856032feaa05a7cb8893f95394682f42,12.199999809265137,packet-loss-3pct,17.131999969482422,Yoruba-English,Se bohun ni mo sen wu gbogbo iwa palapala ti mo n wu kiri not until igba ti yusuf to tun wa wonu aye wa Ha ha Won nu aye eyin melo Ki lo kilo mean pe wo nu aye wa Folake,Se bohun ni mo sen wu gbogbo iwa palapala ti mo [[EN]]n[[/EN]] wu kiri [[EN]]not until[[/EN]] igba ti yusuf [[EN]]to[[/EN]] tun wa wonu aye wa Ha ha Won nu aye eyin melo Ki lo kilo [[EN]]mean[[/EN]] pe wo nu aye wa Folake,afriswitch-yoruba-000056-jV3T5qAvw4Y_chunk_6350948-6368080_588--packet-loss-3pct,jV3T5qAvw4Y_chunk,natural-afriswitch,8
audio/robustness/afriswitch-yoruba-000078-HeVZ7fQSY6U_chunk_4708096-4713424_492--pstn-mulaw.wav,bc542781923429e90d67aea4c2e52f6eff96343ad1052953ce79aa0918deb3ef,38.459999084472656,pstn-mulaw,5.328000068664551,Yoruba-English,"It's about Lolade, ọrọ e ni mowa rí yín fún. Excuse me, please","[[EN]]It's about[[/EN]] Lolade, ọrọ e ni mowa rí yín fún. [[EN]]Excuse me, please[[/EN]]",afriswitch-yoruba-000078-HeVZ7fQSY6U_chunk_4708096-4713424_492--pstn-mulaw,HeVZ7fQSY6U_chunk,natural-afriswitch,2
audio/robustness/afriswitch-yoruba-000078-HeVZ7fQSY6U_chunk_4708096-4713424_492--noise-10db.wav,07fbf89aadbc062df6f2b6566aeceac100fd4e97b7232f2a8babc1f9daec2090,38.459999084472656,noise-10db,5.328000068664551,Yoruba-English,"It's about Lolade, ọrọ e ni mowa rí yín fún. Excuse me, please","[[EN]]It's about[[/EN]] Lolade, ọrọ e ni mowa rí yín fún. [[EN]]Excuse me, please[[/EN]]",afriswitch-yoruba-000078-HeVZ7fQSY6U_chunk_4708096-4713424_492--noise-10db,HeVZ7fQSY6U_chunk,natural-afriswitch,2
audio/robustness/afriswitch-yoruba-000078-HeVZ7fQSY6U_chunk_4708096-4713424_492--packet-loss-3pct.wav,135e4dff79af84deeac97215594c6c9eae3c3806996c008d4eee88866bc0a0ac,38.459999084472656,packet-loss-3pct,5.328000068664551,Yoruba-English,"It's about Lolade, ọrọ e ni mowa rí yín fún. Excuse me, please","[[EN]]It's about[[/EN]] Lolade, ọrọ e ni mowa rí yín fún. [[EN]]Excuse me, please[[/EN]]",afriswitch-yoruba-000078-HeVZ7fQSY6U_chunk_4708096-4713424_492--packet-loss-3pct,HeVZ7fQSY6U_chunk,natural-afriswitch,2
audio/robustness/afriswitch-yoruba-000079-CJy_V_ysdPA_chunk_1081412-1096512_128--pstn-mulaw.wav,e9078320b64e312e190989686090c41a5144261f28333e74e427ffcb2106795c,10.0,pstn-mulaw,15.100000381469727,Yoruba-English,Ese wo mofe se mo j'eyan ti o responsible gan ti mo je ni ibowo f'obirin gaan gan to je pe iwonba nkan ti agbara mi baka ti mo man se but t'ogun ba de kosi nibe ta se fese,Ese wo mofe se mo j'eyan ti o [[EN]]responsible[[/EN]] gan ti mo je ni ibowo [[EN]]f'obirin[[/EN]] gaan gan [[EN]]to[[/EN]] je pe iwonba nkan ti agbara mi baka ti mo man se [[EN]]but[[/EN]] t'ogun ba de kosi nibe ta se fese,afriswitch-yoruba-000079-CJy_V_ysdPA_chunk_1081412-1096512_128--pstn-mulaw,CJy_V,natural-afriswitch,8
audio/robustness/afriswitch-yoruba-000079-CJy_V_ysdPA_chunk_1081412-1096512_128--noise-10db.wav,c5f1ae6e472c808682ec0ce69488f73e483cfe231cd9ef2f0c454e820bce9900,10.0,noise-10db,15.100000381469727,Yoruba-English,Ese wo mofe se mo j'eyan ti o responsible gan ti mo je ni ibowo f'obirin gaan gan to je pe iwonba nkan ti agbara mi baka ti mo man se but t'ogun ba de kosi nibe ta se fese,Ese wo mofe se mo j'eyan ti o [[EN]]responsible[[/EN]] gan ti mo je ni ibowo [[EN]]f'obirin[[/EN]] gaan gan [[EN]]to[[/EN]] je pe iwonba nkan ti agbara mi baka ti mo man se [[EN]]but[[/EN]] t'ogun ba de kosi nibe ta se fese,afriswitch-yoruba-000079-CJy_V_ysdPA_chunk_1081412-1096512_128--noise-10db,CJy_V,natural-afriswitch,8
audio/robustness/afriswitch-yoruba-000079-CJy_V_ysdPA_chunk_1081412-1096512_128--packet-loss-3pct.wav,3bf2728863154030b4232420d3d2b77cf7e811e06f71e656562438e6727bb20c,10.0,packet-loss-3pct,15.100000381469727,Yoruba-English,Ese wo mofe se mo j'eyan ti o responsible gan ti mo je ni ibowo f'obirin gaan gan to je pe iwonba nkan ti agbara mi baka ti mo man se but t'ogun ba de kosi nibe ta se fese,Ese wo mofe se mo j'eyan ti o [[EN]]responsible[[/EN]] gan ti mo je ni ibowo [[EN]]f'obirin[[/EN]] gaan gan [[EN]]to[[/EN]] je pe iwonba nkan ti agbara mi baka ti mo man se [[EN]]but[[/EN]] t'ogun ba de kosi nibe ta se fese,afriswitch-yoruba-000079-CJy_V_ysdPA_chunk_1081412-1096512_128--packet-loss-3pct,CJy_V,natural-afriswitch,8
audio/robustness/afriswitch-yoruba-000135-Mj3DyVQoW9E_chunk_1649312-1657360_166--pstn-mulaw.wav,160456c0b3c2e13b130d4ae2efdbaeba747ff4ffa1e31d13d0cb79b20c58d7d2,13.15999984741211,pstn-mulaw,8.04800033569336,Yoruba-English,"Mo de bi se yin lago Olopa, won le si ni ile ooo. Mo ba bawo ja reke reke ki won to je un won inu office yin mi o ba enikankan ni be. Won wa gbo wipe","Mo de bi se yin lago Olopa, won le si ni ile ooo. Mo ba bawo ja reke reke ki won to je un [[EN]]won[[/EN]] inu [[EN]]office[[/EN]] yin mi o ba enikankan ni be. [[EN]]Won[[/EN]] wa [[EN]]gbo wipe[[/EN]]",afriswitch-yoruba-000135-Mj3DyVQoW9E_chunk_1649312-1657360_166--pstn-mulaw,Mj3DyVQoW9E_chunk,natural-afriswitch,7
audio/robustness/afriswitch-yoruba-000135-Mj3DyVQoW9E_chunk_1649312-1657360_166--noise-10db.wav,3da06dfb85910a0c044666249de99390d87d8406bdbfcbe0df9f023a637c84d6,13.15999984741211,noise-10db,8.04800033569336,Yoruba-English,"Mo de bi se yin lago Olopa, won le si ni ile ooo. Mo ba bawo ja reke reke ki won to je un won inu office yin mi o ba enikankan ni be. Won wa gbo wipe","Mo de bi se yin lago Olopa, won le si ni ile ooo. Mo ba bawo ja reke reke ki won to je un [[EN]]won[[/EN]] inu [[EN]]office[[/EN]] yin mi o ba enikankan ni be. [[EN]]Won[[/EN]] wa [[EN]]gbo wipe[[/EN]]",afriswitch-yoruba-000135-Mj3DyVQoW9E_chunk_1649312-1657360_166--noise-10db,Mj3DyVQoW9E_chunk,natural-afriswitch,7
audio/robustness/afriswitch-yoruba-000135-Mj3DyVQoW9E_chunk_1649312-1657360_166--packet-loss-3pct.wav,81b8937ea516f232712c29ad12bbb9805f82651e421cc42e56c5afc07d4204bc,13.15999984741211,packet-loss-3pct,8.04800033569336,Yoruba-English,"Mo de bi se yin lago Olopa, won le si ni ile ooo. Mo ba bawo ja reke reke ki won to je un won inu office yin mi o ba enikankan ni be. Won wa gbo wipe","Mo de bi se yin lago Olopa, won le si ni ile ooo. Mo ba bawo ja reke reke ki won to je un [[EN]]won[[/EN]] inu [[EN]]office[[/EN]] yin mi o ba enikankan ni be. [[EN]]Won[[/EN]] wa [[EN]]gbo wipe[[/EN]]",afriswitch-yoruba-000135-Mj3DyVQoW9E_chunk_1649312-1657360_166--packet-loss-3pct,Mj3DyVQoW9E_chunk,natural-afriswitch,7
audio/robustness/afriswitch-yoruba-000144-fFCg8K3D2HU_chunk_48464-56572_5--pstn-mulaw.wav,decd57ec26ce130cca5edc19345fef8076b132f47a6b9f21040600762c2ebcec,22.219999313354492,pstn-mulaw,8.432999610900879,Yoruba-English,"Each time i see you like this o ma ndun mi, because i saw it coming Madam, madam","[[EN]]Each time i see you like this[[/EN]] o ma ndun mi, [[EN]]because i saw it coming Madam, madam[[/EN]]",afriswitch-yoruba-000144-fFCg8K3D2HU_chunk_48464-56572_5--pstn-mulaw,fFCg8K3D2HU_chunk,natural-afriswitch,2
audio/robustness/afriswitch-yoruba-000144-fFCg8K3D2HU_chunk_48464-56572_5--noise-10db.wav,015a4a05f69e9a969e061836cfdd674870e9cd36ba4cfd70b429a4204865e552,22.219999313354492,noise-10db,8.432999610900879,Yoruba-English,"Each time i see you like this o ma ndun mi, because i saw it coming Madam, madam","[[EN]]Each time i see you like this[[/EN]] o ma ndun mi, [[EN]]because i saw it coming Madam, madam[[/EN]]",afriswitch-yoruba-000144-fFCg8K3D2HU_chunk_48464-56572_5--noise-10db,fFCg8K3D2HU_chunk,natural-afriswitch,2
audio/robustness/afriswitch-yoruba-000144-fFCg8K3D2HU_chunk_48464-56572_5--packet-loss-3pct.wav,aed70c79285a7cc76707267a987fe0a2460b0cbeba36fe1c034ec3e6200d2abf,22.219999313354492,packet-loss-3pct,8.432999610900879,Yoruba-English,"Each time i see you like this o ma ndun mi, because i saw it coming Madam, madam","[[EN]]Each time i see you like this[[/EN]] o ma ndun mi, [[EN]]because i saw it coming Madam, madam[[/EN]]",afriswitch-yoruba-000144-fFCg8K3D2HU_chunk_48464-56572_5--packet-loss-3pct,fFCg8K3D2HU_chunk,natural-afriswitch,2
audio/robustness/afriswitch-yoruba-000146-302BK-fzjC0_chunk_5361472-5370172_499--pstn-mulaw.wav,9afca77644d5979acf5abbab81afbfb97652766eb2bc7170aea9fc9a3f63d16d,37.5,pstn-mulaw,8.767000198364258,Yoruba-English,"how soon ni daddy pe? ah, very soon ni o. very soon? ko ti e nipe rara ati rara. ehn, no problem. kosi wahala.","[[EN]]how soon[[/EN]] ni [[EN]]daddy[[/EN]] pe? ah, [[EN]]very soon[[/EN]] ni o. [[EN]]very soon?[[/EN]] ko ti e nipe rara ati rara. ehn, [[EN]]no problem.[[/EN]] kosi wahala.",afriswitch-yoruba-000146-302BK-fzjC0_chunk_5361472-5370172_499--pstn-mulaw,302BK_fzjC0,natural-afriswitch,9
audio/robustness/afriswitch-yoruba-000146-302BK-fzjC0_chunk_5361472-5370172_499--noise-10db.wav,ad5490a8fe676355d79c05ee9003466e61f2b02a6a8f814fdb011c794188db95,37.5,noise-10db,8.767000198364258,Yoruba-English,"how soon ni daddy pe? ah, very soon ni o. very soon? ko ti e nipe rara ati rara. ehn, no problem. kosi wahala.","[[EN]]how soon[[/EN]] ni [[EN]]daddy[[/EN]] pe? ah, [[EN]]very soon[[/EN]] ni o. [[EN]]very soon?[[/EN]] ko ti e nipe rara ati rara. ehn, [[EN]]no problem.[[/EN]] kosi wahala.",afriswitch-yoruba-000146-302BK-fzjC0_chunk_5361472-5370172_499--noise-10db,302BK_fzjC0,natural-afriswitch,9
audio/robustness/afriswitch-yoruba-000146-302BK-fzjC0_chunk_5361472-5370172_499--packet-loss-3pct.wav,5c70bbb0adb22be895c0f2263a3dc88b7d335fb6754a68ee6cc051194646128c,37.5,packet-loss-3pct,8.767000198364258,Yoruba-English,"how soon ni daddy pe? ah, very soon ni o. very soon? ko ti e nipe rara ati rara. ehn, no problem. kosi wahala.","[[EN]]how soon[[/EN]] ni [[EN]]daddy[[/EN]] pe? ah, [[EN]]very soon[[/EN]] ni o. [[EN]]very soon?[[/EN]] ko ti e nipe rara ati rara. ehn, [[EN]]no problem.[[/EN]] kosi wahala.",afriswitch-yoruba-000146-302BK-fzjC0_chunk_5361472-5370172_499--packet-loss-3pct,302BK_fzjC0,natural-afriswitch,9
audio/robustness/afriswitch-yoruba-000175-LheozNkL0KA_chunk_3205984-3218416_208--pstn-mulaw.wav,97be63fc62e87e005b788fe5419c73cc9e5d9c01721e17833006686b025594cd,45.83000183105469,pstn-mulaw,12.432000160217285,Yoruba-English,"O ma pada ni tedry Ko si wahala, you can go, satisfy yourself, satisfty your work place, satisfy your government, but emi mo pe","O ma pada ni tedry Ko si wahala, [[EN]]you can go, satisfy yourself, satisfty your work place, satisfy your government, but[[/EN]] emi mo pe",afriswitch-yoruba-000175-LheozNkL0KA_chunk_3205984-3218416_208--pstn-mulaw,LheozNkL0KA_chunk,natural-afriswitch,2
audio/robustness/afriswitch-yoruba-000175-LheozNkL0KA_chunk_3205984-3218416_208--noise-10db.wav,c8a842718c742f3151256b2d26c1eedf826847405746b49284e00b200f4a5b07,45.83000183105469,noise-10db,12.432000160217285,Yoruba-English,"O ma pada ni tedry Ko si wahala, you can go, satisfy yourself, satisfty your work place, satisfy your government, but emi mo pe","O ma pada ni tedry Ko si wahala, [[EN]]you can go, satisfy yourself, satisfty your work place, satisfy your government, but[[/EN]] emi mo pe",afriswitch-yoruba-000175-LheozNkL0KA_chunk_3205984-3218416_208--noise-10db,LheozNkL0KA_chunk,natural-afriswitch,2
audio/robustness/afriswitch-yoruba-000175-LheozNkL0KA_chunk_3205984-3218416_208--packet-loss-3pct.wav,96566dac52279bd016b2e347877ec99e33fecdcaf3065e5369e2837e9e60a5e8,45.83000183105469,packet-loss-3pct,12.432000160217285,Yoruba-English,"O ma pada ni tedry Ko si wahala, you can go, satisfy yourself, satisfty your work place, satisfy your government, but emi mo pe","O ma pada ni tedry Ko si wahala, [[EN]]you can go, satisfy yourself, satisfty your work place, satisfy your government, but[[/EN]] emi mo pe",afriswitch-yoruba-000175-LheozNkL0KA_chunk_3205984-3218416_208--packet-loss-3pct,LheozNkL0KA_chunk,natural-afriswitch,2
audio/robustness/afriswitch-yoruba-000179-XndHx5V2joo_chunk_3620384-3627616_359--pstn-mulaw.wav,b628dc2685879bed3efa3f71bf7fe2e1440e10d771f9f1b32b23c78811c3f780,10.0,pstn-mulaw,7.23199987411499,Yoruba-English,Ati eekan lo tin so gbogbo trash yen o òun fi cream kan sibeyen òun o ri mo èmi àti òun lo wa nibi kilo kan mi pelu gbogbo iyen,Ati eekan lo tin [[EN]]so[[/EN]] gbogbo [[EN]]trash[[/EN]] yen o òun fi [[EN]]cream[[/EN]] kan sibeyen òun o ri mo èmi àti òun lo wa nibi kilo kan mi pelu gbogbo iyen,afriswitch-yoruba-000179-XndHx5V2joo_chunk_3620384-3627616_359--pstn-mulaw,XndHx5V2joo_chunk,natural-afriswitch,6
audio/robustness/afriswitch-yoruba-000179-XndHx5V2joo_chunk_3620384-3627616_359--noise-10db.wav,a21b2b86d4c4705665eac280a3cb1165fa7980dd90952b6deda5301e8523877b,10.0,noise-10db,7.23199987411499,Yoruba-English,Ati eekan lo tin so gbogbo trash yen o òun fi cream kan sibeyen òun o ri mo èmi àti òun lo wa nibi kilo kan mi pelu gbogbo iyen,Ati eekan lo tin [[EN]]so[[/EN]] gbogbo [[EN]]trash[[/EN]] yen o òun fi [[EN]]cream[[/EN]] kan sibeyen òun o ri mo èmi àti òun lo wa nibi kilo kan mi pelu gbogbo iyen,afriswitch-yoruba-000179-XndHx5V2joo_chunk_3620384-3627616_359--noise-10db,XndHx5V2joo_chunk,natural-afriswitch,6
audio/robustness/afriswitch-yoruba-000179-XndHx5V2joo_chunk_3620384-3627616_359--packet-loss-3pct.wav,8090bb28b52dce4e512de7f967aa30d73fb8c939dd041bbf0d94a888a39293f6,10.0,packet-loss-3pct,7.23199987411499,Yoruba-English,Ati eekan lo tin so gbogbo trash yen o òun fi cream kan sibeyen òun o ri mo èmi àti òun lo wa nibi kilo kan mi pelu gbogbo iyen,Ati eekan lo tin [[EN]]so[[/EN]] gbogbo [[EN]]trash[[/EN]] yen o òun fi [[EN]]cream[[/EN]] kan sibeyen òun o ri mo èmi àti òun lo wa nibi kilo kan mi pelu gbogbo iyen,afriswitch-yoruba-000179-XndHx5V2joo_chunk_3620384-3627616_359--packet-loss-3pct,XndHx5V2joo_chunk,natural-afriswitch,6
audio/robustness/afriswitch-yoruba-000200-wjnLi-P4Vuo_chunk_473028-482524_46--pstn-mulaw.wav,01986ebb1f17cce2e9d17ad17596e683ad78ed8c024935a75869542e18cfb083,22.219999313354492,pstn-mulaw,10.46399974822998,Yoruba-English,but bawo lo se sele now emi ro pe o ti wo menopause now. Ko ye emi na,[[EN]]but[[/EN]] bawo lo se sele [[EN]]now[[/EN]] emi ro pe o ti wo [[EN]]menopause now.[[/EN]] Ko ye emi na,afriswitch-yoruba-000200-wjnLi-P4Vuo_chunk_473028-482524_46--pstn-mulaw,wjnLi_P4Vuo,natural-afriswitch,5
audio/robustness/afriswitch-yoruba-000200-wjnLi-P4Vuo_chunk_473028-482524_46--noise-10db.wav,b8d0a6f51a61846bdbb4e5eeb273cb6fabfc3c766738cdae06f2c39764795f46,22.219999313354492,noise-10db,10.46399974822998,Yoruba-English,but bawo lo se sele now emi ro pe o ti wo menopause now. Ko ye emi na,[[EN]]but[[/EN]] bawo lo se sele [[EN]]now[[/EN]] emi ro pe o ti wo [[EN]]menopause now.[[/EN]] Ko ye emi na,afriswitch-yoruba-000200-wjnLi-P4Vuo_chunk_473028-482524_46--noise-10db,wjnLi_P4Vuo,natural-afriswitch,5
audio/robustness/afriswitch-yoruba-000200-wjnLi-P4Vuo_chunk_473028-482524_46--packet-loss-3pct.wav,c7061f43dfc65d205d6db6b40c7e365ff195b863e931ecd7ac79bb71ffd0f40e,22.219999313354492,packet-loss-3pct,10.46399974822998,Yoruba-English,but bawo lo se sele now emi ro pe o ti wo menopause now. Ko ye emi na,[[EN]]but[[/EN]] bawo lo se sele [[EN]]now[[/EN]] emi ro pe o ti wo [[EN]]menopause now.[[/EN]] Ko ye emi na,afriswitch-yoruba-000200-wjnLi-P4Vuo_chunk_473028-482524_46--packet-loss-3pct,wjnLi_P4Vuo,natural-afriswitch,5
audio/robustness/afriswitch-yoruba-000216-cDemNY31NZk_chunk_3052624-3065504_214--pstn-mulaw.wav,2955aeead9f890d31181b8ef5e20b32e7219e353dc889c8330b8a141529d4060,13.510000228881836,pstn-mulaw,12.880000114440918,Yoruba-English,"my dear mi rindin olohun o ko emi ati e po ni, t'olohun ba kowa po smith o ni fimile otipe now haha koni fimile Olohun o koyin po o gba e nipa t'ara o gba e nipa t'owo","[[EN]]my dear[[/EN]] mi rindin olohun o ko emi ati e po ni, t'olohun ba kowa po [[EN]]smith[[/EN]] o ni fimile otipe [[EN]]now haha[[/EN]] koni fimile Olohun o koyin po o gba e nipa t'ara o gba e nipa t'owo",afriswitch-yoruba-000216-cDemNY31NZk_chunk_3052624-3065504_214--pstn-mulaw,cDemNY31NZk_chunk,natural-afriswitch,5
audio/robustness/afriswitch-yoruba-000216-cDemNY31NZk_chunk_3052624-3065504_214--noise-10db.wav,9c3c848148ebe945c629c8f9b538b0967ecbfd8b5e7dade370fb8f96a5d2a4c2,13.510000228881836,noise-10db,12.880000114440918,Yoruba-English,"my dear mi rindin olohun o ko emi ati e po ni, t'olohun ba kowa po smith o ni fimile otipe now haha koni fimile Olohun o koyin po o gba e nipa t'ara o gba e nipa t'owo","[[EN]]my dear[[/EN]] mi rindin olohun o ko emi ati e po ni, t'olohun ba kowa po [[EN]]smith[[/EN]] o ni fimile otipe [[EN]]now haha[[/EN]] koni fimile Olohun o koyin po o gba e nipa t'ara o gba e nipa t'owo",afriswitch-yoruba-000216-cDemNY31NZk_chunk_3052624-3065504_214--noise-10db,cDemNY31NZk_chunk,natural-afriswitch,5
audio/robustness/afriswitch-yoruba-000216-cDemNY31NZk_chunk_3052624-3065504_214--packet-loss-3pct.wav,4d74b4388f86708bdbe02aa3596a83fdcb3f5e4c9b81bf3d888ad061c6c0c105,13.510000228881836,packet-loss-3pct,12.880000114440918,Yoruba-English,"my dear mi rindin olohun o ko emi ati e po ni, t'olohun ba kowa po smith o ni fimile otipe now haha koni fimile Olohun o koyin po o gba e nipa t'ara o gba e nipa t'owo","[[EN]]my dear[[/EN]] mi rindin olohun o ko emi ati e po ni, t'olohun ba kowa po [[EN]]smith[[/EN]] o ni fimile otipe [[EN]]now haha[[/EN]] koni fimile Olohun o koyin po o gba e nipa t'ara o gba e nipa t'owo",afriswitch-yoruba-000216-cDemNY31NZk_chunk_3052624-3065504_214--packet-loss-3pct,cDemNY31NZk_chunk,natural-afriswitch,5
audio/robustness/afriswitch-yoruba-000229-rVgEWselff8_chunk_1141476-1155004_96--pstn-mulaw.wav,6a5242898e261e75a0cbc550b870527b21144b608113461fe5716854a091b947,11.760000228881836,pstn-mulaw,13.90999984741211,Yoruba-English,"hun, nothing sha are you sure yeah you're high, yes wo colour eye balls e, same eyes","hun, [[EN]]nothing[[/EN]] sha [[EN]]are you sure yeah you're high, yes wo colour eye balls e, same eyes[[/EN]]",afriswitch-yoruba-000229-rVgEWselff8_chunk_1141476-1155004_96--pstn-mulaw,rVgEWselff8_chunk,natural-afriswitch,3
audio/robustness/afriswitch-yoruba-000229-rVgEWselff8_chunk_1141476-1155004_96--noise-10db.wav,ee48ca5e4b5ce99d254cce7a0563203c5d6a54ec6c9bb617df9d1686b2f6d6e9,11.760000228881836,noise-10db,13.90999984741211,Yoruba-English,"hun, nothing sha are you sure yeah you're high, yes wo colour eye balls e, same eyes","hun, [[EN]]nothing[[/EN]] sha [[EN]]are you sure yeah you're high, yes wo colour eye balls e, same eyes[[/EN]]",afriswitch-yoruba-000229-rVgEWselff8_chunk_1141476-1155004_96--noise-10db,rVgEWselff8_chunk,natural-afriswitch,3
audio/robustness/afriswitch-yoruba-000229-rVgEWselff8_chunk_1141476-1155004_96--packet-loss-3pct.wav,6cebf3ab6531639c7c9d76d2e5d8f6297d9642da4f73bd9d59d5b82e8c7ef482,11.760000228881836,packet-loss-3pct,13.90999984741211,Yoruba-English,"hun, nothing sha are you sure yeah you're high, yes wo colour eye balls e, same eyes","hun, [[EN]]nothing[[/EN]] sha [[EN]]are you sure yeah you're high, yes wo colour eye balls e, same eyes[[/EN]]",afriswitch-yoruba-000229-rVgEWselff8_chunk_1141476-1155004_96--packet-loss-3pct,rVgEWselff8_chunk,natural-afriswitch,3
audio/robustness/afriswitch-yoruba-000232--g1clxSWpMQ_chunk_399808-414672_39--pstn-mulaw.wav,5399d9ef33f15b06d98713b31f6d0938747d21a56aeaf8295ed6ef2f346e7015,20.93000030517578,pstn-mulaw,14.86400032043457,Yoruba-English,"Gbogbo ibi to le wa lati de, ko de si anybody to ba won ri E wo mo ti so tele, to baya ibi to ba gba lo a pada wa am tired brother taju bo le se n soro bayi n sin","Gbogbo ibi to le wa lati de, ko de si [[EN]]anybody to[[/EN]] ba [[EN]]won[[/EN]] ri E wo mo ti [[EN]]so[[/EN]] tele, to baya ibi to ba gba lo a pada wa [[EN]]am tired brother[[/EN]] taju bo le se [[EN]]n[[/EN]] soro bayi [[EN]]n[[/EN]] sin",afriswitch-yoruba-000232--g1clxSWpMQ_chunk_399808-414672_39--pstn-mulaw,_g1clxSWpMQ,natural-afriswitch,12
audio/robustness/afriswitch-yoruba-000232--g1clxSWpMQ_chunk_399808-414672_39--noise-10db.wav,8ced0bb12734f4d3a8e2f8d17f3874c7a54d7b212447087609af73eb8a9d6c20,20.93000030517578,noise-10db,14.86400032043457,Yoruba-English,"Gbogbo ibi to le wa lati de, ko de si anybody to ba won ri E wo mo ti so tele, to baya ibi to ba gba lo a pada wa am tired brother taju bo le se n soro bayi n sin","Gbogbo ibi to le wa lati de, ko de si [[EN]]anybody to[[/EN]] ba [[EN]]won[[/EN]] ri E wo mo ti [[EN]]so[[/EN]] tele, to baya ibi to ba gba lo a pada wa [[EN]]am tired brother[[/EN]] taju bo le se [[EN]]n[[/EN]] soro bayi [[EN]]n[[/EN]] sin",afriswitch-yoruba-000232--g1clxSWpMQ_chunk_399808-414672_39--noise-10db,_g1clxSWpMQ,natural-afriswitch,12
audio/robustness/afriswitch-yoruba-000232--g1clxSWpMQ_chunk_399808-414672_39--packet-loss-3pct.wav,6594397619ac59a8a80ec9702346e06c560492729789bf16771c84f0419bd1bf,20.93000030517578,packet-loss-3pct,14.86400032043457,Yoruba-English,"Gbogbo ibi to le wa lati de, ko de si anybody to ba won ri E wo mo ti so tele, to baya ibi to ba gba lo a pada wa am tired brother taju bo le se n soro bayi n sin","Gbogbo ibi to le wa lati de, ko de si [[EN]]anybody to[[/EN]] ba [[EN]]won[[/EN]] ri E wo mo ti [[EN]]so[[/EN]] tele, to baya ibi to ba gba lo a pada wa [[EN]]am tired brother[[/EN]] taju bo le se [[EN]]n[[/EN]] soro bayi [[EN]]n[[/EN]] sin",afriswitch-yoruba-000232--g1clxSWpMQ_chunk_399808-414672_39--packet-loss-3pct,_g1clxSWpMQ,natural-afriswitch,12
audio/robustness/afriswitch-yoruba-000252-bAH7Tzizu8c_chunk_1762240-1772400_199--pstn-mulaw.wav,4c0c9f2a4351173c74594d5c2bbb5dea3c6e6308a9da0ddaeb4d85c3383decca,13.329999923706055,pstn-mulaw,10.15999984741211,Yoruba-English,kí ló ṣe fún ẹ? Ṣé ó má pé o ṣe ájò fún mi ni? Ṣé òùngbẹ gbẹ dé ọ̀dọ̀ ẹ ni. Ìwọ é ẹ̀ gbé omi sílè ó é kìí mọ́lẹ̀ ó dẹ́ mú ó ń wò wípé when I'm sharing with my friend.,kí ló ṣe fún ẹ? Ṣé ó má pé o ṣe ájò fún mi ni? Ṣé òùngbẹ gbẹ dé ọ̀dọ̀ ẹ ni. Ìwọ é ẹ̀ gbé omi sílè ó é kìí mọ́lẹ̀ ó dẹ́ mú ó ń wò wípé [[EN]]when I'm sharing with my friend.[[/EN]],afriswitch-yoruba-000252-bAH7Tzizu8c_chunk_1762240-1772400_199--pstn-mulaw,bAH7Tzizu8c_chunk,natural-afriswitch,1
audio/robustness/afriswitch-yoruba-000252-bAH7Tzizu8c_chunk_1762240-1772400_199--noise-10db.wav,4d7f1e266bbd84f1350fe0125580510d0ea9fbbce89c84403c870766d2d55813,13.329999923706055,noise-10db,10.15999984741211,Yoruba-English,kí ló ṣe fún ẹ? Ṣé ó má pé o ṣe ájò fún mi ni? Ṣé òùngbẹ gbẹ dé ọ̀dọ̀ ẹ ni. Ìwọ é ẹ̀ gbé omi sílè ó é kìí mọ́lẹ̀ ó dẹ́ mú ó ń wò wípé when I'm sharing with my friend.,kí ló ṣe fún ẹ? Ṣé ó má pé o ṣe ájò fún mi ni? Ṣé òùngbẹ gbẹ dé ọ̀dọ̀ ẹ ni. Ìwọ é ẹ̀ gbé omi sílè ó é kìí mọ́lẹ̀ ó dẹ́ mú ó ń wò wípé [[EN]]when I'm sharing with my friend.[[/EN]],afriswitch-yoruba-000252-bAH7Tzizu8c_chunk_1762240-1772400_199--noise-10db,bAH7Tzizu8c_chunk,natural-afriswitch,1
audio/robustness/afriswitch-yoruba-000252-bAH7Tzizu8c_chunk_1762240-1772400_199--packet-loss-3pct.wav,a298fb1da2ff7a8e7bfa770c3666e1a337ea779c9cf6f72ed9b8a365c7ad5f2e,13.329999923706055,packet-loss-3pct,10.15999984741211,Yoruba-English,kí ló ṣe fún ẹ? Ṣé ó má pé o ṣe ájò fún mi ni? Ṣé òùngbẹ gbẹ dé ọ̀dọ̀ ẹ ni. Ìwọ é ẹ̀ gbé omi sílè ó é kìí mọ́lẹ̀ ó dẹ́ mú ó ń wò wípé when I'm sharing with my friend.,kí ló ṣe fún ẹ? Ṣé ó má pé o ṣe ájò fún mi ni? Ṣé òùngbẹ gbẹ dé ọ̀dọ̀ ẹ ni. Ìwọ é ẹ̀ gbé omi sílè ó é kìí mọ́lẹ̀ ó dẹ́ mú ó ń wò wípé [[EN]]when I'm sharing with my friend.[[/EN]],afriswitch-yoruba-000252-bAH7Tzizu8c_chunk_1762240-1772400_199--packet-loss-3pct,bAH7Tzizu8c_chunk,natural-afriswitch,1
audio/robustness/afriswitch-yoruba-000260-L2tuRdknon4_chunk_2496448-2511648_254--pstn-mulaw.wav,5812866e0b006c04718d36dd91954b44048e2984e7f6d5517f53827f0e6ad22e,23.079999923706055,pstn-mulaw,15.199999809265137,Yoruba-English,"S'ebi ati so f'awon oko wa ko bawa b'ore won soro abi Ore wa iyen o wa to pe kowa banu je Ati joyi ti moti so fun yin kosi nkankan to yato, ejoor se won make any move","S'ebi ati [[EN]]so f'awon[[/EN]] oko wa ko bawa b'ore won soro abi Ore wa iyen o wa to pe kowa banu je Ati joyi ti moti [[EN]]so fun[[/EN]] yin kosi nkankan [[EN]]to[[/EN]] yato, ejoor se [[EN]]won make any move[[/EN]]",afriswitch-yoruba-000260-L2tuRdknon4_chunk_2496448-2511648_254--pstn-mulaw,L2tuRdknon4_chunk,natural-afriswitch,7
audio/robustness/afriswitch-yoruba-000260-L2tuRdknon4_chunk_2496448-2511648_254--noise-10db.wav,9870e41c460f9181a08d44af4aaaca8de38d9d3889341ecace0b2a8f767c3ec7,23.079999923706055,noise-10db,15.199999809265137,Yoruba-English,"S'ebi ati so f'awon oko wa ko bawa b'ore won soro abi Ore wa iyen o wa to pe kowa banu je Ati joyi ti moti so fun yin kosi nkankan to yato, ejoor se won make any move","S'ebi ati [[EN]]so f'awon[[/EN]] oko wa ko bawa b'ore won soro abi Ore wa iyen o wa to pe kowa banu je Ati joyi ti moti [[EN]]so fun[[/EN]] yin kosi nkankan [[EN]]to[[/EN]] yato, ejoor se [[EN]]won make any move[[/EN]]",afriswitch-yoruba-000260-L2tuRdknon4_chunk_2496448-2511648_254--noise-10db,L2tuRdknon4_chunk,natural-afriswitch,7
audio/robustness/afriswitch-yoruba-000260-L2tuRdknon4_chunk_2496448-2511648_254--packet-loss-3pct.wav,5127a34083a63c9881213c2dc595907cf14062881c92b3c040df062540382c01,23.079999923706055,packet-loss-3pct,15.199999809265137,Yoruba-English,"S'ebi ati so f'awon oko wa ko bawa b'ore won soro abi Ore wa iyen o wa to pe kowa banu je Ati joyi ti moti so fun yin kosi nkankan to yato, ejoor se won make any move","S'ebi ati [[EN]]so f'awon[[/EN]] oko wa ko bawa b'ore won soro abi Ore wa iyen o wa to pe kowa banu je Ati joyi ti moti [[EN]]so fun[[/EN]] yin kosi nkankan [[EN]]to[[/EN]] yato, ejoor se [[EN]]won make any move[[/EN]]",afriswitch-yoruba-000260-L2tuRdknon4_chunk_2496448-2511648_254--packet-loss-3pct,L2tuRdknon4_chunk,natural-afriswitch,7
audio/robustness/afriswitch-yoruba-000274-JWjR2barMHQ_chunk_988260-1003408_97--pstn-mulaw.wav,82662dfbfa726b4144d08d309c330c310c2c5758f59fefb66e3ac76ef1884a91,19.510000228881836,pstn-mulaw,15.14799976348877,Yoruba-English,"E ma sokun mo, think about your health, think about this healthy baby, e ma sokun mo you know he has gone to rest wherever he is now, I know he is resting and I know he's doing good right now","E ma sokun mo, [[EN]]think about your health, think about this healthy baby,[[/EN]] e ma sokun mo [[EN]]you know he has gone to rest wherever he is now, I know he is resting and I know he's doing good right now[[/EN]]",afriswitch-yoruba-000274-JWjR2barMHQ_chunk_988260-1003408_97--pstn-mulaw,JWjR2barMHQ_chunk,natural-afriswitch,3
audio/robustness/afriswitch-yoruba-000274-JWjR2barMHQ_chunk_988260-1003408_97--noise-10db.wav,c263cbf48255ecdc6ac6850cdef6b206c9c927a75acdd30e92cc93d090eb96a7,19.510000228881836,noise-10db,15.14799976348877,Yoruba-English,"E ma sokun mo, think about your health, think about this healthy baby, e ma sokun mo you know he has gone to rest wherever he is now, I know he is resting and I know he's doing good right now","E ma sokun mo, [[EN]]think about your health, think about this healthy baby,[[/EN]] e ma sokun mo [[EN]]you know he has gone to rest wherever he is now, I know he is resting and I know he's doing good right now[[/EN]]",afriswitch-yoruba-000274-JWjR2barMHQ_chunk_988260-1003408_97--noise-10db,JWjR2barMHQ_chunk,natural-afriswitch,3
audio/robustness/afriswitch-yoruba-000274-JWjR2barMHQ_chunk_988260-1003408_97--packet-loss-3pct.wav,028c0f604b4b30dc797f5a5bf4f9e17b75261e0668310dafdcc62bb59bfe9e67,19.510000228881836,packet-loss-3pct,15.14799976348877,Yoruba-English,"E ma sokun mo, think about your health, think about this healthy baby, e ma sokun mo you know he has gone to rest wherever he is now, I know he is resting and I know he's doing good right now","E ma sokun mo, [[EN]]think about your health, think about this healthy baby,[[/EN]] e ma sokun mo [[EN]]you know he has gone to rest wherever he is now, I know he is resting and I know he's doing good right now[[/EN]]",afriswitch-yoruba-000274-JWjR2barMHQ_chunk_988260-1003408_97--packet-loss-3pct,JWjR2barMHQ_chunk,natural-afriswitch,3
audio/robustness/afriswitch-yoruba-000278-ybRrVr_I_to_chunk_127472-132960_5--pstn-mulaw.wav,20fa86a8e1d373493ccadb46fea15931458eb0ede039fc93523f5178474b4c49,28.56999969482422,pstn-mulaw,5.48799991607666,Yoruba-English,Hit motor kan ni oju ona bi mose nbo yi. Mo tie ni kin ba won pe mechanic won ni rara,[[EN]]Hit motor[[/EN]] kan ni oju ona bi mose nbo yi. Mo [[EN]]tie[[/EN]] ni kin ba [[EN]]won[[/EN]] pe [[EN]]mechanic won[[/EN]] ni rara,afriswitch-yoruba-000278-ybRrVr_I_to_chunk_127472-132960_5--pstn-mulaw,ybRrVr_I,natural-afriswitch,7
audio/robustness/afriswitch-yoruba-000278-ybRrVr_I_to_chunk_127472-132960_5--noise-10db.wav,56a67fd2786324e19dbaabed681f70cf4ec02d2d552b475c016dd2aeda8b63d9,28.56999969482422,noise-10db,5.48799991607666,Yoruba-English,Hit motor kan ni oju ona bi mose nbo yi. Mo tie ni kin ba won pe mechanic won ni rara,[[EN]]Hit motor[[/EN]] kan ni oju ona bi mose nbo yi. Mo [[EN]]tie[[/EN]] ni kin ba [[EN]]won[[/EN]] pe [[EN]]mechanic won[[/EN]] ni rara,afriswitch-yoruba-000278-ybRrVr_I_to_chunk_127472-132960_5--noise-10db,ybRrVr_I,natural-afriswitch,7
audio/robustness/afriswitch-yoruba-000278-ybRrVr_I_to_chunk_127472-132960_5--packet-loss-3pct.wav,77501ed07d9fdaeab798d63a8840b69321de8b003c68d2a90c19cd213f44c948,28.56999969482422,packet-loss-3pct,5.48799991607666,Yoruba-English,Hit motor kan ni oju ona bi mose nbo yi. Mo tie ni kin ba won pe mechanic won ni rara,[[EN]]Hit motor[[/EN]] kan ni oju ona bi mose nbo yi. Mo [[EN]]tie[[/EN]] ni kin ba [[EN]]won[[/EN]] pe [[EN]]mechanic won[[/EN]] ni rara,afriswitch-yoruba-000278-ybRrVr_I_to_chunk_127472-132960_5--packet-loss-3pct,ybRrVr_I,natural-afriswitch,7
audio/robustness/afriswitch-yoruba-000290-J1FOB-tnLQs_chunk_2065936-2075920_204--pstn-mulaw.wav,33590a6268acbf0e44c00761eae4f2ac9bd3fb76ff4defcf1167ecd3585fc0ca,12.119999885559082,pstn-mulaw,9.984000205993652,Yoruba-English,Oko bo Abi koj'oko oju omi Kosi keke Imi gan o r'owo r'esin inu won de bi pe yo g'oko Wo n pledge ni E je n lo b'oba ji roro Oya oya,Oko bo Abi koj'oko oju omi Kosi keke Imi gan o r'owo r'esin inu won de bi pe yo g'oko [[EN]]Wo n pledge[[/EN]] ni [[EN]]E[[/EN]] je n lo b'oba ji roro Oya oya,afriswitch-yoruba-000290-J1FOB-tnLQs_chunk_2065936-2075920_204--pstn-mulaw,J1FOB_tnLQs,natural-afriswitch,4
audio/robustness/afriswitch-yoruba-000290-J1FOB-tnLQs_chunk_2065936-2075920_204--noise-10db.wav,7b0ca8411a6e28ae6785b762e6116deecb13ff20fa8c33ca35a16c66735b626a,12.119999885559082,noise-10db,9.984000205993652,Yoruba-English,Oko bo Abi koj'oko oju omi Kosi keke Imi gan o r'owo r'esin inu won de bi pe yo g'oko Wo n pledge ni E je n lo b'oba ji roro Oya oya,Oko bo Abi koj'oko oju omi Kosi keke Imi gan o r'owo r'esin inu won de bi pe yo g'oko [[EN]]Wo n pledge[[/EN]] ni [[EN]]E[[/EN]] je n lo b'oba ji roro Oya oya,afriswitch-yoruba-000290-J1FOB-tnLQs_chunk_2065936-2075920_204--noise-10db,J1FOB_tnLQs,natural-afriswitch,4
audio/robustness/afriswitch-yoruba-000290-J1FOB-tnLQs_chunk_2065936-2075920_204--packet-loss-3pct.wav,a1ef5246c44dca7b074546fccbd23a7900f725b4ce425be736b6e8ab5672b4a6,12.119999885559082,packet-loss-3pct,9.984000205993652,Yoruba-English,Oko bo Abi koj'oko oju omi Kosi keke Imi gan o r'owo r'esin inu won de bi pe yo g'oko Wo n pledge ni E je n lo b'oba ji roro Oya oya,Oko bo Abi koj'oko oju omi Kosi keke Imi gan o r'owo r'esin inu won de bi pe yo g'oko [[EN]]Wo n pledge[[/EN]] ni [[EN]]E[[/EN]] je n lo b'oba ji roro Oya oya,afriswitch-yoruba-000290-J1FOB-tnLQs_chunk_2065936-2075920_204--packet-loss-3pct,J1FOB_tnLQs,natural-afriswitch,4
audio/robustness/afriswitch-yoruba-000327-PZmN4am82GY_chunk_3846256-3854608_326--pstn-mulaw.wav,c2aa1d5c3e6d3864ade9387db15f414006298e318a84d4e2c330fc9ef8343dae,26.31999969482422,pstn-mulaw,8.35200023651123,Yoruba-English,"Se mi o kin help awon eyan ehn, sugbon nigba ti warning je ti wa wipe kawa very careful","Se mi o kin [[EN]]help[[/EN]] awon eyan ehn, sugbon nigba ti [[EN]]warning[[/EN]] je ti wa [[EN]]wipe[[/EN]] kawa [[EN]]very careful[[/EN]]",afriswitch-yoruba-000327-PZmN4am82GY_chunk_3846256-3854608_326--pstn-mulaw,PZmN4am82GY_chunk,natural-afriswitch,7
audio/robustness/afriswitch-yoruba-000327-PZmN4am82GY_chunk_3846256-3854608_326--noise-10db.wav,bf41974a0663aca6d04207a07f600262b3356aa4e3adbd9d75749982d1368759,26.31999969482422,noise-10db,8.35200023651123,Yoruba-English,"Se mi o kin help awon eyan ehn, sugbon nigba ti warning je ti wa wipe kawa very careful","Se mi o kin [[EN]]help[[/EN]] awon eyan ehn, sugbon nigba ti [[EN]]warning[[/EN]] je ti wa [[EN]]wipe[[/EN]] kawa [[EN]]very careful[[/EN]]",afriswitch-yoruba-000327-PZmN4am82GY_chunk_3846256-3854608_326--noise-10db,PZmN4am82GY_chunk,natural-afriswitch,7
audio/robustness/afriswitch-yoruba-000327-PZmN4am82GY_chunk_3846256-3854608_326--packet-loss-3pct.wav,f4e546340e2fbf824d3d69972312654a18160049f3cfad416e12c060e1ca4e49,26.31999969482422,packet-loss-3pct,8.35200023651123,Yoruba-English,"Se mi o kin help awon eyan ehn, sugbon nigba ti warning je ti wa wipe kawa very careful","Se mi o kin [[EN]]help[[/EN]] awon eyan ehn, sugbon nigba ti [[EN]]warning[[/EN]] je ti wa [[EN]]wipe[[/EN]] kawa [[EN]]very careful[[/EN]]",afriswitch-yoruba-000327-PZmN4am82GY_chunk_3846256-3854608_326--packet-loss-3pct,PZmN4am82GY_chunk,natural-afriswitch,7
audio/robustness/afriswitch-yoruba-000328-jY6LldnwrVA_chunk_925984-930492_48--pstn-mulaw.wav,cb451f6299435f742c1c0d10e8bea5c290fe8c23cee44b808bc813052636b13b,25.0,pstn-mulaw,4.507999897003174,Yoruba-English,"Ani, n'temi tie se so pe ma pe yin, pe, awon omo yin, pe se won ma gba form Jamb","Ani, [[EN]]n'temi[[/EN]] tie se [[EN]]so[[/EN]] pe ma pe yin, pe, awon omo yin, pe se [[EN]]won[[/EN]] ma [[EN]]gba form[[/EN]] Jamb",afriswitch-yoruba-000328-jY6LldnwrVA_chunk_925984-930492_48--pstn-mulaw,jY6LldnwrVA_chunk,natural-afriswitch,8
audio/robustness/afriswitch-yoruba-000328-jY6LldnwrVA_chunk_925984-930492_48--noise-10db.wav,8afd19c0c41a0ea1d11a68fafe23f374ce8f9267aed0572fad700b7147bb0e86,25.0,noise-10db,4.507999897003174,Yoruba-English,"Ani, n'temi tie se so pe ma pe yin, pe, awon omo yin, pe se won ma gba form Jamb","Ani, [[EN]]n'temi[[/EN]] tie se [[EN]]so[[/EN]] pe ma pe yin, pe, awon omo yin, pe se [[EN]]won[[/EN]] ma [[EN]]gba form[[/EN]] Jamb",afriswitch-yoruba-000328-jY6LldnwrVA_chunk_925984-930492_48--noise-10db,jY6LldnwrVA_chunk,natural-afriswitch,8
audio/robustness/afriswitch-yoruba-000328-jY6LldnwrVA_chunk_925984-930492_48--packet-loss-3pct.wav,30e670d99458225b862de76c61f7659f81f55fe0476c41349205baeccd4a9b62,25.0,packet-loss-3pct,4.507999897003174,Yoruba-English,"Ani, n'temi tie se so pe ma pe yin, pe, awon omo yin, pe se won ma gba form Jamb","Ani, [[EN]]n'temi[[/EN]] tie se [[EN]]so[[/EN]] pe ma pe yin, pe, awon omo yin, pe se [[EN]]won[[/EN]] ma [[EN]]gba form[[/EN]] Jamb",afriswitch-yoruba-000328-jY6LldnwrVA_chunk_925984-930492_48--packet-loss-3pct,jY6LldnwrVA_chunk,natural-afriswitch,8
audio/robustness/afriswitch-yoruba-000340-QT67XpmVoFU_chunk_1415536-1426528_132--pstn-mulaw.wav,41af2f49719b06c73cd79e31edbd7547fae7159862c1122631b64708db878359,35.709999084472656,pstn-mulaw,10.991999626159668,Yoruba-English,"To se ri oga ati Amaka, to ba gbe awon mejeji si egbe ara won so feel pe won wa compatible? Ha ha kini ipade were ati asinwin?","To se ri oga ati Amaka, to ba gbe awon mejeji si egbe ara [[EN]]won so feel[[/EN]] pe [[EN]]won[[/EN]] wa [[EN]]compatible? Ha ha[[/EN]] kini [[EN]]ipade were[[/EN]] ati [[EN]]asinwin?[[/EN]]",afriswitch-yoruba-000340-QT67XpmVoFU_chunk_1415536-1426528_132--pstn-mulaw,QT67XpmVoFU_chunk,natural-afriswitch,9
audio/robustness/afriswitch-yoruba-000340-QT67XpmVoFU_chunk_1415536-1426528_132--noise-10db.wav,935be72bc99e2f6c852a01df16026d6191ce9cd2808f885199e35876a6ea2103,35.709999084472656,noise-10db,10.991999626159668,Yoruba-English,"To se ri oga ati Amaka, to ba gbe awon mejeji si egbe ara won so feel pe won wa compatible? Ha ha kini ipade were ati asinwin?","To se ri oga ati Amaka, to ba gbe awon mejeji si egbe ara [[EN]]won so feel[[/EN]] pe [[EN]]won[[/EN]] wa [[EN]]compatible? Ha ha[[/EN]] kini [[EN]]ipade were[[/EN]] ati [[EN]]asinwin?[[/EN]]",afriswitch-yoruba-000340-QT67XpmVoFU_chunk_1415536-1426528_132--noise-10db,QT67XpmVoFU_chunk,natural-afriswitch,9
audio/robustness/afriswitch-yoruba-000340-QT67XpmVoFU_chunk_1415536-1426528_132--packet-loss-3pct.wav,a3a4fe327c028053949b1d23688588506cba58baac694c1abd6eecff0c42e6e9,35.709999084472656,packet-loss-3pct,10.991999626159668,Yoruba-English,"To se ri oga ati Amaka, to ba gbe awon mejeji si egbe ara won so feel pe won wa compatible? Ha ha kini ipade were ati asinwin?","To se ri oga ati Amaka, to ba gbe awon mejeji si egbe ara [[EN]]won so feel[[/EN]] pe [[EN]]won[[/EN]] wa [[EN]]compatible? Ha ha[[/EN]] kini [[EN]]ipade were[[/EN]] ati [[EN]]asinwin?[[/EN]]",afriswitch-yoruba-000340-QT67XpmVoFU_chunk_1415536-1426528_132--packet-loss-3pct,QT67XpmVoFU_chunk,natural-afriswitch,9
audio/robustness/afriswitch-yoruba-000345-sdeeurcjfNE_chunk_2186688-2195344_194--pstn-mulaw.wav,0a0696206acba7ab6fdcbf597f7629acebffb7e57d23d5b9bb30dd3a1059fb91,7.409999847412109,pstn-mulaw,8.656000137329102,Yoruba-English,"Ese re ti kini bayi, ko okunrin meji, meta, merin ko rape eyan lasan ka ma to so okunrin mefa to daruko hun. Ma fi iyun kun","Ese re ti kini bayi, ko okunrin meji, meta, merin ko rape eyan lasan ka ma [[EN]]to so[[/EN]] okunrin mefa to daruko hun. Ma fi iyun kun",afriswitch-yoruba-000345-sdeeurcjfNE_chunk_2186688-2195344_194--pstn-mulaw,sdeeurcjfNE_chunk,natural-afriswitch,2
audio/robustness/afriswitch-yoruba-000345-sdeeurcjfNE_chunk_2186688-2195344_194--noise-10db.wav,72b0265067ff4b490e5d9df0fdef92f068b7f5b4f7d6ef39b31dbad25cdf7c60,7.409999847412109,noise-10db,8.656000137329102,Yoruba-English,"Ese re ti kini bayi, ko okunrin meji, meta, merin ko rape eyan lasan ka ma to so okunrin mefa to daruko hun. Ma fi iyun kun","Ese re ti kini bayi, ko okunrin meji, meta, merin ko rape eyan lasan ka ma [[EN]]to so[[/EN]] okunrin mefa to daruko hun. Ma fi iyun kun",afriswitch-yoruba-000345-sdeeurcjfNE_chunk_2186688-2195344_194--noise-10db,sdeeurcjfNE_chunk,natural-afriswitch,2
audio/robustness/afriswitch-yoruba-000345-sdeeurcjfNE_chunk_2186688-2195344_194--packet-loss-3pct.wav,65261d5fb13f920df6ed92a30cb644be22ec5f6bb1e774ea0f29f365c3e0a89b,7.409999847412109,packet-loss-3pct,8.656000137329102,Yoruba-English,"Ese re ti kini bayi, ko okunrin meji, meta, merin ko rape eyan lasan ka ma to so okunrin mefa to daruko hun. Ma fi iyun kun","Ese re ti kini bayi, ko okunrin meji, meta, merin ko rape eyan lasan ka ma [[EN]]to so[[/EN]] okunrin mefa to daruko hun. Ma fi iyun kun",afriswitch-yoruba-000345-sdeeurcjfNE_chunk_2186688-2195344_194--packet-loss-3pct,sdeeurcjfNE_chunk,natural-afriswitch,2
audio/robustness/afriswitch-yoruba-000358-KoVZnHGf2mY_chunk_81760-95888_14--pstn-mulaw.wav,7c2b117e8887467afb81ec9fa4fd79446e8fdde02aaaa90a51ff37dd8d90c0e5,50.0,pstn-mulaw,14.128000259399414,Yoruba-English,"They reached out to me to surprise, I am going to give you all the story, E gbe sibi kan le ri, egbe nlele, iro, ibi bayi le ma gbe e le, yes ma","[[EN]]They reached out to me to surprise, I am going to give you all the story,[[/EN]] E gbe sibi kan le ri, egbe nlele, iro, ibi bayi le ma gbe e le, [[EN]]yes[[/EN]] ma",afriswitch-yoruba-000358-KoVZnHGf2mY_chunk_81760-95888_14--pstn-mulaw,KoVZnHGf2mY_chunk,natural-afriswitch,3
audio/robustness/afriswitch-yoruba-000358-KoVZnHGf2mY_chunk_81760-95888_14--noise-10db.wav,9d067d32f4d8a8672361f8a570dfc2a090d8d407500ca9572543707954a6d8f0,50.0,noise-10db,14.128000259399414,Yoruba-English,"They reached out to me to surprise, I am going to give you all the story, E gbe sibi kan le ri, egbe nlele, iro, ibi bayi le ma gbe e le, yes ma","[[EN]]They reached out to me to surprise, I am going to give you all the story,[[/EN]] E gbe sibi kan le ri, egbe nlele, iro, ibi bayi le ma gbe e le, [[EN]]yes[[/EN]] ma",afriswitch-yoruba-000358-KoVZnHGf2mY_chunk_81760-95888_14--noise-10db,KoVZnHGf2mY_chunk,natural-afriswitch,3
audio/robustness/afriswitch-yoruba-000358-KoVZnHGf2mY_chunk_81760-95888_14--packet-loss-3pct.wav,82d03199be0aaffa3d12d29c4b865cd28efef7a973a8c105577ae0df1a326a39,50.0,packet-loss-3pct,14.128000259399414,Yoruba-English,"They reached out to me to surprise, I am going to give you all the story, E gbe sibi kan le ri, egbe nlele, iro, ibi bayi le ma gbe e le, yes ma","[[EN]]They reached out to me to surprise, I am going to give you all the story,[[/EN]] E gbe sibi kan le ri, egbe nlele, iro, ibi bayi le ma gbe e le, [[EN]]yes[[/EN]] ma",afriswitch-yoruba-000358-KoVZnHGf2mY_chunk_81760-95888_14--packet-loss-3pct,KoVZnHGf2mY_chunk,natural-afriswitch,3
audio/robustness/afriswitch-yoruba-000451-gxkNT3scUH8_chunk_989232-1003952_98--pstn-mulaw.wav,82dd459d488ebf4f885c53c83af38c2c714846dbec437043820a1a52dbfa1cde,40.0,pstn-mulaw,14.720000267028809,Yoruba-English,"awon unkan ti mi o le ro, ti mi o le da se, you helped me out so tell me why i will want to lose you babes,honestly mi o le ma sukun but whatever you want us to do at this point,I’m in game","awon unkan ti mi o le ro, ti mi o le da se, [[EN]]you helped me out so tell me why i will want to lose you babes,honestly[[/EN]] mi o le ma sukun [[EN]]but whatever you want us to do at this point,I’m in game[[/EN]]",afriswitch-yoruba-000451-gxkNT3scUH8_chunk_989232-1003952_98--pstn-mulaw,gxkNT3scUH8_chunk,natural-afriswitch,3
audio/robustness/afriswitch-yoruba-000451-gxkNT3scUH8_chunk_989232-1003952_98--noise-10db.wav,a56d987e90ed44576e9f2be1336b1c25d30a6bf27a4199d644b9482f0ce1a5da,40.0,noise-10db,14.720000267028809,Yoruba-English,"awon unkan ti mi o le ro, ti mi o le da se, you helped me out so tell me why i will want to lose you babes,honestly mi o le ma sukun but whatever you want us to do at this point,I’m in game","awon unkan ti mi o le ro, ti mi o le da se, [[EN]]you helped me out so tell me why i will want to lose you babes,honestly[[/EN]] mi o le ma sukun [[EN]]but whatever you want us to do at this point,I’m in game[[/EN]]",afriswitch-yoruba-000451-gxkNT3scUH8_chunk_989232-1003952_98--noise-10db,gxkNT3scUH8_chunk,natural-afriswitch,3
audio/robustness/afriswitch-yoruba-000451-gxkNT3scUH8_chunk_989232-1003952_98--packet-loss-3pct.wav,596fe7161fd19d70d094ce48b90f246127ea89f03094b4f70739cb80bdb28d61,40.0,packet-loss-3pct,14.720000267028809,Yoruba-English,"awon unkan ti mi o le ro, ti mi o le da se, you helped me out so tell me why i will want to lose you babes,honestly mi o le ma sukun but whatever you want us to do at this point,I’m in game","awon unkan ti mi o le ro, ti mi o le da se, [[EN]]you helped me out so tell me why i will want to lose you babes,honestly[[/EN]] mi o le ma sukun [[EN]]but whatever you want us to do at this point,I’m in game[[/EN]]",afriswitch-yoruba-000451-gxkNT3scUH8_chunk_989232-1003952_98--packet-loss-3pct,gxkNT3scUH8_chunk,natural-afriswitch,3
audio/robustness/afriswitch-yoruba-000483-ai4_TOyG0LE_chunk_120304-129104_15--pstn-mulaw.wav,bc022cb42b2ce38dced97eecc3602ab36b2e780e9493bbb34676554abe2d3aba,30.43000030517578,pstn-mulaw,8.800000190734863,Yoruba-English,"is foam attached Ibi mo tin du emi mi Ahhh ahh dollar re, o je owo ile odun kan abo in mu milo","[[EN]]is foam attached[[/EN]] Ibi mo tin du emi mi [[EN]]Ahhh ahh dollar[[/EN]] re, o je owo ile odun kan abo [[EN]]in[[/EN]] mu milo",afriswitch-yoruba-000483-ai4_TOyG0LE_chunk_120304-129104_15--pstn-mulaw,ai4_TOyG0LE,natural-afriswitch,5
audio/robustness/afriswitch-yoruba-000483-ai4_TOyG0LE_chunk_120304-129104_15--noise-10db.wav,eb3c09e6792270cb24504372a5c0454c200dd3a7416df5992062cb69bb6955e0,30.43000030517578,noise-10db,8.800000190734863,Yoruba-English,"is foam attached Ibi mo tin du emi mi Ahhh ahh dollar re, o je owo ile odun kan abo in mu milo","[[EN]]is foam attached[[/EN]] Ibi mo tin du emi mi [[EN]]Ahhh ahh dollar[[/EN]] re, o je owo ile odun kan abo [[EN]]in[[/EN]] mu milo",afriswitch-yoruba-000483-ai4_TOyG0LE_chunk_120304-129104_15--noise-10db,ai4_TOyG0LE,natural-afriswitch,5
audio/robustness/afriswitch-yoruba-000483-ai4_TOyG0LE_chunk_120304-129104_15--packet-loss-3pct.wav,9f4d69b87058f38d5f2f3dbd152c37e14603c07dbe6cc697946f6cd7a6dd48b6,30.43000030517578,packet-loss-3pct,8.800000190734863,Yoruba-English,"is foam attached Ibi mo tin du emi mi Ahhh ahh dollar re, o je owo ile odun kan abo in mu milo","[[EN]]is foam attached[[/EN]] Ibi mo tin du emi mi [[EN]]Ahhh ahh dollar[[/EN]] re, o je owo ile odun kan abo [[EN]]in[[/EN]] mu milo",afriswitch-yoruba-000483-ai4_TOyG0LE_chunk_120304-129104_15--packet-loss-3pct,ai4_TOyG0LE,natural-afriswitch,5
audio/robustness/afriswitch-yoruba-000493-yP0p8s_39BA_chunk_1617860-1624304_163--pstn-mulaw.wav,735aa01d25a0576e4555ea6d7c80193124bdf106db1f1253c4c8a04cbb021610,20.0,pstn-mulaw,6.443999767303467,Yoruba-English,"Afi bi enipe eyan ko dead body nise, double wahala ni. Ounje, ounje, ounje, ounje","Afi bi enipe eyan ko [[EN]]dead body[[/EN]] nise, [[EN]]double[[/EN]] wahala ni. Ounje, ounje, ounje, ounje",afriswitch-yoruba-000493-yP0p8s_39BA_chunk_1617860-1624304_163--pstn-mulaw,yP0p8s_39BA,natural-afriswitch,4
audio/robustness/afriswitch-yoruba-000493-yP0p8s_39BA_chunk_1617860-1624304_163--noise-10db.wav,0e47ef9ad1df7fb64c263ba5a1d3576d8812ff9f7b6593a6713b9082b43cc511,20.0,noise-10db,6.443999767303467,Yoruba-English,"Afi bi enipe eyan ko dead body nise, double wahala ni. Ounje, ounje, ounje, ounje","Afi bi enipe eyan ko [[EN]]dead body[[/EN]] nise, [[EN]]double[[/EN]] wahala ni. Ounje, ounje, ounje, ounje",afriswitch-yoruba-000493-yP0p8s_39BA_chunk_1617860-1624304_163--noise-10db,yP0p8s_39BA,natural-afriswitch,4
audio/robustness/afriswitch-yoruba-000493-yP0p8s_39BA_chunk_1617860-1624304_163--packet-loss-3pct.wav,db558cb1ec4926d425e25d79f43a34ec1a21279cca55b328a657007dbed7aa75,20.0,packet-loss-3pct,6.443999767303467,Yoruba-English,"Afi bi enipe eyan ko dead body nise, double wahala ni. Ounje, ounje, ounje, ounje","Afi bi enipe eyan ko [[EN]]dead body[[/EN]] nise, [[EN]]double[[/EN]] wahala ni. Ounje, ounje, ounje, ounje",afriswitch-yoruba-000493-yP0p8s_39BA_chunk_1617860-1624304_163--packet-loss-3pct,yP0p8s_39BA,natural-afriswitch,4
audio/robustness/afriswitch-yoruba-000520-QLU-N8h_m4g_chunk_2897028-2905120_276--pstn-mulaw.wav,54e5c6673cc90b4423b0a4c0afd7b387bcbb6151160fa5975a22157f3ffba711,40.0,pstn-mulaw,8.092000007629395,Yoruba-English,O ye ko pada l'eyin omo ni what kind of rubbish is this na ehn,O ye ko pada l'eyin omo ni [[EN]]what kind of rubbish is this[[/EN]] na ehn,afriswitch-yoruba-000520-QLU-N8h_m4g_chunk_2897028-2905120_276--pstn-mulaw,QLU_N8h,natural-afriswitch,2
audio/robustness/afriswitch-yoruba-000520-QLU-N8h_m4g_chunk_2897028-2905120_276--noise-10db.wav,23caa4e3df4294db2a1fcfab9a6de087ec17b2b979f7945ba3d27b3ad481a8e1,40.0,noise-10db,8.092000007629395,Yoruba-English,O ye ko pada l'eyin omo ni what kind of rubbish is this na ehn,O ye ko pada l'eyin omo ni [[EN]]what kind of rubbish is this[[/EN]] na ehn,afriswitch-yoruba-000520-QLU-N8h_m4g_chunk_2897028-2905120_276--noise-10db,QLU_N8h,natural-afriswitch,2
audio/robustness/afriswitch-yoruba-000520-QLU-N8h_m4g_chunk_2897028-2905120_276--packet-loss-3pct.wav,d7aef84d381d320dbc125809074c559795de1edeccabd7a05810557251c61cd6,40.0,packet-loss-3pct,8.092000007629395,Yoruba-English,O ye ko pada l'eyin omo ni what kind of rubbish is this na ehn,O ye ko pada l'eyin omo ni [[EN]]what kind of rubbish is this[[/EN]] na ehn,afriswitch-yoruba-000520-QLU-N8h_m4g_chunk_2897028-2905120_276--packet-loss-3pct,QLU_N8h,natural-afriswitch,2
audio/robustness/afriswitch-yoruba-000522-AlZ-69aEaRU_chunk_105824-117692_15--pstn-mulaw.wav,f31fd6db7b36603a70f547dbd37c9578bc1bb0a4090212f35dbc808d72ce687b,8.569999694824219,pstn-mulaw,11.87600040435791,Yoruba-English,"Wèrè ló sọ fún ẹ pe mo sọ fun ohun pe mo je amàlà. Mi ti ba anybody sọ ọ̀rọ̀ amàla lẹni, abi olóríburúkú le ní yéb? Ta ni ìwo sọ fun? Wèrè ni ẹ","Wèrè ló sọ fún ẹ pe mo sọ [[EN]]fun[[/EN]] ohun pe mo je amàlà. Mi ti ba [[EN]]anybody[[/EN]] sọ ọ̀rọ̀ amàla lẹni, abi olóríburúkú le ní yéb? Ta ni ìwo sọ [[EN]]fun?[[/EN]] Wèrè ni ẹ",afriswitch-yoruba-000522-AlZ-69aEaRU_chunk_105824-117692_15--pstn-mulaw,AlZ_69aEaRU,natural-afriswitch,6
audio/robustness/afriswitch-yoruba-000522-AlZ-69aEaRU_chunk_105824-117692_15--noise-10db.wav,2515add6bb827ae5ce939cb12ea896a77097f78e77ea3476df5b4e338c2327b9,8.569999694824219,noise-10db,11.87600040435791,Yoruba-English,"Wèrè ló sọ fún ẹ pe mo sọ fun ohun pe mo je amàlà. Mi ti ba anybody sọ ọ̀rọ̀ amàla lẹni, abi olóríburúkú le ní yéb? Ta ni ìwo sọ fun? Wèrè ni ẹ","Wèrè ló sọ fún ẹ pe mo sọ [[EN]]fun[[/EN]] ohun pe mo je amàlà. Mi ti ba [[EN]]anybody[[/EN]] sọ ọ̀rọ̀ amàla lẹni, abi olóríburúkú le ní yéb? Ta ni ìwo sọ [[EN]]fun?[[/EN]] Wèrè ni ẹ",afriswitch-yoruba-000522-AlZ-69aEaRU_chunk_105824-117692_15--noise-10db,AlZ_69aEaRU,natural-afriswitch,6
audio/robustness/afriswitch-yoruba-000522-AlZ-69aEaRU_chunk_105824-117692_15--packet-loss-3pct.wav,e3d02bfb8b0b0b1986775c5c3d9e0fb72a49c1bdbb921dccd356065592a9d40a,8.569999694824219,packet-loss-3pct,11.87600040435791,Yoruba-English,"Wèrè ló sọ fún ẹ pe mo sọ fun ohun pe mo je amàlà. Mi ti ba anybody sọ ọ̀rọ̀ amàla lẹni, abi olóríburúkú le ní yéb? Ta ni ìwo sọ fun? Wèrè ni ẹ","Wèrè ló sọ fún ẹ pe mo sọ [[EN]]fun[[/EN]] ohun pe mo je amàlà. Mi ti ba [[EN]]anybody[[/EN]] sọ ọ̀rọ̀ amàla lẹni, abi olóríburúkú le ní yéb? Ta ni ìwo sọ [[EN]]fun?[[/EN]] Wèrè ni ẹ",afriswitch-yoruba-000522-AlZ-69aEaRU_chunk_105824-117692_15--packet-loss-3pct,AlZ_69aEaRU,natural-afriswitch,6
audio/robustness/afriswitch-yoruba-000542--UwBVnsesSk_chunk_1534496-1538928_113--pstn-mulaw.wav,e69e2cfcca49e95823161477b230a039f6dc96fc2808c4e6a6201c54c5251067,28.56999969482422,pstn-mulaw,4.432000160217285,Yoruba-English,"Aje, won ni duro. Hello, baba alado","Aje, [[EN]]won[[/EN]] ni duro. [[EN]]Hello,[[/EN]] baba alado",afriswitch-yoruba-000542--UwBVnsesSk_chunk_1534496-1538928_113--pstn-mulaw,_UwBVnsesSk,natural-afriswitch,4
audio/robustness/afriswitch-yoruba-000542--UwBVnsesSk_chunk_1534496-1538928_113--noise-10db.wav,2cc96a8a837c8cf262dfab6ac1dbf673be917700c22118b70bc3baebbdab94a4,28.56999969482422,noise-10db,4.432000160217285,Yoruba-English,"Aje, won ni duro. Hello, baba alado","Aje, [[EN]]won[[/EN]] ni duro. [[EN]]Hello,[[/EN]] baba alado",afriswitch-yoruba-000542--UwBVnsesSk_chunk_1534496-1538928_113--noise-10db,_UwBVnsesSk,natural-afriswitch,4
audio/robustness/afriswitch-yoruba-000542--UwBVnsesSk_chunk_1534496-1538928_113--packet-loss-3pct.wav,959412768406483549f57a8cf03ee7d797528e1b23fc4612e85d394013c89ec0,28.56999969482422,packet-loss-3pct,4.432000160217285,Yoruba-English,"Aje, won ni duro. Hello, baba alado","Aje, [[EN]]won[[/EN]] ni duro. [[EN]]Hello,[[/EN]] baba alado",afriswitch-yoruba-000542--UwBVnsesSk_chunk_1534496-1538928_113--packet-loss-3pct,_UwBVnsesSk,natural-afriswitch,4
audio/robustness/afriswitch-yoruba-000616-dZFRKoblXTw_chunk_499136-513296_48--pstn-mulaw.wav,4cd91e949fbad133b5f734bc5094ee0ee492ba64c43cc35ec53e817cb3c463a4,7.5,pstn-mulaw,14.15999984741211,Yoruba-English,"it's a few weeks to election and my campaign is still crawling it's not even crawling o n fidi wo ni man of God help me, help me, this how I want you to pull me up man of God","[[EN]]it's a few weeks to election and my campaign is still crawling it's not even crawling o n[[/EN]] fidi wo ni [[EN]]man of God help me, help me, this how I want you to pull me up man of God[[/EN]]",afriswitch-yoruba-000616-dZFRKoblXTw_chunk_499136-513296_48--pstn-mulaw,dZFRKoblXTw_chunk,natural-afriswitch,2
audio/robustness/afriswitch-yoruba-000616-dZFRKoblXTw_chunk_499136-513296_48--noise-10db.wav,ebfba5817dc4f460dda11f68aa4004aae788799c0cfa6ebaf8f60ee76514f147,7.5,noise-10db,14.15999984741211,Yoruba-English,"it's a few weeks to election and my campaign is still crawling it's not even crawling o n fidi wo ni man of God help me, help me, this how I want you to pull me up man of God","[[EN]]it's a few weeks to election and my campaign is still crawling it's not even crawling o n[[/EN]] fidi wo ni [[EN]]man of God help me, help me, this how I want you to pull me up man of God[[/EN]]",afriswitch-yoruba-000616-dZFRKoblXTw_chunk_499136-513296_48--noise-10db,dZFRKoblXTw_chunk,natural-afriswitch,2
audio/robustness/afriswitch-yoruba-000616-dZFRKoblXTw_chunk_499136-513296_48--packet-loss-3pct.wav,9f2c846bde9e8fa6880e8a077267a4dc9652ffc0433a649a40663c382c1798fd,7.5,packet-loss-3pct,14.15999984741211,Yoruba-English,"it's a few weeks to election and my campaign is still crawling it's not even crawling o n fidi wo ni man of God help me, help me, this how I want you to pull me up man of God","[[EN]]it's a few weeks to election and my campaign is still crawling it's not even crawling o n[[/EN]] fidi wo ni [[EN]]man of God help me, help me, this how I want you to pull me up man of God[[/EN]]",afriswitch-yoruba-000616-dZFRKoblXTw_chunk_499136-513296_48--packet-loss-3pct,dZFRKoblXTw_chunk,natural-afriswitch,2
audio/robustness/afriswitch-yoruba-000620-ai4_TOyG0LE_chunk_3650528-3656060_345--pstn-mulaw.wav,b044b026113ad704e5781e207c0f8de62b52bdc3fb04e013217b773926b314a1,38.88999938964844,pstn-mulaw,5.5320000648498535,Yoruba-English,Ma ma so fun yin nipa trust t'eni fun awon people yi so Michael gba oja l'owo mi,Ma ma [[EN]]so fun yin[[/EN]] nipa [[EN]]trust t'eni fun awon people[[/EN]] yi [[EN]]so Michael[[/EN]] gba oja [[EN]]l'owo[[/EN]] mi,afriswitch-yoruba-000620-ai4_TOyG0LE_chunk_3650528-3656060_345--pstn-mulaw,ai4_TOyG0LE,natural-afriswitch,8
audio/robustness/afriswitch-yoruba-000620-ai4_TOyG0LE_chunk_3650528-3656060_345--noise-10db.wav,76ba03259b882e884fb339aa59034673b54f568562fae094c3ea50d2b1bba4e0,38.88999938964844,noise-10db,5.5320000648498535,Yoruba-English,Ma ma so fun yin nipa trust t'eni fun awon people yi so Michael gba oja l'owo mi,Ma ma [[EN]]so fun yin[[/EN]] nipa [[EN]]trust t'eni fun awon people[[/EN]] yi [[EN]]so Michael[[/EN]] gba oja [[EN]]l'owo[[/EN]] mi,afriswitch-yoruba-000620-ai4_TOyG0LE_chunk_3650528-3656060_345--noise-10db,ai4_TOyG0LE,natural-afriswitch,8
audio/robustness/afriswitch-yoruba-000620-ai4_TOyG0LE_chunk_3650528-3656060_345--packet-loss-3pct.wav,3fcf90774f3441bcde6107c0d9d3ed07fdf5833963eda2f679da7eb2a2e69b85,38.88999938964844,packet-loss-3pct,5.5320000648498535,Yoruba-English,Ma ma so fun yin nipa trust t'eni fun awon people yi so Michael gba oja l'owo mi,Ma ma [[EN]]so fun yin[[/EN]] nipa [[EN]]trust t'eni fun awon people[[/EN]] yi [[EN]]so Michael[[/EN]] gba oja [[EN]]l'owo[[/EN]] mi,afriswitch-yoruba-000620-ai4_TOyG0LE_chunk_3650528-3656060_345--packet-loss-3pct,ai4_TOyG0LE,natural-afriswitch,8
audio/robustness/afriswitch-yoruba-000625-vizeIbys8Pk_chunk_5121312-5128656_366--pstn-mulaw.wav,4a022ecdc3d4cbfb2ea59b7d353dcb2ce8a58d05aa3b80e0627ae4958e96480d,41.66999816894531,pstn-mulaw,7.343999862670898,Yoruba-English,you're welcome. Orúkọ mí ní Henry. Tina is my name. Wow! Tina.,[[EN]]you're welcome.[[/EN]] Orúkọ mí ní [[EN]]Henry.[[/EN]] Tina [[EN]]is my name. Wow![[/EN]] Tina.,afriswitch-yoruba-000625-vizeIbys8Pk_chunk_5121312-5128656_366--pstn-mulaw,vizeIbys8Pk_chunk,natural-afriswitch,5
audio/robustness/afriswitch-yoruba-000625-vizeIbys8Pk_chunk_5121312-5128656_366--noise-10db.wav,692dd4da2b5ee3b7555dd3fd851628b7587ecc0ea78187ddbdcd33c029b06783,41.66999816894531,noise-10db,7.343999862670898,Yoruba-English,you're welcome. Orúkọ mí ní Henry. Tina is my name. Wow! Tina.,[[EN]]you're welcome.[[/EN]] Orúkọ mí ní [[EN]]Henry.[[/EN]] Tina [[EN]]is my name. Wow![[/EN]] Tina.,afriswitch-yoruba-000625-vizeIbys8Pk_chunk_5121312-5128656_366--noise-10db,vizeIbys8Pk_chunk,natural-afriswitch,5
audio/robustness/afriswitch-yoruba-000625-vizeIbys8Pk_chunk_5121312-5128656_366--packet-loss-3pct.wav,89394fdebc8097a40cbf3c6277bff664085fc8e3a3f7e80627037d8287da9d9a,41.66999816894531,packet-loss-3pct,7.343999862670898,Yoruba-English,you're welcome. Orúkọ mí ní Henry. Tina is my name. Wow! Tina.,[[EN]]you're welcome.[[/EN]] Orúkọ mí ní [[EN]]Henry.[[/EN]] Tina [[EN]]is my name. Wow![[/EN]] Tina.,afriswitch-yoruba-000625-vizeIbys8Pk_chunk_5121312-5128656_366--packet-loss-3pct,vizeIbys8Pk_chunk,natural-afriswitch,5
audio/robustness/afriswitch-yoruba-000626-nY7dUrCtihA_chunk_3194864-3210364_267--pstn-mulaw.wav,1f56213249ea1124bc5a6157777eb1508397aaea429bcc1ba2d226b57a93fd2d,46.66999816894531,pstn-mulaw,15.795999526977539,Yoruba-English,"Eseun o and how is she feeling now? ah, eyin na e wo, e wo bo se wo, e wo bo se n'wo ko ye mi No, don't worry ma, she's gonna be fine, just give her a little time, okay? She's gonna be fine","Eseun o [[EN]]and how is she feeling now?[[/EN]] ah, eyin na e wo, e wo bo se wo, e wo bo se n'wo ko ye mi [[EN]]No, don't worry[[/EN]] ma, [[EN]]she's gonna be fine, just give her a little time, okay? She's gonna be fine[[/EN]]",afriswitch-yoruba-000626-nY7dUrCtihA_chunk_3194864-3210364_267--pstn-mulaw,nY7dUrCtihA_chunk,natural-afriswitch,5
audio/robustness/afriswitch-yoruba-000626-nY7dUrCtihA_chunk_3194864-3210364_267--noise-10db.wav,bf3012dd308302c3a4f7f771e9bc75dc83780fcb4f1302c4a1fd363b30bcc48b,46.66999816894531,noise-10db,15.795999526977539,Yoruba-English,"Eseun o and how is she feeling now? ah, eyin na e wo, e wo bo se wo, e wo bo se n'wo ko ye mi No, don't worry ma, she's gonna be fine, just give her a little time, okay? She's gonna be fine","Eseun o [[EN]]and how is she feeling now?[[/EN]] ah, eyin na e wo, e wo bo se wo, e wo bo se n'wo ko ye mi [[EN]]No, don't worry[[/EN]] ma, [[EN]]she's gonna be fine, just give her a little time, okay? She's gonna be fine[[/EN]]",afriswitch-yoruba-000626-nY7dUrCtihA_chunk_3194864-3210364_267--noise-10db,nY7dUrCtihA_chunk,natural-afriswitch,5
audio/robustness/afriswitch-yoruba-000626-nY7dUrCtihA_chunk_3194864-3210364_267--packet-loss-3pct.wav,04d97366c6b1ae1cd7f2d77297f77de68baa5d3dfe6356bfd2b2fa3e3a8abc8a,46.66999816894531,packet-loss-3pct,15.795999526977539,Yoruba-English,"Eseun o and how is she feeling now? ah, eyin na e wo, e wo bo se wo, e wo bo se n'wo ko ye mi No, don't worry ma, she's gonna be fine, just give her a little time, okay? She's gonna be fine","Eseun o [[EN]]and how is she feeling now?[[/EN]] ah, eyin na e wo, e wo bo se wo, e wo bo se n'wo ko ye mi [[EN]]No, don't worry[[/EN]] ma, [[EN]]she's gonna be fine, just give her a little time, okay? She's gonna be fine[[/EN]]",afriswitch-yoruba-000626-nY7dUrCtihA_chunk_3194864-3210364_267--packet-loss-3pct,nY7dUrCtihA_chunk,natural-afriswitch,5
audio/robustness/afriswitch-yoruba-000640-Q5r91xXuyG8_chunk_4347424-4360796_430--pstn-mulaw.wav,c120c19d5458f6063cb98d68f4aa2e78d7d767e4b26a1e95a4d76105d0fae176,16.1299991607666,pstn-mulaw,13.444000244140625,Yoruba-English,"Bẹẹni. Ko kan jo níwájú òsà awọn ìyá mi, òsà gbọnmi lásán, kọmọ, ọmọ ọ bá kú mọ́ sùgbọ́n òhun lo ṣe yi, oo, ṣi ọ. I want to thank everybody.","Bẹẹni. Ko kan jo níwájú òsà awọn ìyá mi, òsà gbọnmi lásán, kọmọ, ọmọ ọ bá kú mọ́ sùgbọ́n òhun lo ṣe yi, oo, ṣi ọ. [[EN]]I want to thank everybody.[[/EN]]",afriswitch-yoruba-000640-Q5r91xXuyG8_chunk_4347424-4360796_430--pstn-mulaw,Q5r91xXuyG8_chunk,natural-afriswitch,1
audio/robustness/afriswitch-yoruba-000640-Q5r91xXuyG8_chunk_4347424-4360796_430--noise-10db.wav,7b4757631a3bf3991ed56ab857a4e97c0a95e214d8006d03e2ebf6512ed9685d,16.1299991607666,noise-10db,13.444000244140625,Yoruba-English,"Bẹẹni. Ko kan jo níwájú òsà awọn ìyá mi, òsà gbọnmi lásán, kọmọ, ọmọ ọ bá kú mọ́ sùgbọ́n òhun lo ṣe yi, oo, ṣi ọ. I want to thank everybody.","Bẹẹni. Ko kan jo níwájú òsà awọn ìyá mi, òsà gbọnmi lásán, kọmọ, ọmọ ọ bá kú mọ́ sùgbọ́n òhun lo ṣe yi, oo, ṣi ọ. [[EN]]I want to thank everybody.[[/EN]]",afriswitch-yoruba-000640-Q5r91xXuyG8_chunk_4347424-4360796_430--noise-10db,Q5r91xXuyG8_chunk,natural-afriswitch,1
audio/robustness/afriswitch-yoruba-000640-Q5r91xXuyG8_chunk_4347424-4360796_430--packet-loss-3pct.wav,5ef5b181f13a84bf2e4db2d35601df13b8ee7680134de5058b5b410b9957b600,16.1299991607666,packet-loss-3pct,13.444000244140625,Yoruba-English,"Bẹẹni. Ko kan jo níwájú òsà awọn ìyá mi, òsà gbọnmi lásán, kọmọ, ọmọ ọ bá kú mọ́ sùgbọ́n òhun lo ṣe yi, oo, ṣi ọ. I want to thank everybody.","Bẹẹni. Ko kan jo níwájú òsà awọn ìyá mi, òsà gbọnmi lásán, kọmọ, ọmọ ọ bá kú mọ́ sùgbọ́n òhun lo ṣe yi, oo, ṣi ọ. [[EN]]I want to thank everybody.[[/EN]]",afriswitch-yoruba-000640-Q5r91xXuyG8_chunk_4347424-4360796_430--packet-loss-3pct,Q5r91xXuyG8_chunk,natural-afriswitch,1
audio/robustness/afriswitch-yoruba-000671-JM_2nZ0xNwk_chunk_1006848-1015744_80--pstn-mulaw.wav,049d14e209572e108b826484b742820d69a8ae3c81f935f7840e9d5c8604c00b,50.0,pstn-mulaw,8.895999908447266,Yoruba-English,"Olori, aarin iwo atomo e de niyen to ba jowu e baby I have a lot of people downstairs waiting for me","Olori, aarin iwo atomo e de niyen to ba jowu e [[EN]]baby I have a lot of people downstairs waiting for me[[/EN]]",afriswitch-yoruba-000671-JM_2nZ0xNwk_chunk_1006848-1015744_80--pstn-mulaw,JM_2nZ0xNwk,natural-afriswitch,1
audio/robustness/afriswitch-yoruba-000671-JM_2nZ0xNwk_chunk_1006848-1015744_80--noise-10db.wav,03270d65acd3f8f178128a10916976314a04ef4f87fc8f88ef8cc8a7773ef96c,50.0,noise-10db,8.895999908447266,Yoruba-English,"Olori, aarin iwo atomo e de niyen to ba jowu e baby I have a lot of people downstairs waiting for me","Olori, aarin iwo atomo e de niyen to ba jowu e [[EN]]baby I have a lot of people downstairs waiting for me[[/EN]]",afriswitch-yoruba-000671-JM_2nZ0xNwk_chunk_1006848-1015744_80--noise-10db,JM_2nZ0xNwk,natural-afriswitch,1
audio/robustness/afriswitch-yoruba-000671-JM_2nZ0xNwk_chunk_1006848-1015744_80--packet-loss-3pct.wav,2b32b49e8675d5345a245efc8c65188dea059b29f22802700205661973e4110d,50.0,packet-loss-3pct,8.895999908447266,Yoruba-English,"Olori, aarin iwo atomo e de niyen to ba jowu e baby I have a lot of people downstairs waiting for me","Olori, aarin iwo atomo e de niyen to ba jowu e [[EN]]baby I have a lot of people downstairs waiting for me[[/EN]]",afriswitch-yoruba-000671-JM_2nZ0xNwk_chunk_1006848-1015744_80--packet-loss-3pct,JM_2nZ0xNwk,natural-afriswitch,1
audio/robustness/afriswitch-yoruba-000682-yTvcYt4jnGw_chunk_2370180-2384060_200--pstn-mulaw.wav,21a33f83b898162b6296e278ebd74aa4a9056d2a2a78b51d8b6a60e2ee9790a6,6.25,pstn-mulaw,17.02400016784668,Yoruba-English,"Kò yé ẹ, ẹmọ̀ kò mọ́ mi lára mọ́ ni,, jẹ́ kó máa mọ́ ẹ lára díẹ̀díẹ̀, bá wa l' around, tẹ bá d'ohún gbogbo hun tẹ ma máa wò nì yẹn","Kò yé ẹ, ẹmọ̀ kò mọ́ mi lára mọ́ ni,, jẹ́ kó máa mọ́ ẹ lára díẹ̀díẹ̀, bá wa [[EN]]l' around,[[/EN]] tẹ bá d'ohún gbogbo hun tẹ ma máa wò nì yẹn",afriswitch-yoruba-000682-yTvcYt4jnGw_chunk_2370180-2384060_200--pstn-mulaw,yTvcYt4jnGw_chunk,natural-afriswitch,2
audio/robustness/afriswitch-yoruba-000682-yTvcYt4jnGw_chunk_2370180-2384060_200--noise-10db.wav,eb16cb0879d256b1a0fd8a1ac8e7a22814fcc7cebe4e66fb762ce9cd86f75db5,6.25,noise-10db,17.02400016784668,Yoruba-English,"Kò yé ẹ, ẹmọ̀ kò mọ́ mi lára mọ́ ni,, jẹ́ kó máa mọ́ ẹ lára díẹ̀díẹ̀, bá wa l' around, tẹ bá d'ohún gbogbo hun tẹ ma máa wò nì yẹn","Kò yé ẹ, ẹmọ̀ kò mọ́ mi lára mọ́ ni,, jẹ́ kó máa mọ́ ẹ lára díẹ̀díẹ̀, bá wa [[EN]]l' around,[[/EN]] tẹ bá d'ohún gbogbo hun tẹ ma máa wò nì yẹn",afriswitch-yoruba-000682-yTvcYt4jnGw_chunk_2370180-2384060_200--noise-10db,yTvcYt4jnGw_chunk,natural-afriswitch,2
audio/robustness/afriswitch-yoruba-000682-yTvcYt4jnGw_chunk_2370180-2384060_200--packet-loss-3pct.wav,ae44ec979419444dfb209f1bcf28857c121d531ec0210ad53093dc7e9f00d9ef,6.25,packet-loss-3pct,17.02400016784668,Yoruba-English,"Kò yé ẹ, ẹmọ̀ kò mọ́ mi lára mọ́ ni,, jẹ́ kó máa mọ́ ẹ lára díẹ̀díẹ̀, bá wa l' around, tẹ bá d'ohún gbogbo hun tẹ ma máa wò nì yẹn","Kò yé ẹ, ẹmọ̀ kò mọ́ mi lára mọ́ ni,, jẹ́ kó máa mọ́ ẹ lára díẹ̀díẹ̀, bá wa [[EN]]l' around,[[/EN]] tẹ bá d'ohún gbogbo hun tẹ ma máa wò nì yẹn",afriswitch-yoruba-000682-yTvcYt4jnGw_chunk_2370180-2384060_200--packet-loss-3pct,yTvcYt4jnGw_chunk,natural-afriswitch,2
audio/robustness/afriswitch-yoruba-000689-PFqB_n7pAZA_chunk_1384576-1394256_118--pstn-mulaw.wav,96d3861d8f24f4a1333f6ec7fb654216119a7b1bd96fab5d7b6fc7cbcb4c8ed7,17.389999389648438,pstn-mulaw,9.680000305175781,Yoruba-English,"Now look, se o possible ki enikan kan dede ro pe oun fe gba mi, won le gba mi laye, ah, gba yin","[[EN]]Now look,[[/EN]] se o [[EN]]possible[[/EN]] ki enikan kan dede ro pe oun fe gba mi, [[EN]]won[[/EN]] le gba mi laye, ah, gba yin",afriswitch-yoruba-000689-PFqB_n7pAZA_chunk_1384576-1394256_118--pstn-mulaw,PFqB_n7pAZA,natural-afriswitch,5
audio/robustness/afriswitch-yoruba-000689-PFqB_n7pAZA_chunk_1384576-1394256_118--noise-10db.wav,88f7f4cad5f516f5f3159f178ba3cd48d3ee9e91ad9bdbaa6e380e1d026d5ba7,17.389999389648438,noise-10db,9.680000305175781,Yoruba-English,"Now look, se o possible ki enikan kan dede ro pe oun fe gba mi, won le gba mi laye, ah, gba yin","[[EN]]Now look,[[/EN]] se o [[EN]]possible[[/EN]] ki enikan kan dede ro pe oun fe gba mi, [[EN]]won[[/EN]] le gba mi laye, ah, gba yin",afriswitch-yoruba-000689-PFqB_n7pAZA_chunk_1384576-1394256_118--noise-10db,PFqB_n7pAZA,natural-afriswitch,5
audio/robustness/afriswitch-yoruba-000689-PFqB_n7pAZA_chunk_1384576-1394256_118--packet-loss-3pct.wav,8d62f08ad13e90a90be1482a43fb5f1ff2d84ed7a760618acbeda070b2f5b94c,17.389999389648438,packet-loss-3pct,9.680000305175781,Yoruba-English,"Now look, se o possible ki enikan kan dede ro pe oun fe gba mi, won le gba mi laye, ah, gba yin","[[EN]]Now look,[[/EN]] se o [[EN]]possible[[/EN]] ki enikan kan dede ro pe oun fe gba mi, [[EN]]won[[/EN]] le gba mi laye, ah, gba yin",afriswitch-yoruba-000689-PFqB_n7pAZA_chunk_1384576-1394256_118--packet-loss-3pct,PFqB_n7pAZA,natural-afriswitch,5
audio/robustness/afriswitch-yoruba-000701-bNujN_uDK4A_chunk_3207616-3221712_310--pstn-mulaw.wav,597d827480f7123f91d14d60a6b21145c7d250dea97d569beff2f4ba4f45f991,17.950000762939453,pstn-mulaw,14.095999717712402,Yoruba-English,"but, wo fi yen le o ma wa okay, and you dont think you guys should talk about it, hmm, how was i able to do that, because its better to talk things out than stouck them on you","[[EN]]but,[[/EN]] wo fi yen le o ma wa [[EN]]okay, and you dont think you guys should talk about it, hmm, how was i able to do that, because its better to talk things out than stouck them on you[[/EN]]",afriswitch-yoruba-000701-bNujN_uDK4A_chunk_3207616-3221712_310--pstn-mulaw,bNujN_uDK4A,natural-afriswitch,2
audio/robustness/afriswitch-yoruba-000701-bNujN_uDK4A_chunk_3207616-3221712_310--noise-10db.wav,1c80411959c152c6591851631e3a9b05f8afbe80fb878c51f60eca874632cdee,17.950000762939453,noise-10db,14.095999717712402,Yoruba-English,"but, wo fi yen le o ma wa okay, and you dont think you guys should talk about it, hmm, how was i able to do that, because its better to talk things out than stouck them on you","[[EN]]but,[[/EN]] wo fi yen le o ma wa [[EN]]okay, and you dont think you guys should talk about it, hmm, how was i able to do that, because its better to talk things out than stouck them on you[[/EN]]",afriswitch-yoruba-000701-bNujN_uDK4A_chunk_3207616-3221712_310--noise-10db,bNujN_uDK4A,natural-afriswitch,2
audio/robustness/afriswitch-yoruba-000701-bNujN_uDK4A_chunk_3207616-3221712_310--packet-loss-3pct.wav,192f5111326d25c485b459b7daa3b5e5466bbff7f90a33ad49aff516274a2210,17.950000762939453,packet-loss-3pct,14.095999717712402,Yoruba-English,"but, wo fi yen le o ma wa okay, and you dont think you guys should talk about it, hmm, how was i able to do that, because its better to talk things out than stouck them on you","[[EN]]but,[[/EN]] wo fi yen le o ma wa [[EN]]okay, and you dont think you guys should talk about it, hmm, how was i able to do that, because its better to talk things out than stouck them on you[[/EN]]",afriswitch-yoruba-000701-bNujN_uDK4A_chunk_3207616-3221712_310--packet-loss-3pct,bNujN_uDK4A,natural-afriswitch,2
audio/robustness/afriswitch-yoruba-000705-OSoQ4ovnzgY_chunk_2645664-2659644_166--pstn-mulaw.wav,f85e0877c9216493a667a44a953395b829ac8a6c216191220c894a8ae81b6736,47.220001220703125,pstn-mulaw,15.236000061035156,Yoruba-English,"Tori te ba ni e nbinu somokunrin yen tabi e nbinu sawonmejeji ewu nbe loko longe oo If you do want to release your daughter So sir please, ehm let them be I would call you","Tori te ba ni e nbinu somokunrin yen tabi e nbinu sawonmejeji ewu nbe loko longe oo [[EN]]If you do want to release your daughter So sir please, ehm let them be I would call you[[/EN]]",afriswitch-yoruba-000705-OSoQ4ovnzgY_chunk_2645664-2659644_166--pstn-mulaw,OSoQ4ovnzgY_chunk,natural-afriswitch,1
audio/robustness/afriswitch-yoruba-000705-OSoQ4ovnzgY_chunk_2645664-2659644_166--noise-10db.wav,208e2ad7c86399a7c2305a704bdb90ca6ac640fb630b49fae066b61094b8d3ba,47.220001220703125,noise-10db,15.236000061035156,Yoruba-English,"Tori te ba ni e nbinu somokunrin yen tabi e nbinu sawonmejeji ewu nbe loko longe oo If you do want to release your daughter So sir please, ehm let them be I would call you","Tori te ba ni e nbinu somokunrin yen tabi e nbinu sawonmejeji ewu nbe loko longe oo [[EN]]If you do want to release your daughter So sir please, ehm let them be I would call you[[/EN]]",afriswitch-yoruba-000705-OSoQ4ovnzgY_chunk_2645664-2659644_166--noise-10db,OSoQ4ovnzgY_chunk,natural-afriswitch,1
audio/robustness/afriswitch-yoruba-000705-OSoQ4ovnzgY_chunk_2645664-2659644_166--packet-loss-3pct.wav,4af41136fa3c8464662831f2ccaba1f9f4ab3a93900c7b24ed96b92677a58957,47.220001220703125,packet-loss-3pct,15.236000061035156,Yoruba-English,"Tori te ba ni e nbinu somokunrin yen tabi e nbinu sawonmejeji ewu nbe loko longe oo If you do want to release your daughter So sir please, ehm let them be I would call you","Tori te ba ni e nbinu somokunrin yen tabi e nbinu sawonmejeji ewu nbe loko longe oo [[EN]]If you do want to release your daughter So sir please, ehm let them be I would call you[[/EN]]",afriswitch-yoruba-000705-OSoQ4ovnzgY_chunk_2645664-2659644_166--packet-loss-3pct,OSoQ4ovnzgY_chunk,natural-afriswitch,1
audio/robustness/afriswitch-yoruba-000726-yc5ulAb7Ggs_chunk_1030564-1042192_63--pstn-mulaw.wav,237dafce6ba75ecb6f74487bdc3ef272f75ae9eddc72a902d31bf15ab63247b2,23.530000686645508,pstn-mulaw,11.628000259399414,Yoruba-English,"Oya, so fun mi. Kinni nkan kinni nkan to like ju lara mi? Tell me Do you know that I can't really explain it you are so cute okay, let me say your cuteness","Oya, [[EN]]so fun[[/EN]] mi. Kinni nkan kinni [[EN]]nkan to like[[/EN]] ju lara mi? [[EN]]Tell me Do you know that I can't really explain it you are so cute okay, let me say your cuteness[[/EN]]",afriswitch-yoruba-000726-yc5ulAb7Ggs_chunk_1030564-1042192_63--pstn-mulaw,yc5ulAb7Ggs_chunk,natural-afriswitch,5
audio/robustness/afriswitch-yoruba-000726-yc5ulAb7Ggs_chunk_1030564-1042192_63--noise-10db.wav,7390712f927972df043c9e77f83733c10616d644fea1d2e88bf2df7902a87e47,23.530000686645508,noise-10db,11.628000259399414,Yoruba-English,"Oya, so fun mi. Kinni nkan kinni nkan to like ju lara mi? Tell me Do you know that I can't really explain it you are so cute okay, let me say your cuteness","Oya, [[EN]]so fun[[/EN]] mi. Kinni nkan kinni [[EN]]nkan to like[[/EN]] ju lara mi? [[EN]]Tell me Do you know that I can't really explain it you are so cute okay, let me say your cuteness[[/EN]]",afriswitch-yoruba-000726-yc5ulAb7Ggs_chunk_1030564-1042192_63--noise-10db,yc5ulAb7Ggs_chunk,natural-afriswitch,5
audio/robustness/afriswitch-yoruba-000726-yc5ulAb7Ggs_chunk_1030564-1042192_63--packet-loss-3pct.wav,f1e7fb10d8ee17376f3b05fdfe274908849b371b4c212427ef160f39d18826a8,23.530000686645508,packet-loss-3pct,11.628000259399414,Yoruba-English,"Oya, so fun mi. Kinni nkan kinni nkan to like ju lara mi? Tell me Do you know that I can't really explain it you are so cute okay, let me say your cuteness","Oya, [[EN]]so fun[[/EN]] mi. Kinni nkan kinni [[EN]]nkan to like[[/EN]] ju lara mi? [[EN]]Tell me Do you know that I can't really explain it you are so cute okay, let me say your cuteness[[/EN]]",afriswitch-yoruba-000726-yc5ulAb7Ggs_chunk_1030564-1042192_63--packet-loss-3pct,yc5ulAb7Ggs_chunk,natural-afriswitch,5
audio/robustness/afriswitch-yoruba-000757-VqKpkKIsUak_chunk_599136-601264_58--pstn-mulaw.wav,47076f75d02fedc6245577145faa268eedb1226c62948563c066cae187686d7c,28.56999969482422,pstn-mulaw,2.128000020980835,Yoruba-English,te ba ma gbo simi lenu sir o,te ba ma [[EN]]gbo[[/EN]] simi lenu [[EN]]sir[[/EN]] o,afriswitch-yoruba-000757-VqKpkKIsUak_chunk_599136-601264_58--pstn-mulaw,VqKpkKIsUak_chunk,natural-afriswitch,3
audio/robustness/afriswitch-yoruba-000757-VqKpkKIsUak_chunk_599136-601264_58--noise-10db.wav,438e8c5d7b658cd96e1337c3c0288577338a7fbcbef60a1d24d2776d95172503,28.56999969482422,noise-10db,2.128000020980835,Yoruba-English,te ba ma gbo simi lenu sir o,te ba ma [[EN]]gbo[[/EN]] simi lenu [[EN]]sir[[/EN]] o,afriswitch-yoruba-000757-VqKpkKIsUak_chunk_599136-601264_58--noise-10db,VqKpkKIsUak_chunk,natural-afriswitch,3
audio/robustness/afriswitch-yoruba-000757-VqKpkKIsUak_chunk_599136-601264_58--packet-loss-3pct.wav,276e73833eb6717eaa61a24dcb0940b6e1eb1921338e35da7ed692db70db0a09,28.56999969482422,packet-loss-3pct,2.128000020980835,Yoruba-English,te ba ma gbo simi lenu sir o,te ba ma [[EN]]gbo[[/EN]] simi lenu [[EN]]sir[[/EN]] o,afriswitch-yoruba-000757-VqKpkKIsUak_chunk_599136-601264_58--packet-loss-3pct,VqKpkKIsUak_chunk,natural-afriswitch,3
audio/robustness/afriswitch-yoruba-000760-kskv-2KREGQ_chunk_4912224-4918556_357--pstn-mulaw.wav,81da9c1926688e10ab3d996405c58aa0a6810b6a1d25515d118e629e4a7616ba,18.18000030517578,pstn-mulaw,6.331999778747559,Yoruba-English,"Anyway, big daddy. Hmm. Kòsí ìwé ilẹ̀ lọ́wọ́ mi. Even, tó bá wà lọ́wọ́ mi, mi ò ní gbe sílẹ̀ fún yín.","[[EN]]Anyway, big daddy.[[/EN]] Hmm. Kòsí ìwé ilẹ̀ lọ́wọ́ mi. [[EN]]Even,[[/EN]] tó bá wà lọ́wọ́ mi, mi ò ní gbe sílẹ̀ fún yín.",afriswitch-yoruba-000760-kskv-2KREGQ_chunk_4912224-4918556_357--pstn-mulaw,kskv_2KREGQ,natural-afriswitch,3
audio/robustness/afriswitch-yoruba-000760-kskv-2KREGQ_chunk_4912224-4918556_357--noise-10db.wav,4772d09b054f70eefb1b21ecee8ddd8b7396ef68953775c78261a76f2dbd609c,18.18000030517578,noise-10db,6.331999778747559,Yoruba-English,"Anyway, big daddy. Hmm. Kòsí ìwé ilẹ̀ lọ́wọ́ mi. Even, tó bá wà lọ́wọ́ mi, mi ò ní gbe sílẹ̀ fún yín.","[[EN]]Anyway, big daddy.[[/EN]] Hmm. Kòsí ìwé ilẹ̀ lọ́wọ́ mi. [[EN]]Even,[[/EN]] tó bá wà lọ́wọ́ mi, mi ò ní gbe sílẹ̀ fún yín.",afriswitch-yoruba-000760-kskv-2KREGQ_chunk_4912224-4918556_357--noise-10db,kskv_2KREGQ,natural-afriswitch,3
audio/robustness/afriswitch-yoruba-000760-kskv-2KREGQ_chunk_4912224-4918556_357--packet-loss-3pct.wav,99dfa439cd258cc56296f907faa3fb35d0722a909b40189e21746d25aa0c42c4,18.18000030517578,packet-loss-3pct,6.331999778747559,Yoruba-English,"Anyway, big daddy. Hmm. Kòsí ìwé ilẹ̀ lọ́wọ́ mi. Even, tó bá wà lọ́wọ́ mi, mi ò ní gbe sílẹ̀ fún yín.","[[EN]]Anyway, big daddy.[[/EN]] Hmm. Kòsí ìwé ilẹ̀ lọ́wọ́ mi. [[EN]]Even,[[/EN]] tó bá wà lọ́wọ́ mi, mi ò ní gbe sílẹ̀ fún yín.",afriswitch-yoruba-000760-kskv-2KREGQ_chunk_4912224-4918556_357--packet-loss-3pct,kskv_2KREGQ,natural-afriswitch,3
audio/robustness/afriswitch-yoruba-000780-_QGuCR1mXhM_chunk_5997936-6004672_555--pstn-mulaw.wav,e41a331b6ff9cd84cc8f00d8865d189086f2ad1103af147f9cff00a47556dd67,16.0,pstn-mulaw,6.736000061035156,Yoruba-English,"kii wa se iru emi baii lo ye ki n se iru nkan beyen fun en, so ko ni suru o Lucky ti pa mi","kii wa se iru emi baii lo ye ki [[EN]]n[[/EN]] se iru nkan beyen [[EN]]fun[[/EN]] en, [[EN]]so[[/EN]] ko ni suru o [[EN]]Lucky[[/EN]] ti pa mi",afriswitch-yoruba-000780-_QGuCR1mXhM_chunk_5997936-6004672_555--pstn-mulaw,_QGuCR1mXhM,natural-afriswitch,8
audio/robustness/afriswitch-yoruba-000780-_QGuCR1mXhM_chunk_5997936-6004672_555--noise-10db.wav,5b7c0c0a523ed7b951f6440a489b18a54310ce28191d38f5b554e8130545a4de,16.0,noise-10db,6.736000061035156,Yoruba-English,"kii wa se iru emi baii lo ye ki n se iru nkan beyen fun en, so ko ni suru o Lucky ti pa mi","kii wa se iru emi baii lo ye ki [[EN]]n[[/EN]] se iru nkan beyen [[EN]]fun[[/EN]] en, [[EN]]so[[/EN]] ko ni suru o [[EN]]Lucky[[/EN]] ti pa mi",afriswitch-yoruba-000780-_QGuCR1mXhM_chunk_5997936-6004672_555--noise-10db,_QGuCR1mXhM,natural-afriswitch,8
audio/robustness/afriswitch-yoruba-000780-_QGuCR1mXhM_chunk_5997936-6004672_555--packet-loss-3pct.wav,8c8334107961339cc51e5f6e2177e85efb175b5fc1d42e13043e3412847f1285,16.0,packet-loss-3pct,6.736000061035156,Yoruba-English,"kii wa se iru emi baii lo ye ki n se iru nkan beyen fun en, so ko ni suru o Lucky ti pa mi","kii wa se iru emi baii lo ye ki [[EN]]n[[/EN]] se iru nkan beyen [[EN]]fun[[/EN]] en, [[EN]]so[[/EN]] ko ni suru o [[EN]]Lucky[[/EN]] ti pa mi",afriswitch-yoruba-000780-_QGuCR1mXhM_chunk_5997936-6004672_555--packet-loss-3pct,_QGuCR1mXhM,natural-afriswitch,8
audio/robustness/afriswitch-yoruba-000786-M2EvXV2DXXs_chunk_2109792-2118400_197--pstn-mulaw.wav,97635e0aca77f43dfe31ed2fa8528ce749c6f9d4517661ec596ff77620d4f2c2,2.2699999809265137,pstn-mulaw,8.607999801635742,Yoruba-English,E de wo won o won ni awon obi tiwon sile won yo won lenu o to je pe teacher leyin ma ma ni lara nile aye yin Se ri awon te n wo yi e sa ba mi ko won lo sodo yin,E de wo won o won ni awon obi tiwon sile won yo won lenu o to je pe [[EN]]teacher[[/EN]] leyin ma ma ni lara nile aye yin Se ri awon te n wo yi e sa ba mi ko won lo sodo yin,afriswitch-yoruba-000786-M2EvXV2DXXs_chunk_2109792-2118400_197--pstn-mulaw,M2EvXV2DXXs_chunk,natural-afriswitch,2
audio/robustness/afriswitch-yoruba-000786-M2EvXV2DXXs_chunk_2109792-2118400_197--noise-10db.wav,00fc531096919555e91bcb2c2aee3262cd371af96b0c59bd930b469351b437f4,2.2699999809265137,noise-10db,8.607999801635742,Yoruba-English,E de wo won o won ni awon obi tiwon sile won yo won lenu o to je pe teacher leyin ma ma ni lara nile aye yin Se ri awon te n wo yi e sa ba mi ko won lo sodo yin,E de wo won o won ni awon obi tiwon sile won yo won lenu o to je pe [[EN]]teacher[[/EN]] leyin ma ma ni lara nile aye yin Se ri awon te n wo yi e sa ba mi ko won lo sodo yin,afriswitch-yoruba-000786-M2EvXV2DXXs_chunk_2109792-2118400_197--noise-10db,M2EvXV2DXXs_chunk,natural-afriswitch,2
audio/robustness/afriswitch-yoruba-000786-M2EvXV2DXXs_chunk_2109792-2118400_197--packet-loss-3pct.wav,79440daa8f0ab36c9bf28227abb7a3e167f6e82897a025fd1b8f33d10f77f8fe,2.2699999809265137,packet-loss-3pct,8.607999801635742,Yoruba-English,E de wo won o won ni awon obi tiwon sile won yo won lenu o to je pe teacher leyin ma ma ni lara nile aye yin Se ri awon te n wo yi e sa ba mi ko won lo sodo yin,E de wo won o won ni awon obi tiwon sile won yo won lenu o to je pe [[EN]]teacher[[/EN]] leyin ma ma ni lara nile aye yin Se ri awon te n wo yi e sa ba mi ko won lo sodo yin,afriswitch-yoruba-000786-M2EvXV2DXXs_chunk_2109792-2118400_197--packet-loss-3pct,M2EvXV2DXXs_chunk,natural-afriswitch,2
audio/robustness/afriswitch-yoruba-000826-t8GrmBGqAuU_chunk_2701216-2712412_242--pstn-mulaw.wav,05757e577676b30f3c05a0d60b1cddfa9c287d0f9bca5a3d41ddc72c73d0a74a,21.739999771118164,pstn-mulaw,13.767000198364258,Yoruba-English,"Orekelewa kilode, a wi a wi, o lo ni gbo o, omode yii na go o, row iketa ma lo n jo ige","Orekelewa kilode, a wi a wi, o lo ni [[EN]]gbo[[/EN]] o, omode yii na [[EN]]go o, row[[/EN]] iketa ma lo [[EN]]n[[/EN]] jo ige",afriswitch-yoruba-000826-t8GrmBGqAuU_chunk_2701216-2712412_242--pstn-mulaw,t8GrmBGqAuU_chunk,natural-afriswitch,6
audio/robustness/afriswitch-yoruba-000826-t8GrmBGqAuU_chunk_2701216-2712412_242--noise-10db.wav,5e08b037fadff52e4e46cf7fd7c93b8b64753923d8512e05d898614470c66822,21.739999771118164,noise-10db,13.767000198364258,Yoruba-English,"Orekelewa kilode, a wi a wi, o lo ni gbo o, omode yii na go o, row iketa ma lo n jo ige","Orekelewa kilode, a wi a wi, o lo ni [[EN]]gbo[[/EN]] o, omode yii na [[EN]]go o, row[[/EN]] iketa ma lo [[EN]]n[[/EN]] jo ige",afriswitch-yoruba-000826-t8GrmBGqAuU_chunk_2701216-2712412_242--noise-10db,t8GrmBGqAuU_chunk,natural-afriswitch,6
audio/robustness/afriswitch-yoruba-000826-t8GrmBGqAuU_chunk_2701216-2712412_242--packet-loss-3pct.wav,930edf6641401efa5addaa1331e0259134455997afbe3195da3555ba5205fbca,21.739999771118164,packet-loss-3pct,13.767000198364258,Yoruba-English,"Orekelewa kilode, a wi a wi, o lo ni gbo o, omode yii na go o, row iketa ma lo n jo ige","Orekelewa kilode, a wi a wi, o lo ni [[EN]]gbo[[/EN]] o, omode yii na [[EN]]go o, row[[/EN]] iketa ma lo [[EN]]n[[/EN]] jo ige",afriswitch-yoruba-000826-t8GrmBGqAuU_chunk_2701216-2712412_242--packet-loss-3pct,t8GrmBGqAuU_chunk,natural-afriswitch,6
audio/robustness/afriswitch-yoruba-000828-YYN1wCw4L4w_chunk_4893520-4902972_457--pstn-mulaw.wav,966dfae584db20930c6c5d3512914511387b0121132993e6fcf65e25ae15e362,12.899999618530273,pstn-mulaw,9.779999732971191,Yoruba-English,"jẹ n baṣẹ yẹn ẹ ma show pẹyin lẹ ni aba yii, ẹ ma show pẹyin ni baalẹ adugbo yii abi, ẹ ni ṣorire, ṣe gbogbo nkan ti iya yin fi n gara leleyii","jẹ [[EN]]n[[/EN]] baṣẹ yẹn ẹ ma [[EN]]show[[/EN]] pẹyin lẹ ni aba yii, ẹ ma [[EN]]show[[/EN]] pẹyin ni baalẹ adugbo yii abi, ẹ ni ṣorire, ṣe gbogbo nkan ti iya yin fi [[EN]]n[[/EN]] gara leleyii",afriswitch-yoruba-000828-YYN1wCw4L4w_chunk_4893520-4902972_457--pstn-mulaw,YYN1wCw4L4w_chunk,natural-afriswitch,8
audio/robustness/afriswitch-yoruba-000828-YYN1wCw4L4w_chunk_4893520-4902972_457--noise-10db.wav,d8f5dd6dc0e7bbdd1d57c7fc566b0175db32ee7c39add26b310ddd7df07d069d,12.899999618530273,noise-10db,9.779999732971191,Yoruba-English,"jẹ n baṣẹ yẹn ẹ ma show pẹyin lẹ ni aba yii, ẹ ma show pẹyin ni baalẹ adugbo yii abi, ẹ ni ṣorire, ṣe gbogbo nkan ti iya yin fi n gara leleyii","jẹ [[EN]]n[[/EN]] baṣẹ yẹn ẹ ma [[EN]]show[[/EN]] pẹyin lẹ ni aba yii, ẹ ma [[EN]]show[[/EN]] pẹyin ni baalẹ adugbo yii abi, ẹ ni ṣorire, ṣe gbogbo nkan ti iya yin fi [[EN]]n[[/EN]] gara leleyii",afriswitch-yoruba-000828-YYN1wCw4L4w_chunk_4893520-4902972_457--noise-10db,YYN1wCw4L4w_chunk,natural-afriswitch,8
audio/robustness/afriswitch-yoruba-000828-YYN1wCw4L4w_chunk_4893520-4902972_457--packet-loss-3pct.wav,79c31bc6eb3ef7b09c25f46d13d58b92a19b82a8020aa387b16f2400d58faae5,12.899999618530273,packet-loss-3pct,9.779999732971191,Yoruba-English,"jẹ n baṣẹ yẹn ẹ ma show pẹyin lẹ ni aba yii, ẹ ma show pẹyin ni baalẹ adugbo yii abi, ẹ ni ṣorire, ṣe gbogbo nkan ti iya yin fi n gara leleyii","jẹ [[EN]]n[[/EN]] baṣẹ yẹn ẹ ma [[EN]]show[[/EN]] pẹyin lẹ ni aba yii, ẹ ma [[EN]]show[[/EN]] pẹyin ni baalẹ adugbo yii abi, ẹ ni ṣorire, ṣe gbogbo nkan ti iya yin fi [[EN]]n[[/EN]] gara leleyii",afriswitch-yoruba-000828-YYN1wCw4L4w_chunk_4893520-4902972_457--packet-loss-3pct,YYN1wCw4L4w_chunk,natural-afriswitch,8
audio/robustness/afriswitch-yoruba-000844-fsJxDg0gKFY_chunk_512864-516848_38--pstn-mulaw.wav,e9b62a03a879e6f1b87bc4009d9949d5bf7a97d22a3ede2e32d287afe1847056,12.5,pstn-mulaw,3.9839999675750732,Yoruba-English,Iwo timo shi bi nsin to sope kiniyen o disturb e Mo so o shi jale,Iwo timo shi bi nsin to sope kiniyen o [[EN]]disturb[[/EN]] e Mo [[EN]]so[[/EN]] o shi jale,afriswitch-yoruba-000844-fsJxDg0gKFY_chunk_512864-516848_38--pstn-mulaw,fsJxDg0gKFY_chunk,natural-afriswitch,4
audio/robustness/afriswitch-yoruba-000844-fsJxDg0gKFY_chunk_512864-516848_38--noise-10db.wav,b9ce60604b7d85f84acc5b9f4e3f838674a58020f3801313b1676a90b75f1154,12.5,noise-10db,3.9839999675750732,Yoruba-English,Iwo timo shi bi nsin to sope kiniyen o disturb e Mo so o shi jale,Iwo timo shi bi nsin to sope kiniyen o [[EN]]disturb[[/EN]] e Mo [[EN]]so[[/EN]] o shi jale,afriswitch-yoruba-000844-fsJxDg0gKFY_chunk_512864-516848_38--noise-10db,fsJxDg0gKFY_chunk,natural-afriswitch,4
audio/robustness/afriswitch-yoruba-000844-fsJxDg0gKFY_chunk_512864-516848_38--packet-loss-3pct.wav,4018b8fd7a097bd0c3883b0813ad7133f21d85305833b2f0d352d17174c6530b,12.5,packet-loss-3pct,3.9839999675750732,Yoruba-English,Iwo timo shi bi nsin to sope kiniyen o disturb e Mo so o shi jale,Iwo timo shi bi nsin to sope kiniyen o [[EN]]disturb[[/EN]] e Mo [[EN]]so[[/EN]] o shi jale,afriswitch-yoruba-000844-fsJxDg0gKFY_chunk_512864-516848_38--packet-loss-3pct,fsJxDg0gKFY_chunk,natural-afriswitch,4
audio/robustness/afriswitch-yoruba-000846-l67Ysmvn02Q_chunk_1085712-1088700_90--pstn-mulaw.wav,2a03547590b7770f62d6910f5c1464756e40ce737e538d10ac6f1a4e5bb27570,28.56999969482422,pstn-mulaw,3.0280001163482666,Yoruba-English,"Lowo everybody, emi mo gba meji pere","[[EN]]Lowo everybody,[[/EN]] emi mo gba meji pere",afriswitch-yoruba-000846-l67Ysmvn02Q_chunk_1085712-1088700_90--pstn-mulaw,l67Ysmvn02Q_chunk,natural-afriswitch,1
audio/robustness/afriswitch-yoruba-000846-l67Ysmvn02Q_chunk_1085712-1088700_90--noise-10db.wav,ddb89c8ed3b30692de7243cd25246d2366f96ce33d9328ed8f62cade96809112,28.56999969482422,noise-10db,3.0280001163482666,Yoruba-English,"Lowo everybody, emi mo gba meji pere","[[EN]]Lowo everybody,[[/EN]] emi mo gba meji pere",afriswitch-yoruba-000846-l67Ysmvn02Q_chunk_1085712-1088700_90--noise-10db,l67Ysmvn02Q_chunk,natural-afriswitch,1
audio/robustness/afriswitch-yoruba-000846-l67Ysmvn02Q_chunk_1085712-1088700_90--packet-loss-3pct.wav,9bf9b53f0c56d3f14ae9c49b1c7f974ce66e366cf442033239105def4b831e18,28.56999969482422,packet-loss-3pct,3.0280001163482666,Yoruba-English,"Lowo everybody, emi mo gba meji pere","[[EN]]Lowo everybody,[[/EN]] emi mo gba meji pere",afriswitch-yoruba-000846-l67Ysmvn02Q_chunk_1085712-1088700_90--packet-loss-3pct,l67Ysmvn02Q_chunk,natural-afriswitch,1
audio/robustness/afriswitch-yoruba-000872-Xp3-DykgnXQ_chunk_1684944-1698332_99--pstn-mulaw.wav,96210a2a84e100b3ad15dd4430e9b9b185e55ab9d007e80f7395ee30883ceee2,22.219999313354492,pstn-mulaw,13.555999755859375,Yoruba-English,won a de tun ju eni yen si kanga agbofinro ni mi looto sugbon awon kan wa ti won ga ju ofin lo claw is like cobwebs,[[EN]]won a[[/EN]] de tun ju eni yen si kanga agbofinro ni mi looto sugbon awon kan wa ti won ga ju ofin lo [[EN]]claw is like cobwebs[[/EN]],afriswitch-yoruba-000872-Xp3-DykgnXQ_chunk_1684944-1698332_99--pstn-mulaw,Xp3_DykgnXQ,natural-afriswitch,2
audio/robustness/afriswitch-yoruba-000872-Xp3-DykgnXQ_chunk_1684944-1698332_99--noise-10db.wav,917e29c334cb4dfe2fa82c73d9b82fa0fe12dafe492804d6fda77cc4afbce648,22.219999313354492,noise-10db,13.555999755859375,Yoruba-English,won a de tun ju eni yen si kanga agbofinro ni mi looto sugbon awon kan wa ti won ga ju ofin lo claw is like cobwebs,[[EN]]won a[[/EN]] de tun ju eni yen si kanga agbofinro ni mi looto sugbon awon kan wa ti won ga ju ofin lo [[EN]]claw is like cobwebs[[/EN]],afriswitch-yoruba-000872-Xp3-DykgnXQ_chunk_1684944-1698332_99--noise-10db,Xp3_DykgnXQ,natural-afriswitch,2
audio/robustness/afriswitch-yoruba-000872-Xp3-DykgnXQ_chunk_1684944-1698332_99--packet-loss-3pct.wav,164f293f8196d45b90d89d977a5aea948941809c31b5c819ceed8e508b98316a,22.219999313354492,packet-loss-3pct,13.555999755859375,Yoruba-English,won a de tun ju eni yen si kanga agbofinro ni mi looto sugbon awon kan wa ti won ga ju ofin lo claw is like cobwebs,[[EN]]won a[[/EN]] de tun ju eni yen si kanga agbofinro ni mi looto sugbon awon kan wa ti won ga ju ofin lo [[EN]]claw is like cobwebs[[/EN]],afriswitch-yoruba-000872-Xp3-DykgnXQ_chunk_1684944-1698332_99--packet-loss-3pct,Xp3_DykgnXQ,natural-afriswitch,2
audio/robustness/afriswitch-yoruba-000895-yIHn2cQrWag_chunk_161488-176028_21--pstn-mulaw.wav,d9bbf96a85881cae95c1cfd42f36d15f12e3c23f183860e4bfe1cbcad1bf337f,3.2300000190734863,pstn-mulaw,16.500999450683594,Yoruba-English,"Bó ṣe yẹ, ó pàṣẹ fún ọ̀gá ọlọ́pǎ pátápátá ilé-iṣẹ́ ọ̀tẹlẹ̀múyẹ́ láti ṣisẹ́ pẹlú àwọn Gómìnà kí eléyìí le di mímúṣẹ. Jọkẹ́ Àmọ̀rí ló ṣ'àkójọpọ̀ ìròyìn ọ̀hún fún Aláròyé online telifísọ̀n","Bó ṣe yẹ, ó pàṣẹ fún ọ̀gá ọlọ́pǎ pátápátá ilé-iṣẹ́ ọ̀tẹlẹ̀múyẹ́ láti ṣisẹ́ pẹlú àwọn Gómìnà kí eléyìí le di mímúṣẹ. Jọkẹ́ Àmọ̀rí ló ṣ'àkójọpọ̀ ìròyìn ọ̀hún fún Aláròyé [[EN]]online[[/EN]] telifísọ̀n",afriswitch-yoruba-000895-yIHn2cQrWag_chunk_161488-176028_21--pstn-mulaw,yIHn2cQrWag_chunk,natural-afriswitch,2
audio/robustness/afriswitch-yoruba-000895-yIHn2cQrWag_chunk_161488-176028_21--noise-10db.wav,badca2c2320963a26c1383494bedf4126bb692c93d50bd0645581a8ac121f470,3.2300000190734863,noise-10db,16.500999450683594,Yoruba-English,"Bó ṣe yẹ, ó pàṣẹ fún ọ̀gá ọlọ́pǎ pátápátá ilé-iṣẹ́ ọ̀tẹlẹ̀múyẹ́ láti ṣisẹ́ pẹlú àwọn Gómìnà kí eléyìí le di mímúṣẹ. Jọkẹ́ Àmọ̀rí ló ṣ'àkójọpọ̀ ìròyìn ọ̀hún fún Aláròyé online telifísọ̀n","Bó ṣe yẹ, ó pàṣẹ fún ọ̀gá ọlọ́pǎ pátápátá ilé-iṣẹ́ ọ̀tẹlẹ̀múyẹ́ láti ṣisẹ́ pẹlú àwọn Gómìnà kí eléyìí le di mímúṣẹ. Jọkẹ́ Àmọ̀rí ló ṣ'àkójọpọ̀ ìròyìn ọ̀hún fún Aláròyé [[EN]]online[[/EN]] telifísọ̀n",afriswitch-yoruba-000895-yIHn2cQrWag_chunk_161488-176028_21--noise-10db,yIHn2cQrWag_chunk,natural-afriswitch,2
audio/robustness/afriswitch-yoruba-000895-yIHn2cQrWag_chunk_161488-176028_21--packet-loss-3pct.wav,98ac7cf81186e8ea404ee6962d1a9df3f83a635d0271c53bc9673037533f099c,3.2300000190734863,packet-loss-3pct,16.500999450683594,Yoruba-English,"Bó ṣe yẹ, ó pàṣẹ fún ọ̀gá ọlọ́pǎ pátápátá ilé-iṣẹ́ ọ̀tẹlẹ̀múyẹ́ láti ṣisẹ́ pẹlú àwọn Gómìnà kí eléyìí le di mímúṣẹ. Jọkẹ́ Àmọ̀rí ló ṣ'àkójọpọ̀ ìròyìn ọ̀hún fún Aláròyé online telifísọ̀n","Bó ṣe yẹ, ó pàṣẹ fún ọ̀gá ọlọ́pǎ pátápátá ilé-iṣẹ́ ọ̀tẹlẹ̀múyẹ́ láti ṣisẹ́ pẹlú àwọn Gómìnà kí eléyìí le di mímúṣẹ. Jọkẹ́ Àmọ̀rí ló ṣ'àkójọpọ̀ ìròyìn ọ̀hún fún Aláròyé [[EN]]online[[/EN]] telifísọ̀n",afriswitch-yoruba-000895-yIHn2cQrWag_chunk_161488-176028_21--packet-loss-3pct,yIHn2cQrWag_chunk,natural-afriswitch,2
audio/robustness/afriswitch-yoruba-000898-jFLkBoRyfGo_chunk_6871376-6887264_620--pstn-mulaw.wav,b669860b95704c3332caadccb2442743d00d359018701a893659e9fd22c51706,5.710000038146973,pstn-mulaw,15.887999534606934,Yoruba-English,Mo kan feel pe ki lanre tẹle ẹ. Ootọ ni ọmọ ti feyi bi fun ẹ ọmọ ẹ ni ọmọ ti ẹ ọmọ mi ni.To rọmọkọ mi ọmọ mi naa ni. Tẹyin mejeeji ba jọ lọ,Mo kan [[EN]]feel[[/EN]] pe ki lanre tẹle ẹ. Ootọ ni ọmọ ti feyi bi [[EN]]fun[[/EN]] ẹ ọmọ ẹ ni ọmọ ti ẹ ọmọ mi ni.To rọmọkọ mi ọmọ mi naa ni. Tẹyin mejeeji ba jọ lọ,afriswitch-yoruba-000898-jFLkBoRyfGo_chunk_6871376-6887264_620--pstn-mulaw,jFLkBoRyfGo_chunk,natural-afriswitch,4
audio/robustness/afriswitch-yoruba-000898-jFLkBoRyfGo_chunk_6871376-6887264_620--noise-10db.wav,4b494c06a3c98d0392487262362ef340c91834425065d846455579387915f825,5.710000038146973,noise-10db,15.887999534606934,Yoruba-English,Mo kan feel pe ki lanre tẹle ẹ. Ootọ ni ọmọ ti feyi bi fun ẹ ọmọ ẹ ni ọmọ ti ẹ ọmọ mi ni.To rọmọkọ mi ọmọ mi naa ni. Tẹyin mejeeji ba jọ lọ,Mo kan [[EN]]feel[[/EN]] pe ki lanre tẹle ẹ. Ootọ ni ọmọ ti feyi bi [[EN]]fun[[/EN]] ẹ ọmọ ẹ ni ọmọ ti ẹ ọmọ mi ni.To rọmọkọ mi ọmọ mi naa ni. Tẹyin mejeeji ba jọ lọ,afriswitch-yoruba-000898-jFLkBoRyfGo_chunk_6871376-6887264_620--noise-10db,jFLkBoRyfGo_chunk,natural-afriswitch,4
audio/robustness/afriswitch-yoruba-000898-jFLkBoRyfGo_chunk_6871376-6887264_620--packet-loss-3pct.wav,6d6463a3a829d0bcfe194ca5fd92f8bab029adfe36d0bad8e5b8000e73f5e530,5.710000038146973,packet-loss-3pct,15.887999534606934,Yoruba-English,Mo kan feel pe ki lanre tẹle ẹ. Ootọ ni ọmọ ti feyi bi fun ẹ ọmọ ẹ ni ọmọ ti ẹ ọmọ mi ni.To rọmọkọ mi ọmọ mi naa ni. Tẹyin mejeeji ba jọ lọ,Mo kan [[EN]]feel[[/EN]] pe ki lanre tẹle ẹ. Ootọ ni ọmọ ti feyi bi [[EN]]fun[[/EN]] ẹ ọmọ ẹ ni ọmọ ti ẹ ọmọ mi ni.To rọmọkọ mi ọmọ mi naa ni. Tẹyin mejeeji ba jọ lọ,afriswitch-yoruba-000898-jFLkBoRyfGo_chunk_6871376-6887264_620--packet-loss-3pct,jFLkBoRyfGo_chunk,natural-afriswitch,4
audio/robustness/afriswitch-yoruba-000913-zZenFgopcs8_chunk_4148304-4159728_404--pstn-mulaw.wav,ff79c98a1fe87f568ceb5117db498d22576ebaefeb855900f4ce227910bcf3a9,4.880000114440918,pstn-mulaw,11.423999786376953,Yoruba-English,"o ṣa n sope iwo níyà é, iwo ni baba é, ehn, ọ ṣa ti ri nkan ti de ṣe. Joo, sorry, mi ọ mo pe,mo ti gbagbe pe oko è wá lori iduro.. Nooo: ko ye ki n mẹnu lo sibeyen o","o ṣa [[EN]]n[[/EN]] sope iwo níyà é, iwo ni baba é, ehn, ọ ṣa ti ri nkan ti de ṣe. Joo, [[EN]]sorry,[[/EN]] mi ọ mo pe,mo ti gbagbe pe oko è wá lori iduro.. Nooo: ko ye ki n mẹnu lo sibeyen o",afriswitch-yoruba-000913-zZenFgopcs8_chunk_4148304-4159728_404--pstn-mulaw,zZenFgopcs8_chunk,natural-afriswitch,4
audio/robustness/afriswitch-yoruba-000913-zZenFgopcs8_chunk_4148304-4159728_404--noise-10db.wav,7440357a9df9063ea14e2a229013a06d9f5aacfea87cb248af4c97ea6e4f0d56,4.880000114440918,noise-10db,11.423999786376953,Yoruba-English,"o ṣa n sope iwo níyà é, iwo ni baba é, ehn, ọ ṣa ti ri nkan ti de ṣe. Joo, sorry, mi ọ mo pe,mo ti gbagbe pe oko è wá lori iduro.. Nooo: ko ye ki n mẹnu lo sibeyen o","o ṣa [[EN]]n[[/EN]] sope iwo níyà é, iwo ni baba é, ehn, ọ ṣa ti ri nkan ti de ṣe. Joo, [[EN]]sorry,[[/EN]] mi ọ mo pe,mo ti gbagbe pe oko è wá lori iduro.. Nooo: ko ye ki n mẹnu lo sibeyen o",afriswitch-yoruba-000913-zZenFgopcs8_chunk_4148304-4159728_404--noise-10db,zZenFgopcs8_chunk,natural-afriswitch,4
audio/robustness/afriswitch-yoruba-000913-zZenFgopcs8_chunk_4148304-4159728_404--packet-loss-3pct.wav,a66691a1a44f6471b28ed28ed1d65142e2ddad039f7e237fed6928277a4fc61a,4.880000114440918,packet-loss-3pct,11.423999786376953,Yoruba-English,"o ṣa n sope iwo níyà é, iwo ni baba é, ehn, ọ ṣa ti ri nkan ti de ṣe. Joo, sorry, mi ọ mo pe,mo ti gbagbe pe oko è wá lori iduro.. Nooo: ko ye ki n mẹnu lo sibeyen o","o ṣa [[EN]]n[[/EN]] sope iwo níyà é, iwo ni baba é, ehn, ọ ṣa ti ri nkan ti de ṣe. Joo, [[EN]]sorry,[[/EN]] mi ọ mo pe,mo ti gbagbe pe oko è wá lori iduro.. Nooo: ko ye ki n mẹnu lo sibeyen o",afriswitch-yoruba-000913-zZenFgopcs8_chunk_4148304-4159728_404--packet-loss-3pct,zZenFgopcs8_chunk,natural-afriswitch,4
audio/robustness/afriswitch-yoruba-000921-LRvX3WMBPPw_chunk_718944-724768_64--pstn-mulaw.wav,6ab2c55a175146708816d8ee3b31be002473568b9717a72761b5d4ddb19d40cd,15.380000114440918,pstn-mulaw,5.823999881744385,Yoruba-English,Be se n so yen mo mo ona ona meta ti mo ti le lati tailor at'aso be se so mo ti se emi o mo,Be se [[EN]]n so[[/EN]] yen mo mo ona ona meta ti mo ti le lati [[EN]]tailor[[/EN]] at'aso be se [[EN]]so[[/EN]] mo ti se emi o mo,afriswitch-yoruba-000921-LRvX3WMBPPw_chunk_718944-724768_64--pstn-mulaw,LRvX3WMBPPw_chunk,natural-afriswitch,6
audio/robustness/afriswitch-yoruba-000921-LRvX3WMBPPw_chunk_718944-724768_64--noise-10db.wav,85bf970e1b4de8110ee6ec7bf842cf99bd563a434046e265e8eae892760af970,15.380000114440918,noise-10db,5.823999881744385,Yoruba-English,Be se n so yen mo mo ona ona meta ti mo ti le lati tailor at'aso be se so mo ti se emi o mo,Be se [[EN]]n so[[/EN]] yen mo mo ona ona meta ti mo ti le lati [[EN]]tailor[[/EN]] at'aso be se [[EN]]so[[/EN]] mo ti se emi o mo,afriswitch-yoruba-000921-LRvX3WMBPPw_chunk_718944-724768_64--noise-10db,LRvX3WMBPPw_chunk,natural-afriswitch,6
audio/robustness/afriswitch-yoruba-000921-LRvX3WMBPPw_chunk_718944-724768_64--packet-loss-3pct.wav,3c2d5843102e32ed82d7268484fcc82c5a97d62b5663da64b63701a3e45c24b5,15.380000114440918,packet-loss-3pct,5.823999881744385,Yoruba-English,Be se n so yen mo mo ona ona meta ti mo ti le lati tailor at'aso be se so mo ti se emi o mo,Be se [[EN]]n so[[/EN]] yen mo mo ona ona meta ti mo ti le lati [[EN]]tailor[[/EN]] at'aso be se [[EN]]so[[/EN]] mo ti se emi o mo,afriswitch-yoruba-000921-LRvX3WMBPPw_chunk_718944-724768_64--packet-loss-3pct,LRvX3WMBPPw_chunk,natural-afriswitch,6
audio/robustness/afriswitch-yoruba-000922-J4oy2BSRhxw_chunk_1864720-1878096_164--pstn-mulaw.wav,7cccab7640a752b2173f94113dc2706b64e882a1cc8ba688708b996bbb983f4c,21.049999237060547,pstn-mulaw,13.37600040435791,Yoruba-English,"Ibi te ba lo ni ke kan jekamo,just go straight to the point,boda mi Ko ma Shey esa,se Kintu Foyin lenu,Awon ore mi ta jo rin,won so fun mi pe adejoke,kani awoni Awon ri Iru egbon e ni","Ibi te ba lo ni ke kan [[EN]]jekamo,just go straight to the point,boda[[/EN]] mi Ko ma Shey esa,se Kintu Foyin lenu,Awon ore mi ta jo rin,won [[EN]]so fun[[/EN]] mi pe adejoke,kani awoni Awon ri Iru egbon e ni",afriswitch-yoruba-000922-J4oy2BSRhxw_chunk_1864720-1878096_164--pstn-mulaw,J4oy2BSRhxw_chunk,natural-afriswitch,4
audio/robustness/afriswitch-yoruba-000922-J4oy2BSRhxw_chunk_1864720-1878096_164--noise-10db.wav,31b3c1a6fed5bf2781ffd50e79db647b7c34d4111f5eec9315994ec48f95442b,21.049999237060547,noise-10db,13.37600040435791,Yoruba-English,"Ibi te ba lo ni ke kan jekamo,just go straight to the point,boda mi Ko ma Shey esa,se Kintu Foyin lenu,Awon ore mi ta jo rin,won so fun mi pe adejoke,kani awoni Awon ri Iru egbon e ni","Ibi te ba lo ni ke kan [[EN]]jekamo,just go straight to the point,boda[[/EN]] mi Ko ma Shey esa,se Kintu Foyin lenu,Awon ore mi ta jo rin,won [[EN]]so fun[[/EN]] mi pe adejoke,kani awoni Awon ri Iru egbon e ni",afriswitch-yoruba-000922-J4oy2BSRhxw_chunk_1864720-1878096_164--noise-10db,J4oy2BSRhxw_chunk,natural-afriswitch,4
audio/robustness/afriswitch-yoruba-000922-J4oy2BSRhxw_chunk_1864720-1878096_164--packet-loss-3pct.wav,616e943e2133fde58721bc2565012f13db430ee36a6b2789a9f62b11cb962559,21.049999237060547,packet-loss-3pct,13.37600040435791,Yoruba-English,"Ibi te ba lo ni ke kan jekamo,just go straight to the point,boda mi Ko ma Shey esa,se Kintu Foyin lenu,Awon ore mi ta jo rin,won so fun mi pe adejoke,kani awoni Awon ri Iru egbon e ni","Ibi te ba lo ni ke kan [[EN]]jekamo,just go straight to the point,boda[[/EN]] mi Ko ma Shey esa,se Kintu Foyin lenu,Awon ore mi ta jo rin,won [[EN]]so fun[[/EN]] mi pe adejoke,kani awoni Awon ri Iru egbon e ni",afriswitch-yoruba-000922-J4oy2BSRhxw_chunk_1864720-1878096_164--packet-loss-3pct,J4oy2BSRhxw_chunk,natural-afriswitch,4
audio/robustness/afriswitch-yoruba-000935-llcfn1skiYo_chunk_1495040-1508288_143--pstn-mulaw.wav,66588426bdcaa6aaf06c5939e247f5b8d73c10955b7e106af5655031575d1eaa,37.84000015258789,pstn-mulaw,13.248000144958496,Yoruba-English,"To ba stop nonsense to n se yi. eh! ma discipline e I'm not a baby, yes haha, ki lamuwaye? Ki la ma mulo sorun? Ati olowo, ati talika, ati awon te n pe ni beggars yi","[[EN]]To[[/EN]] ba [[EN]]stop nonsense to n[[/EN]] se yi. eh! ma [[EN]]discipline[[/EN]] e [[EN]]I'm not a baby, yes haha,[[/EN]] ki lamuwaye? Ki la ma mulo sorun? Ati olowo, ati talika, ati awon te [[EN]]n[[/EN]] pe ni [[EN]]beggars[[/EN]] yi",afriswitch-yoruba-000935-llcfn1skiYo_chunk_1495040-1508288_143--pstn-mulaw,llcfn1skiYo_chunk,natural-afriswitch,11
audio/robustness/afriswitch-yoruba-000935-llcfn1skiYo_chunk_1495040-1508288_143--noise-10db.wav,14b6fbf7d36908b2935b5c4c8afc2e9d864b43d693934ba8899712ff98efd133,37.84000015258789,noise-10db,13.248000144958496,Yoruba-English,"To ba stop nonsense to n se yi. eh! ma discipline e I'm not a baby, yes haha, ki lamuwaye? Ki la ma mulo sorun? Ati olowo, ati talika, ati awon te n pe ni beggars yi","[[EN]]To[[/EN]] ba [[EN]]stop nonsense to n[[/EN]] se yi. eh! ma [[EN]]discipline[[/EN]] e [[EN]]I'm not a baby, yes haha,[[/EN]] ki lamuwaye? Ki la ma mulo sorun? Ati olowo, ati talika, ati awon te [[EN]]n[[/EN]] pe ni [[EN]]beggars[[/EN]] yi",afriswitch-yoruba-000935-llcfn1skiYo_chunk_1495040-1508288_143--noise-10db,llcfn1skiYo_chunk,natural-afriswitch,11
audio/robustness/afriswitch-yoruba-000935-llcfn1skiYo_chunk_1495040-1508288_143--packet-loss-3pct.wav,74f4ecf1c549837c71bd88ba0c8f36f66ce2388e7be70604489f805844c2dcaa,37.84000015258789,packet-loss-3pct,13.248000144958496,Yoruba-English,"To ba stop nonsense to n se yi. eh! ma discipline e I'm not a baby, yes haha, ki lamuwaye? Ki la ma mulo sorun? Ati olowo, ati talika, ati awon te n pe ni beggars yi","[[EN]]To[[/EN]] ba [[EN]]stop nonsense to n[[/EN]] se yi. eh! ma [[EN]]discipline[[/EN]] e [[EN]]I'm not a baby, yes haha,[[/EN]] ki lamuwaye? Ki la ma mulo sorun? Ati olowo, ati talika, ati awon te [[EN]]n[[/EN]] pe ni [[EN]]beggars[[/EN]] yi",afriswitch-yoruba-000935-llcfn1skiYo_chunk_1495040-1508288_143--packet-loss-3pct,llcfn1skiYo_chunk,natural-afriswitch,11
audio/robustness/afriswitch-yoruba-000939-kYRurjXyu2g_chunk_924688-940700_48--pstn-mulaw.wav,54dccb33b9fc4e9f6a99f5987d5489034302a24379007a9c322a1fd5480fc440,40.0,pstn-mulaw,16.468000411987305,Yoruba-English,Ko ba le wo mi. Oti ro boya mo ma kọyin sohun. Uhn! He is definitely not getting anything this night. Look at the way she is looking at me.,Ko ba le wo mi. Oti ro boya mo ma kọyin sohun. [[EN]]Uhn! He is definitely not getting anything this night. Look at the way she is looking at me.[[/EN]],afriswitch-yoruba-000939-kYRurjXyu2g_chunk_924688-940700_48--pstn-mulaw,kYRurjXyu2g_chunk,natural-afriswitch,1
audio/robustness/afriswitch-yoruba-000939-kYRurjXyu2g_chunk_924688-940700_48--noise-10db.wav,fd09b84e8e09a96fa03e313477be78a51fd080fb25f9bc16d18a98bad511b1f8,40.0,noise-10db,16.468000411987305,Yoruba-English,Ko ba le wo mi. Oti ro boya mo ma kọyin sohun. Uhn! He is definitely not getting anything this night. Look at the way she is looking at me.,Ko ba le wo mi. Oti ro boya mo ma kọyin sohun. [[EN]]Uhn! He is definitely not getting anything this night. Look at the way she is looking at me.[[/EN]],afriswitch-yoruba-000939-kYRurjXyu2g_chunk_924688-940700_48--noise-10db,kYRurjXyu2g_chunk,natural-afriswitch,1
audio/robustness/afriswitch-yoruba-000939-kYRurjXyu2g_chunk_924688-940700_48--packet-loss-3pct.wav,3ea822b67048c8351fe0bb747998ec157d316ad118c15e2535ade0bed12d7bec,40.0,packet-loss-3pct,16.468000411987305,Yoruba-English,Ko ba le wo mi. Oti ro boya mo ma kọyin sohun. Uhn! He is definitely not getting anything this night. Look at the way she is looking at me.,Ko ba le wo mi. Oti ro boya mo ma kọyin sohun. [[EN]]Uhn! He is definitely not getting anything this night. Look at the way she is looking at me.[[/EN]],afriswitch-yoruba-000939-kYRurjXyu2g_chunk_924688-940700_48--packet-loss-3pct,kYRurjXyu2g_chunk,natural-afriswitch,1
audio/robustness/afriswitch-yoruba-000940-C8Wh8-XJEcQ_chunk_3032900-3039344_293--pstn-mulaw.wav,953d29631156b11870a7c99749b4c2a2bf15fd1b4a5d12bf27116158dce78cde,31.579999923706055,pstn-mulaw,6.443999767303467,Yoruba-English,ko gbe anything jade pe nkan to'n se won leleyi eti shey receipt of test eri nkan to shey,ko gbe [[EN]]anything[[/EN]] jade pe nkan to'n se [[EN]]won[[/EN]] leleyi eti shey [[EN]]receipt of test[[/EN]] eri nkan [[EN]]to[[/EN]] shey,afriswitch-yoruba-000940-C8Wh8-XJEcQ_chunk_3032900-3039344_293--pstn-mulaw,C8Wh8_XJEcQ,natural-afriswitch,8
audio/robustness/afriswitch-yoruba-000940-C8Wh8-XJEcQ_chunk_3032900-3039344_293--noise-10db.wav,2cbbbea7ffedf658bd4fb282eb6558747c3dbf1a5bd7252d1cb8f1b3d82a86c5,31.579999923706055,noise-10db,6.443999767303467,Yoruba-English,ko gbe anything jade pe nkan to'n se won leleyi eti shey receipt of test eri nkan to shey,ko gbe [[EN]]anything[[/EN]] jade pe nkan to'n se [[EN]]won[[/EN]] leleyi eti shey [[EN]]receipt of test[[/EN]] eri nkan [[EN]]to[[/EN]] shey,afriswitch-yoruba-000940-C8Wh8-XJEcQ_chunk_3032900-3039344_293--noise-10db,C8Wh8_XJEcQ,natural-afriswitch,8
audio/robustness/afriswitch-yoruba-000940-C8Wh8-XJEcQ_chunk_3032900-3039344_293--packet-loss-3pct.wav,f323761da57a24d02d2898ee799c24664d85b550dda39f652c75ce60dfa73de5,31.579999923706055,packet-loss-3pct,6.443999767303467,Yoruba-English,ko gbe anything jade pe nkan to'n se won leleyi eti shey receipt of test eri nkan to shey,ko gbe [[EN]]anything[[/EN]] jade pe nkan to'n se [[EN]]won[[/EN]] leleyi eti shey [[EN]]receipt of test[[/EN]] eri nkan [[EN]]to[[/EN]] shey,afriswitch-yoruba-000940-C8Wh8-XJEcQ_chunk_3032900-3039344_293--packet-loss-3pct,C8Wh8_XJEcQ,natural-afriswitch,8
audio/robustness/afriswitch-yoruba-000951-mmNX_CH0aa0_chunk_3842608-3853888_398--pstn-mulaw.wav,56d346eae97f4a88d7b28004b8f72bfc2b6a94d468b89499783479e6eb087f53,36.36000061035156,pstn-mulaw,11.279999732971191,Yoruba-English,"Mo get four ninety Wow, wow Wow, wow Billion Billion Bro, Ahah E ma p'ariwo, milli, milli No, ko possible Million ni se","[[EN]]Mo get four ninety Wow, wow Wow, wow Billion Billion Bro,[[/EN]] Ahah E ma p'ariwo, milli, milli [[EN]]No,[[/EN]] ko [[EN]]possible Million[[/EN]] ni se",afriswitch-yoruba-000951-mmNX_CH0aa0_chunk_3842608-3853888_398--pstn-mulaw,mmNX_CH0aa0,natural-afriswitch,5
audio/robustness/afriswitch-yoruba-000951-mmNX_CH0aa0_chunk_3842608-3853888_398--noise-10db.wav,eea21c5fd79d516c431a6bbdde73fc364e39ba47b360a1e26f291a12e49e0f29,36.36000061035156,noise-10db,11.279999732971191,Yoruba-English,"Mo get four ninety Wow, wow Wow, wow Billion Billion Bro, Ahah E ma p'ariwo, milli, milli No, ko possible Million ni se","[[EN]]Mo get four ninety Wow, wow Wow, wow Billion Billion Bro,[[/EN]] Ahah E ma p'ariwo, milli, milli [[EN]]No,[[/EN]] ko [[EN]]possible Million[[/EN]] ni se",afriswitch-yoruba-000951-mmNX_CH0aa0_chunk_3842608-3853888_398--noise-10db,mmNX_CH0aa0,natural-afriswitch,5
audio/robustness/afriswitch-yoruba-000951-mmNX_CH0aa0_chunk_3842608-3853888_398--packet-loss-3pct.wav,47cc65cbd0649120dc4fe65175864c653ab8cd2669cc633ddf1c2dbb80dede6f,36.36000061035156,packet-loss-3pct,11.279999732971191,Yoruba-English,"Mo get four ninety Wow, wow Wow, wow Billion Billion Bro, Ahah E ma p'ariwo, milli, milli No, ko possible Million ni se","[[EN]]Mo get four ninety Wow, wow Wow, wow Billion Billion Bro,[[/EN]] Ahah E ma p'ariwo, milli, milli [[EN]]No,[[/EN]] ko [[EN]]possible Million[[/EN]] ni se",afriswitch-yoruba-000951-mmNX_CH0aa0_chunk_3842608-3853888_398--packet-loss-3pct,mmNX_CH0aa0,natural-afriswitch,5
audio/robustness/afriswitch-yoruba-000958-7LGaqBudWCY_chunk_5714372-5718224_531--pstn-mulaw.wav,4165357fa1da6b3049b19dbf0c55f0962e9e7574d410b3dca8664d19043fcf97,12.5,pstn-mulaw,3.8519999980926514,Yoruba-English,"Now, Ko gbe na, ko gbe ko gbe","[[EN]]Now,[[/EN]] Ko gbe na, ko gbe ko gbe",afriswitch-yoruba-000958-7LGaqBudWCY_chunk_5714372-5718224_531--pstn-mulaw,7LGaqBudWCY_chunk,natural-afriswitch,1
audio/robustness/afriswitch-yoruba-000958-7LGaqBudWCY_chunk_5714372-5718224_531--noise-10db.wav,8826a74e9a8f5350d50d52ec432ab541024ee0ac581886ea16441988c04366b5,12.5,noise-10db,3.8519999980926514,Yoruba-English,"Now, Ko gbe na, ko gbe ko gbe","[[EN]]Now,[[/EN]] Ko gbe na, ko gbe ko gbe",afriswitch-yoruba-000958-7LGaqBudWCY_chunk_5714372-5718224_531--noise-10db,7LGaqBudWCY_chunk,natural-afriswitch,1
audio/robustness/afriswitch-yoruba-000958-7LGaqBudWCY_chunk_5714372-5718224_531--packet-loss-3pct.wav,f3a24fec3a068f104bf92572e2f66b773194ccb7a45ec3af7f945c173497ea15,12.5,packet-loss-3pct,3.8519999980926514,Yoruba-English,"Now, Ko gbe na, ko gbe ko gbe","[[EN]]Now,[[/EN]] Ko gbe na, ko gbe ko gbe",afriswitch-yoruba-000958-7LGaqBudWCY_chunk_5714372-5718224_531--packet-loss-3pct,7LGaqBudWCY_chunk,natural-afriswitch,1
audio/robustness/afriswitch-yoruba-000982-3NMm97yb7gk_chunk_3894148-3903772_312--pstn-mulaw.wav,cbb0ec0de92e4076adc9a6419b16ddd1da890eea38212c671350c3ed3c785798,47.369998931884766,pstn-mulaw,13.460000038146973,Yoruba-English,mad pelu e won mad pelomo yii won tomo to gbara e everybody ma collect bee ni mo so,[[EN]]mad[[/EN]] pelu [[EN]]e won mad[[/EN]] pelomo yii [[EN]]won[[/EN]] tomo [[EN]]to[[/EN]] gbara e [[EN]]everybody[[/EN]] ma [[EN]]collect[[/EN]] bee ni mo [[EN]]so[[/EN]],afriswitch-yoruba-000982-3NMm97yb7gk_chunk_3894148-3903772_312--pstn-mulaw,3NMm97yb7gk_chunk,natural-afriswitch,12
audio/robustness/afriswitch-yoruba-000982-3NMm97yb7gk_chunk_3894148-3903772_312--noise-10db.wav,62ebc738642cba523c1e0babb9126aa44e1a7f35338a835a4ccf7c455485857e,47.369998931884766,noise-10db,13.460000038146973,Yoruba-English,mad pelu e won mad pelomo yii won tomo to gbara e everybody ma collect bee ni mo so,[[EN]]mad[[/EN]] pelu [[EN]]e won mad[[/EN]] pelomo yii [[EN]]won[[/EN]] tomo [[EN]]to[[/EN]] gbara e [[EN]]everybody[[/EN]] ma [[EN]]collect[[/EN]] bee ni mo [[EN]]so[[/EN]],afriswitch-yoruba-000982-3NMm97yb7gk_chunk_3894148-3903772_312--noise-10db,3NMm97yb7gk_chunk,natural-afriswitch,12
audio/robustness/afriswitch-yoruba-000982-3NMm97yb7gk_chunk_3894148-3903772_312--packet-loss-3pct.wav,7e8c8177e247656c4a99f12f7f80d3eec830c8320bb29d553e1db14ba55bca1c,47.369998931884766,packet-loss-3pct,13.460000038146973,Yoruba-English,mad pelu e won mad pelomo yii won tomo to gbara e everybody ma collect bee ni mo so,[[EN]]mad[[/EN]] pelu [[EN]]e won mad[[/EN]] pelomo yii [[EN]]won[[/EN]] tomo [[EN]]to[[/EN]] gbara e [[EN]]everybody[[/EN]] ma [[EN]]collect[[/EN]] bee ni mo [[EN]]so[[/EN]],afriswitch-yoruba-000982-3NMm97yb7gk_chunk_3894148-3903772_312--packet-loss-3pct,3NMm97yb7gk_chunk,natural-afriswitch,12
audio/robustness/afriswitch-yoruba-001006-aVC9pDOrVxk_chunk_1615296-1627760_149--pstn-mulaw.wav,abb280f8d3862985bed1978e3bdccc893b3e5f502cbe6713b216ff4812479c9d,32.13999938964844,pstn-mulaw,12.46399974822998,Yoruba-English,"Te ba fe gbawin eba e ma soju Aanu, te ba ti yo tan nsin ee doko mobirin You are correct Morenikeji, but some men are not thesame.","Te ba fe gbawin eba e ma soju Aanu, te ba ti yo tan nsin ee doko mobirin [[EN]]You are correct[[/EN]] Morenikeji, [[EN]]but some men are not thesame.[[/EN]]",afriswitch-yoruba-001006-aVC9pDOrVxk_chunk_1615296-1627760_149--pstn-mulaw,aVC9pDOrVxk_chunk,natural-afriswitch,3
audio/robustness/afriswitch-yoruba-001006-aVC9pDOrVxk_chunk_1615296-1627760_149--noise-10db.wav,079f29fb41bfa4a4771e2fc8e03dc32632f4e090bfbd15b1d9e74c96bd2aa601,32.13999938964844,noise-10db,12.46399974822998,Yoruba-English,"Te ba fe gbawin eba e ma soju Aanu, te ba ti yo tan nsin ee doko mobirin You are correct Morenikeji, but some men are not thesame.","Te ba fe gbawin eba e ma soju Aanu, te ba ti yo tan nsin ee doko mobirin [[EN]]You are correct[[/EN]] Morenikeji, [[EN]]but some men are not thesame.[[/EN]]",afriswitch-yoruba-001006-aVC9pDOrVxk_chunk_1615296-1627760_149--noise-10db,aVC9pDOrVxk_chunk,natural-afriswitch,3
audio/robustness/afriswitch-yoruba-001006-aVC9pDOrVxk_chunk_1615296-1627760_149--packet-loss-3pct.wav,08b18b7243cb55d61859b2091eae6aa353e15613cc35f1e014dd9ca2dd82a05f,32.13999938964844,packet-loss-3pct,12.46399974822998,Yoruba-English,"Te ba fe gbawin eba e ma soju Aanu, te ba ti yo tan nsin ee doko mobirin You are correct Morenikeji, but some men are not thesame.","Te ba fe gbawin eba e ma soju Aanu, te ba ti yo tan nsin ee doko mobirin [[EN]]You are correct[[/EN]] Morenikeji, [[EN]]but some men are not thesame.[[/EN]]",afriswitch-yoruba-001006-aVC9pDOrVxk_chunk_1615296-1627760_149--packet-loss-3pct,aVC9pDOrVxk_chunk,natural-afriswitch,3
audio/robustness/afriswitch-yoruba-001078-fy977a8AcjU_chunk_4472576-4478400_332--pstn-mulaw.wav,ebe2e29c6dd3c2cee75a0f4f4ad520c83d2a4e232dc8606606071c45cd80ad4a,10.529999732971191,pstn-mulaw,5.823999881744385,Yoruba-English,"Mi ni le se, boya te ba de wa around lola, ma pada wa se, se e ti gbo","Mi ni le se, boya te ba de wa [[EN]]around[[/EN]] lola, ma pada wa se, se e ti [[EN]]gbo[[/EN]]",afriswitch-yoruba-001078-fy977a8AcjU_chunk_4472576-4478400_332--pstn-mulaw,fy977a8AcjU_chunk,natural-afriswitch,3
audio/robustness/afriswitch-yoruba-001078-fy977a8AcjU_chunk_4472576-4478400_332--noise-10db.wav,350dafe81fa860065cf52435bdd50a39f50525e6c967de6b6c12425799ee75a6,10.529999732971191,noise-10db,5.823999881744385,Yoruba-English,"Mi ni le se, boya te ba de wa around lola, ma pada wa se, se e ti gbo","Mi ni le se, boya te ba de wa [[EN]]around[[/EN]] lola, ma pada wa se, se e ti [[EN]]gbo[[/EN]]",afriswitch-yoruba-001078-fy977a8AcjU_chunk_4472576-4478400_332--noise-10db,fy977a8AcjU_chunk,natural-afriswitch,3
audio/robustness/afriswitch-yoruba-001078-fy977a8AcjU_chunk_4472576-4478400_332--packet-loss-3pct.wav,878f7531d971c0cb6a9e460b0991429af3515a98a6aebd2aef8ccb4fa442b90a,10.529999732971191,packet-loss-3pct,5.823999881744385,Yoruba-English,"Mi ni le se, boya te ba de wa around lola, ma pada wa se, se e ti gbo","Mi ni le se, boya te ba de wa [[EN]]around[[/EN]] lola, ma pada wa se, se e ti [[EN]]gbo[[/EN]]",afriswitch-yoruba-001078-fy977a8AcjU_chunk_4472576-4478400_332--packet-loss-3pct,fy977a8AcjU_chunk,natural-afriswitch,3
audio/robustness/afriswitch-yoruba-001104-gtw8sXTWG1c_chunk_1992964-1995516_178--pstn-mulaw.wav,5b6c305c310a0137f48a04f8fe7cae3c834f039da8d75cf5171e40a26e4aa5dc,42.86000061035156,pstn-mulaw,3.888000011444092,Yoruba-English,Wa gbadun mi gidi I'm sorry sir,Wa gbadun mi gidi [[EN]]I'm sorry sir[[/EN]],afriswitch-yoruba-001104-gtw8sXTWG1c_chunk_1992964-1995516_178--pstn-mulaw,gtw8sXTWG1c_chunk,natural-afriswitch,1
audio/robustness/afriswitch-yoruba-001104-gtw8sXTWG1c_chunk_1992964-1995516_178--noise-10db.wav,45b48fea0fec99bbd7b097e662299bad2172318d8f6ae6a5fe25fbe81ec938eb,42.86000061035156,noise-10db,3.888000011444092,Yoruba-English,Wa gbadun mi gidi I'm sorry sir,Wa gbadun mi gidi [[EN]]I'm sorry sir[[/EN]],afriswitch-yoruba-001104-gtw8sXTWG1c_chunk_1992964-1995516_178--noise-10db,gtw8sXTWG1c_chunk,natural-afriswitch,1
audio/robustness/afriswitch-yoruba-001104-gtw8sXTWG1c_chunk_1992964-1995516_178--packet-loss-3pct.wav,31daf9c40455feb9ed9ce3dd20a2d4a9f09612646895d198e3ed4a562bd5a3b8,42.86000061035156,packet-loss-3pct,3.888000011444092,Yoruba-English,Wa gbadun mi gidi I'm sorry sir,Wa gbadun mi gidi [[EN]]I'm sorry sir[[/EN]],afriswitch-yoruba-001104-gtw8sXTWG1c_chunk_1992964-1995516_178--packet-loss-3pct,gtw8sXTWG1c_chunk,natural-afriswitch,1
audio/robustness/afriswitch-yoruba-001108-S7WxSLCIVHI_chunk_2348804-2359232_200--pstn-mulaw.wav,e10aa5a272384e0f9376682d619e934a204698254432ba009dca6b28c9e842d4,22.729999542236328,pstn-mulaw,10.428000450134277,Yoruba-English,"Gbogbo e to n so yen pe olohun a da e lohun olorun a se eyi ti da sarah lohun sarah ni igba ayen o un, o mo nkan to go through ni ko n di ba i ko n se ranu kakiri gboro.","Gbogbo [[EN]]e to n so[[/EN]] yen pe olohun a da e lohun olorun a se eyi ti da sarah lohun sarah ni igba ayen o un, o mo nkan [[EN]]to go through[[/EN]] ni ko [[EN]]n[[/EN]] di ba [[EN]]i[[/EN]] ko [[EN]]n[[/EN]] se ranu kakiri gboro.",afriswitch-yoruba-001108-S7WxSLCIVHI_chunk_2348804-2359232_200--pstn-mulaw,S7WxSLCIVHI_chunk,natural-afriswitch,10
audio/robustness/afriswitch-yoruba-001108-S7WxSLCIVHI_chunk_2348804-2359232_200--noise-10db.wav,c87ec22a1f1de971b2511fd0c599b8451a576fa5150d343d25e50942c06dcca5,22.729999542236328,noise-10db,10.428000450134277,Yoruba-English,"Gbogbo e to n so yen pe olohun a da e lohun olorun a se eyi ti da sarah lohun sarah ni igba ayen o un, o mo nkan to go through ni ko n di ba i ko n se ranu kakiri gboro.","Gbogbo [[EN]]e to n so[[/EN]] yen pe olohun a da e lohun olorun a se eyi ti da sarah lohun sarah ni igba ayen o un, o mo nkan [[EN]]to go through[[/EN]] ni ko [[EN]]n[[/EN]] di ba [[EN]]i[[/EN]] ko [[EN]]n[[/EN]] se ranu kakiri gboro.",afriswitch-yoruba-001108-S7WxSLCIVHI_chunk_2348804-2359232_200--noise-10db,S7WxSLCIVHI_chunk,natural-afriswitch,10
audio/robustness/afriswitch-yoruba-001108-S7WxSLCIVHI_chunk_2348804-2359232_200--packet-loss-3pct.wav,2aeb485e3db577705fb2c76089192305503439c3e6b69302926c734f872997d6,22.729999542236328,packet-loss-3pct,10.428000450134277,Yoruba-English,"Gbogbo e to n so yen pe olohun a da e lohun olorun a se eyi ti da sarah lohun sarah ni igba ayen o un, o mo nkan to go through ni ko n di ba i ko n se ranu kakiri gboro.","Gbogbo [[EN]]e to n so[[/EN]] yen pe olohun a da e lohun olorun a se eyi ti da sarah lohun sarah ni igba ayen o un, o mo nkan [[EN]]to go through[[/EN]] ni ko [[EN]]n[[/EN]] di ba [[EN]]i[[/EN]] ko [[EN]]n[[/EN]] se ranu kakiri gboro.",afriswitch-yoruba-001108-S7WxSLCIVHI_chunk_2348804-2359232_200--packet-loss-3pct,S7WxSLCIVHI_chunk,natural-afriswitch,10
audio/robustness/afriswitch-yoruba-001128-tgIICiFMf3o_chunk_3836288-3841744_208--pstn-mulaw.wav,25944708e3921c7f7b50c1e80cffbe1399ca70401bad9a0e3e52a33b7fc447cc,7.690000057220459,pstn-mulaw,5.455999851226807,Yoruba-English,Emi ni mo ran eyan lo pa egbon mi Ah daddy seyi Seyi,Emi ni mo ran eyan lo pa egbon mi Ah [[EN]]daddy[[/EN]] seyi Seyi,afriswitch-yoruba-001128-tgIICiFMf3o_chunk_3836288-3841744_208--pstn-mulaw,tgIICiFMf3o_chunk,natural-afriswitch,2
audio/robustness/afriswitch-yoruba-001128-tgIICiFMf3o_chunk_3836288-3841744_208--noise-10db.wav,5cbc186f11e565e7b863a36860991ff0e88da5177360d4c050673df521d392b2,7.690000057220459,noise-10db,5.455999851226807,Yoruba-English,Emi ni mo ran eyan lo pa egbon mi Ah daddy seyi Seyi,Emi ni mo ran eyan lo pa egbon mi Ah [[EN]]daddy[[/EN]] seyi Seyi,afriswitch-yoruba-001128-tgIICiFMf3o_chunk_3836288-3841744_208--noise-10db,tgIICiFMf3o_chunk,natural-afriswitch,2
audio/robustness/afriswitch-yoruba-001128-tgIICiFMf3o_chunk_3836288-3841744_208--packet-loss-3pct.wav,6ee5a8026dbfc5b770af2daa22b87d62c4d2decd14e06725e7a2932ed6ae3742,7.690000057220459,packet-loss-3pct,5.455999851226807,Yoruba-English,Emi ni mo ran eyan lo pa egbon mi Ah daddy seyi Seyi,Emi ni mo ran eyan lo pa egbon mi Ah [[EN]]daddy[[/EN]] seyi Seyi,afriswitch-yoruba-001128-tgIICiFMf3o_chunk_3836288-3841744_208--packet-loss-3pct,tgIICiFMf3o_chunk,natural-afriswitch,2
audio/robustness/afriswitch-yoruba-001153-1iCqy3Qfcd8_chunk_455008-469696_20--pstn-mulaw.wav,b1f351b8ee5d1f894ec9499f05ca6d5567e820b8f957665c8f40454b6acbc34a,7.940000057220459,pstn-mulaw,14.687999725341797,Yoruba-English,"Kini o se? Ko se Nkan kan. O ti n korin lenu ojo meta yi mummy,Koda Orin ti e o ju ti Danny young lo. To o je pe to o ba n ko Orin bayi, gbogbo awa ti a wa nibe inu wa ma n dun ni. Oye ki e se awure Orin fun won o Awure Orin bawo?Inu eje lo wa","Kini o se? Ko se Nkan kan. O ti n korin lenu ojo meta yi [[EN]]mummy,Koda[[/EN]] Orin ti e o ju ti [[EN]]Danny young[[/EN]] lo. To o je pe to o ba n ko Orin bayi, gbogbo awa ti a wa nibe inu wa ma n dun ni. Oye ki e se awure Orin [[EN]]fun won[[/EN]] o Awure Orin bawo?Inu eje lo wa",afriswitch-yoruba-001153-1iCqy3Qfcd8_chunk_455008-469696_20--pstn-mulaw,1iCqy3Qfcd8_chunk,natural-afriswitch,6
audio/robustness/afriswitch-yoruba-001153-1iCqy3Qfcd8_chunk_455008-469696_20--noise-10db.wav,4a449601a3bb2e5bf74f8a90bf1206b35473d953cac03464781e6d1a04469d33,7.940000057220459,noise-10db,14.687999725341797,Yoruba-English,"Kini o se? Ko se Nkan kan. O ti n korin lenu ojo meta yi mummy,Koda Orin ti e o ju ti Danny young lo. To o je pe to o ba n ko Orin bayi, gbogbo awa ti a wa nibe inu wa ma n dun ni. Oye ki e se awure Orin fun won o Awure Orin bawo?Inu eje lo wa","Kini o se? Ko se Nkan kan. O ti n korin lenu ojo meta yi [[EN]]mummy,Koda[[/EN]] Orin ti e o ju ti [[EN]]Danny young[[/EN]] lo. To o je pe to o ba n ko Orin bayi, gbogbo awa ti a wa nibe inu wa ma n dun ni. Oye ki e se awure Orin [[EN]]fun won[[/EN]] o Awure Orin bawo?Inu eje lo wa",afriswitch-yoruba-001153-1iCqy3Qfcd8_chunk_455008-469696_20--noise-10db,1iCqy3Qfcd8_chunk,natural-afriswitch,6
audio/robustness/afriswitch-yoruba-001153-1iCqy3Qfcd8_chunk_455008-469696_20--packet-loss-3pct.wav,03df0d6347269812b03eb21b423fe1d7c73e0dbbfe890dfb4fb6173cebf40da8,7.940000057220459,packet-loss-3pct,14.687999725341797,Yoruba-English,"Kini o se? Ko se Nkan kan. O ti n korin lenu ojo meta yi mummy,Koda Orin ti e o ju ti Danny young lo. To o je pe to o ba n ko Orin bayi, gbogbo awa ti a wa nibe inu wa ma n dun ni. Oye ki e se awure Orin fun won o Awure Orin bawo?Inu eje lo wa","Kini o se? Ko se Nkan kan. O ti n korin lenu ojo meta yi [[EN]]mummy,Koda[[/EN]] Orin ti e o ju ti [[EN]]Danny young[[/EN]] lo. To o je pe to o ba n ko Orin bayi, gbogbo awa ti a wa nibe inu wa ma n dun ni. Oye ki e se awure Orin [[EN]]fun won[[/EN]] o Awure Orin bawo?Inu eje lo wa",afriswitch-yoruba-001153-1iCqy3Qfcd8_chunk_455008-469696_20--packet-loss-3pct,1iCqy3Qfcd8_chunk,natural-afriswitch,6
audio/robustness/afriswitch-yoruba-001155-2JMaCR6KxdY_chunk_983024-986944_84--pstn-mulaw.wav,597121ed831176cde75e39684509fe02e34ceb8cd5e662c3f2aef19513bf0e5f,27.780000686645508,pstn-mulaw,3.9200000762939453,Yoruba-English,Jo so fun mi kini problem re gan na? Kilode ti o fe so brother yi ni enu,Jo [[EN]]so fun[[/EN]] mi kini [[EN]]problem[[/EN]] re gan na? Kilode ti o fe [[EN]]so brother[[/EN]] yi ni enu,afriswitch-yoruba-001155-2JMaCR6KxdY_chunk_983024-986944_84--pstn-mulaw,2JMaCR6KxdY_chunk,natural-afriswitch,6
audio/robustness/afriswitch-yoruba-001155-2JMaCR6KxdY_chunk_983024-986944_84--noise-10db.wav,4377d1b5ffc1ab7888ab0bfdefe817b0041163607aff2437deecde787174370f,27.780000686645508,noise-10db,3.9200000762939453,Yoruba-English,Jo so fun mi kini problem re gan na? Kilode ti o fe so brother yi ni enu,Jo [[EN]]so fun[[/EN]] mi kini [[EN]]problem[[/EN]] re gan na? Kilode ti o fe [[EN]]so brother[[/EN]] yi ni enu,afriswitch-yoruba-001155-2JMaCR6KxdY_chunk_983024-986944_84--noise-10db,2JMaCR6KxdY_chunk,natural-afriswitch,6
audio/robustness/afriswitch-yoruba-001155-2JMaCR6KxdY_chunk_983024-986944_84--packet-loss-3pct.wav,4b4b9d71361fc6b4278d98994a0cf3d5d7eb1ca45b4c49c05cd12c91afeb5894,27.780000686645508,packet-loss-3pct,3.9200000762939453,Yoruba-English,Jo so fun mi kini problem re gan na? Kilode ti o fe so brother yi ni enu,Jo [[EN]]so fun[[/EN]] mi kini [[EN]]problem[[/EN]] re gan na? Kilode ti o fe [[EN]]so brother[[/EN]] yi ni enu,afriswitch-yoruba-001155-2JMaCR6KxdY_chunk_983024-986944_84--packet-loss-3pct,2JMaCR6KxdY_chunk,natural-afriswitch,6
audio/robustness/afriswitch-yoruba-001160-syzj_4zkIJM_chunk_52704-63600_7--pstn-mulaw.wav,31a1e26f3814d61384fa2f56d892ea27293f58e4c3e6ef9c6aa7f4b1e5e649e0,37.5,pstn-mulaw,10.895999908447266,Yoruba-English,"Won wa Ninu compound,ti awon Na Sare Kiri lotun losi,so she came out, and greeted,we exchange pleasantries and she went to open the door","Won wa Ninu [[EN]]compound,ti[[/EN]] awon Na Sare Kiri lotun losi,so [[EN]]she came out, and greeted,we exchange pleasantries and she went to open the door[[/EN]]",afriswitch-yoruba-001160-syzj_4zkIJM_chunk_52704-63600_7--pstn-mulaw,syzj_4zkIJM,natural-afriswitch,3
audio/robustness/afriswitch-yoruba-001160-syzj_4zkIJM_chunk_52704-63600_7--noise-10db.wav,1fab2ac472bb96bf9583253937e92e53caebafdaca90b9e4a81cceb712cfd626,37.5,noise-10db,10.895999908447266,Yoruba-English,"Won wa Ninu compound,ti awon Na Sare Kiri lotun losi,so she came out, and greeted,we exchange pleasantries and she went to open the door","Won wa Ninu [[EN]]compound,ti[[/EN]] awon Na Sare Kiri lotun losi,so [[EN]]she came out, and greeted,we exchange pleasantries and she went to open the door[[/EN]]",afriswitch-yoruba-001160-syzj_4zkIJM_chunk_52704-63600_7--noise-10db,syzj_4zkIJM,natural-afriswitch,3
audio/robustness/afriswitch-yoruba-001160-syzj_4zkIJM_chunk_52704-63600_7--packet-loss-3pct.wav,3d4cc5c7bc5e6e54f36c590297e2abc6dc2e1275bf898d5f89f74355f18014cc,37.5,packet-loss-3pct,10.895999908447266,Yoruba-English,"Won wa Ninu compound,ti awon Na Sare Kiri lotun losi,so she came out, and greeted,we exchange pleasantries and she went to open the door","Won wa Ninu [[EN]]compound,ti[[/EN]] awon Na Sare Kiri lotun losi,so [[EN]]she came out, and greeted,we exchange pleasantries and she went to open the door[[/EN]]",afriswitch-yoruba-001160-syzj_4zkIJM_chunk_52704-63600_7--packet-loss-3pct,syzj_4zkIJM,natural-afriswitch,3
audio/robustness/afriswitch-yoruba-001186-sleamWbxUbI_chunk_3274816-3285712_328--pstn-mulaw.wav,0d581474238445c48bb138234b3e088953d5cd628892ec17795c85de926363d6,7.690000057220459,pstn-mulaw,10.895999908447266,Yoruba-English,"Gbogbo ohun to bá sọ fún ẹ ni koo gbà, oya mọọ ṣe adua Ṣaweto ọ mo nkan tí mo fẹ nisinsin, owó, owó nlánlá tí mo fẹ owó tó pọ tí má ma gbe lọ nsìn bíi pounds","Gbogbo ohun to bá sọ fún ẹ ni koo gbà, oya mọọ ṣe adua Ṣaweto ọ mo nkan tí mo [[EN]]fẹ[[/EN]] nisinsin, owó, owó nlánlá tí mo [[EN]]fẹ[[/EN]] owó tó pọ tí má ma gbe lọ nsìn bíi [[EN]]pounds[[/EN]]",afriswitch-yoruba-001186-sleamWbxUbI_chunk_3274816-3285712_328--pstn-mulaw,sleamWbxUbI_chunk,natural-afriswitch,5
audio/robustness/afriswitch-yoruba-001186-sleamWbxUbI_chunk_3274816-3285712_328--noise-10db.wav,2014acec6bf13511a07c77156ee126af7ff372da94e936e3dccbbe506e4dfc4c,7.690000057220459,noise-10db,10.895999908447266,Yoruba-English,"Gbogbo ohun to bá sọ fún ẹ ni koo gbà, oya mọọ ṣe adua Ṣaweto ọ mo nkan tí mo fẹ nisinsin, owó, owó nlánlá tí mo fẹ owó tó pọ tí má ma gbe lọ nsìn bíi pounds","Gbogbo ohun to bá sọ fún ẹ ni koo gbà, oya mọọ ṣe adua Ṣaweto ọ mo nkan tí mo [[EN]]fẹ[[/EN]] nisinsin, owó, owó nlánlá tí mo [[EN]]fẹ[[/EN]] owó tó pọ tí má ma gbe lọ nsìn bíi [[EN]]pounds[[/EN]]",afriswitch-yoruba-001186-sleamWbxUbI_chunk_3274816-3285712_328--noise-10db,sleamWbxUbI_chunk,natural-afriswitch,5
audio/robustness/afriswitch-yoruba-001186-sleamWbxUbI_chunk_3274816-3285712_328--packet-loss-3pct.wav,a5ab39f8ebf6c5bd9c735437bfa955443a91923015f2571556479721d7da84b9,7.690000057220459,packet-loss-3pct,10.895999908447266,Yoruba-English,"Gbogbo ohun to bá sọ fún ẹ ni koo gbà, oya mọọ ṣe adua Ṣaweto ọ mo nkan tí mo fẹ nisinsin, owó, owó nlánlá tí mo fẹ owó tó pọ tí má ma gbe lọ nsìn bíi pounds","Gbogbo ohun to bá sọ fún ẹ ni koo gbà, oya mọọ ṣe adua Ṣaweto ọ mo nkan tí mo [[EN]]fẹ[[/EN]] nisinsin, owó, owó nlánlá tí mo [[EN]]fẹ[[/EN]] owó tó pọ tí má ma gbe lọ nsìn bíi [[EN]]pounds[[/EN]]",afriswitch-yoruba-001186-sleamWbxUbI_chunk_3274816-3285712_328--packet-loss-3pct,sleamWbxUbI_chunk,natural-afriswitch,5
audio/robustness/afriswitch-yoruba-001241-_kdV1D8xYMw_chunk_1080864-1089360_92--pstn-mulaw.wav,40cda6c53d03fd02be04ee306b422973bff401646ed4384ead229eaf8d46c86a,27.780000686645508,pstn-mulaw,8.496000289916992,Yoruba-English,"Oun ni tẹlomi ti bẹrẹ. I started working on the contract, a lifetime contract. I mean, a retirement","Oun ni tẹlomi ti bẹrẹ. [[EN]]I started working on the contract, a lifetime contract. I mean, a retirement[[/EN]]",afriswitch-yoruba-001241-_kdV1D8xYMw_chunk_1080864-1089360_92--pstn-mulaw,_kdV1D8xYMw,natural-afriswitch,1
audio/robustness/afriswitch-yoruba-001241-_kdV1D8xYMw_chunk_1080864-1089360_92--noise-10db.wav,c0157b2fc4e2fa91fd5db4df49af17d85d64491df3e702bca15d2fc9b26184d8,27.780000686645508,noise-10db,8.496000289916992,Yoruba-English,"Oun ni tẹlomi ti bẹrẹ. I started working on the contract, a lifetime contract. I mean, a retirement","Oun ni tẹlomi ti bẹrẹ. [[EN]]I started working on the contract, a lifetime contract. I mean, a retirement[[/EN]]",afriswitch-yoruba-001241-_kdV1D8xYMw_chunk_1080864-1089360_92--noise-10db,_kdV1D8xYMw,natural-afriswitch,1
audio/robustness/afriswitch-yoruba-001241-_kdV1D8xYMw_chunk_1080864-1089360_92--packet-loss-3pct.wav,8c2b5b76e28f1e6e18071230e8177bfa9d4e098acbab619f7eb37c67ddedf177,27.780000686645508,packet-loss-3pct,8.496000289916992,Yoruba-English,"Oun ni tẹlomi ti bẹrẹ. I started working on the contract, a lifetime contract. I mean, a retirement","Oun ni tẹlomi ti bẹrẹ. [[EN]]I started working on the contract, a lifetime contract. I mean, a retirement[[/EN]]",afriswitch-yoruba-001241-_kdV1D8xYMw_chunk_1080864-1089360_92--packet-loss-3pct,_kdV1D8xYMw,natural-afriswitch,1
audio/robustness/afriswitch-yoruba-001316-GYfIRwY_Kt0_chunk_188368-193584_17--pstn-mulaw.wav,e140dde07703a85884ab7f8df2f6ae9e2d13aa28ed2e11263c037a1c75861258,13.329999923706055,pstn-mulaw,5.216000080108643,Yoruba-English,mo ma fi wọn duro o need oniduro bo ti wa yi o need oniduro,mo ma fi wọn duro o [[EN]]need[[/EN]] oniduro bo ti wa yi o [[EN]]need[[/EN]] oniduro,afriswitch-yoruba-001316-GYfIRwY_Kt0_chunk_188368-193584_17--pstn-mulaw,GYfIRwY_Kt0,natural-afriswitch,4
audio/robustness/afriswitch-yoruba-001316-GYfIRwY_Kt0_chunk_188368-193584_17--noise-10db.wav,306f88aba46d59010ed2a6fe99e1013eda109e6290be9c33c8c5341da1868860,13.329999923706055,noise-10db,5.216000080108643,Yoruba-English,mo ma fi wọn duro o need oniduro bo ti wa yi o need oniduro,mo ma fi wọn duro o [[EN]]need[[/EN]] oniduro bo ti wa yi o [[EN]]need[[/EN]] oniduro,afriswitch-yoruba-001316-GYfIRwY_Kt0_chunk_188368-193584_17--noise-10db,GYfIRwY_Kt0,natural-afriswitch,4
audio/robustness/afriswitch-yoruba-001316-GYfIRwY_Kt0_chunk_188368-193584_17--packet-loss-3pct.wav,1a76b2fd14561156f6e332f35d2f9c356f79c130e4fc60f4678ba7a6e2cfc096,13.329999923706055,packet-loss-3pct,5.216000080108643,Yoruba-English,mo ma fi wọn duro o need oniduro bo ti wa yi o need oniduro,mo ma fi wọn duro o [[EN]]need[[/EN]] oniduro bo ti wa yi o [[EN]]need[[/EN]] oniduro,afriswitch-yoruba-001316-GYfIRwY_Kt0_chunk_188368-193584_17--packet-loss-3pct,GYfIRwY_Kt0,natural-afriswitch,4
audio/robustness/afriswitch-yoruba-001354-aqAfSYplGZs_chunk_99904-108032_14--pstn-mulaw.wav,ad377e174f9ad2a8b4aa5aa3d8a0d9fc6f655d8f4f8b7d4d88060092f8e841bd,7.690000057220459,pstn-mulaw,8.128000259399414,Yoruba-English,"To ba ti jẹ Christian movie Agbudọ ni E wa nle L'akọ L'akọ ni, l'ako ni A dẹ dupẹ, pe wọn ti ẹ n pe yin","To ba ti jẹ [[EN]]Christian movie[[/EN]] Agbudọ ni E wa nle L'akọ L'akọ ni, l'ako ni A dẹ dupẹ, pe wọn ti ẹ n pe yin",afriswitch-yoruba-001354-aqAfSYplGZs_chunk_99904-108032_14--pstn-mulaw,aqAfSYplGZs_chunk,natural-afriswitch,2
audio/robustness/afriswitch-yoruba-001354-aqAfSYplGZs_chunk_99904-108032_14--noise-10db.wav,d67d8383077215c0c1662ddc3d1cb332cd95c1439df76cb6cee1f6217d1f2ee6,7.690000057220459,noise-10db,8.128000259399414,Yoruba-English,"To ba ti jẹ Christian movie Agbudọ ni E wa nle L'akọ L'akọ ni, l'ako ni A dẹ dupẹ, pe wọn ti ẹ n pe yin","To ba ti jẹ [[EN]]Christian movie[[/EN]] Agbudọ ni E wa nle L'akọ L'akọ ni, l'ako ni A dẹ dupẹ, pe wọn ti ẹ n pe yin",afriswitch-yoruba-001354-aqAfSYplGZs_chunk_99904-108032_14--noise-10db,aqAfSYplGZs_chunk,natural-afriswitch,2
audio/robustness/afriswitch-yoruba-001354-aqAfSYplGZs_chunk_99904-108032_14--packet-loss-3pct.wav,7b28ee7ae21539c6fa08d818037bb778abe7951c65673d47e13a9cb9e99e36d0,7.690000057220459,packet-loss-3pct,8.128000259399414,Yoruba-English,"To ba ti jẹ Christian movie Agbudọ ni E wa nle L'akọ L'akọ ni, l'ako ni A dẹ dupẹ, pe wọn ti ẹ n pe yin","To ba ti jẹ [[EN]]Christian movie[[/EN]] Agbudọ ni E wa nle L'akọ L'akọ ni, l'ako ni A dẹ dupẹ, pe wọn ti ẹ n pe yin",afriswitch-yoruba-001354-aqAfSYplGZs_chunk_99904-108032_14--packet-loss-3pct,aqAfSYplGZs_chunk,natural-afriswitch,2
audio/robustness/afriswitch-yoruba-001404-DxYjoDukuZI_chunk_2716496-2729024_220--pstn-mulaw.wav,6cf719b22080215fe92aeac29ea43478d90089b3dc849e421ca3a2d5f8bd6387,20.690000534057617,pstn-mulaw,12.527999877929688,Yoruba-English,"I'm very sure. Are you upset? No no it's fine it's fine, but promise you won't see him again. Kosi Ibi ti moti fe ri. Is that a promise?","[[EN]]I'm very sure. Are you upset? No no it's fine it's fine, but promise you won't see him again.[[/EN]] Kosi Ibi ti moti fe ri. [[EN]]Is that a promise?[[/EN]]",afriswitch-yoruba-001404-DxYjoDukuZI_chunk_2716496-2729024_220--pstn-mulaw,DxYjoDukuZI_chunk,natural-afriswitch,2
audio/robustness/afriswitch-yoruba-001404-DxYjoDukuZI_chunk_2716496-2729024_220--noise-10db.wav,7ab3d00b1cbb6a64eba47a5dc1a4091897557a13d6273c88738774c001053c4a,20.690000534057617,noise-10db,12.527999877929688,Yoruba-English,"I'm very sure. Are you upset? No no it's fine it's fine, but promise you won't see him again. Kosi Ibi ti moti fe ri. Is that a promise?","[[EN]]I'm very sure. Are you upset? No no it's fine it's fine, but promise you won't see him again.[[/EN]] Kosi Ibi ti moti fe ri. [[EN]]Is that a promise?[[/EN]]",afriswitch-yoruba-001404-DxYjoDukuZI_chunk_2716496-2729024_220--noise-10db,DxYjoDukuZI_chunk,natural-afriswitch,2
audio/robustness/afriswitch-yoruba-001404-DxYjoDukuZI_chunk_2716496-2729024_220--packet-loss-3pct.wav,9f631d1925b860a1813ba313ec2926fbee5048bafa296ef20ec761081f8093e5,20.690000534057617,packet-loss-3pct,12.527999877929688,Yoruba-English,"I'm very sure. Are you upset? No no it's fine it's fine, but promise you won't see him again. Kosi Ibi ti moti fe ri. Is that a promise?","[[EN]]I'm very sure. Are you upset? No no it's fine it's fine, but promise you won't see him again.[[/EN]] Kosi Ibi ti moti fe ri. [[EN]]Is that a promise?[[/EN]]",afriswitch-yoruba-001404-DxYjoDukuZI_chunk_2716496-2729024_220--packet-loss-3pct,DxYjoDukuZI_chunk,natural-afriswitch,2
audio/robustness/afriswitch-yoruba-001423-B_F-D-ZXtnE_chunk_1943328-1953760_198--pstn-mulaw.wav,e41ff77c967cbadc27f014246c6a8c953cd8c35215aad8181dafcfe7dba9d25a,21.8799991607666,pstn-mulaw,10.432000160217285,Yoruba-English,"why to Fi ma sori oro beyen? iwo lo ro be, sho ri Lekan awon iwa to nwu o ti fe sun MI bayi, every time Ni Mo n ba e so.","[[EN]]why to Fi[[/EN]] ma sori oro beyen? iwo lo ro be, sho ri Lekan awon iwa to nwu o ti fe sun MI bayi, [[EN]]every time[[/EN]] Ni Mo [[EN]]n[[/EN]] ba e [[EN]]so.[[/EN]]",afriswitch-yoruba-001423-B_F-D-ZXtnE_chunk_1943328-1953760_198--pstn-mulaw,B_F,natural-afriswitch,6
audio/robustness/afriswitch-yoruba-001423-B_F-D-ZXtnE_chunk_1943328-1953760_198--noise-10db.wav,c3748aeb6b8e6b651c81f0aeb8abbfa4b5193832d3a4afb9a8d8a86237ed5628,21.8799991607666,noise-10db,10.432000160217285,Yoruba-English,"why to Fi ma sori oro beyen? iwo lo ro be, sho ri Lekan awon iwa to nwu o ti fe sun MI bayi, every time Ni Mo n ba e so.","[[EN]]why to Fi[[/EN]] ma sori oro beyen? iwo lo ro be, sho ri Lekan awon iwa to nwu o ti fe sun MI bayi, [[EN]]every time[[/EN]] Ni Mo [[EN]]n[[/EN]] ba e [[EN]]so.[[/EN]]",afriswitch-yoruba-001423-B_F-D-ZXtnE_chunk_1943328-1953760_198--noise-10db,B_F,natural-afriswitch,6
audio/robustness/afriswitch-yoruba-001423-B_F-D-ZXtnE_chunk_1943328-1953760_198--packet-loss-3pct.wav,d715a00cd9bdefd7e9fcb107ca64b4e70d0d6557d6974d51be34e16ce73779d4,21.8799991607666,packet-loss-3pct,10.432000160217285,Yoruba-English,"why to Fi ma sori oro beyen? iwo lo ro be, sho ri Lekan awon iwa to nwu o ti fe sun MI bayi, every time Ni Mo n ba e so.","[[EN]]why to Fi[[/EN]] ma sori oro beyen? iwo lo ro be, sho ri Lekan awon iwa to nwu o ti fe sun MI bayi, [[EN]]every time[[/EN]] Ni Mo [[EN]]n[[/EN]] ba e [[EN]]so.[[/EN]]",afriswitch-yoruba-001423-B_F-D-ZXtnE_chunk_1943328-1953760_198--packet-loss-3pct,B_F,natural-afriswitch,6
audio/robustness/afriswitch-yoruba-001446-wbz28E299Qs_chunk_497008-510576_48--pstn-mulaw.wav,38b9048b8a6f88a235f3e54a61839908bc613a043373bd6c68a1fb1679e4a541,4.260000228881836,pstn-mulaw,13.567999839782715,Yoruba-English,"Ko jẹyin ni mo fẹ gbe, mi ṣere Ko ni daa funyin, ẹ ni ṣe oriire Bo ṣe gbẹ to yii lẹẹ tun gba 150 Oku temi, elo lo pe 150 Ṣe ọkada nan maa fi gbe yin ni, ṣebi motor nan maa fi gbe yin. Jalẹjalẹ, ẹ san 100,000","Ko jẹyin ni mo [[EN]]fẹ[[/EN]] gbe, mi ṣere Ko ni daa funyin, ẹ ni ṣe oriire Bo ṣe gbẹ to yii lẹẹ tun gba 150 Oku temi, elo lo pe 150 Ṣe ọkada nan maa fi gbe yin ni, ṣebi [[EN]]motor[[/EN]] nan maa fi gbe yin. Jalẹjalẹ, ẹ san 100,000",afriswitch-yoruba-001446-wbz28E299Qs_chunk_497008-510576_48--pstn-mulaw,wbz28E299Qs_chunk,natural-afriswitch,4
audio/robustness/afriswitch-yoruba-001446-wbz28E299Qs_chunk_497008-510576_48--noise-10db.wav,9f59ecc31e575bad93d654358cb7c20aa168c7466ff2b9169046b4bd011bee18,4.260000228881836,noise-10db,13.567999839782715,Yoruba-English,"Ko jẹyin ni mo fẹ gbe, mi ṣere Ko ni daa funyin, ẹ ni ṣe oriire Bo ṣe gbẹ to yii lẹẹ tun gba 150 Oku temi, elo lo pe 150 Ṣe ọkada nan maa fi gbe yin ni, ṣebi motor nan maa fi gbe yin. Jalẹjalẹ, ẹ san 100,000","Ko jẹyin ni mo [[EN]]fẹ[[/EN]] gbe, mi ṣere Ko ni daa funyin, ẹ ni ṣe oriire Bo ṣe gbẹ to yii lẹẹ tun gba 150 Oku temi, elo lo pe 150 Ṣe ọkada nan maa fi gbe yin ni, ṣebi [[EN]]motor[[/EN]] nan maa fi gbe yin. Jalẹjalẹ, ẹ san 100,000",afriswitch-yoruba-001446-wbz28E299Qs_chunk_497008-510576_48--noise-10db,wbz28E299Qs_chunk,natural-afriswitch,4
audio/robustness/afriswitch-yoruba-001446-wbz28E299Qs_chunk_497008-510576_48--packet-loss-3pct.wav,c30b83922cc4d6f0c9a8289868e4684e025e7c13fa60d49b33b6538a269ca614,4.260000228881836,packet-loss-3pct,13.567999839782715,Yoruba-English,"Ko jẹyin ni mo fẹ gbe, mi ṣere Ko ni daa funyin, ẹ ni ṣe oriire Bo ṣe gbẹ to yii lẹẹ tun gba 150 Oku temi, elo lo pe 150 Ṣe ọkada nan maa fi gbe yin ni, ṣebi motor nan maa fi gbe yin. Jalẹjalẹ, ẹ san 100,000","Ko jẹyin ni mo [[EN]]fẹ[[/EN]] gbe, mi ṣere Ko ni daa funyin, ẹ ni ṣe oriire Bo ṣe gbẹ to yii lẹẹ tun gba 150 Oku temi, elo lo pe 150 Ṣe ọkada nan maa fi gbe yin ni, ṣebi [[EN]]motor[[/EN]] nan maa fi gbe yin. Jalẹjalẹ, ẹ san 100,000",afriswitch-yoruba-001446-wbz28E299Qs_chunk_497008-510576_48--packet-loss-3pct,wbz28E299Qs_chunk,natural-afriswitch,4
audio/robustness/afriswitch-yoruba-001494-Qv6ukmyspwg_chunk_1645072-1658960_161--pstn-mulaw.wav,1093bcf5124d48e02df3ff3fb0cbc7ea24ae922991aa614da7ea7f8c65d8f2de,31.43000030517578,pstn-mulaw,13.887999534606934,Yoruba-English,"Tio tale kan fun eyan mesan? Of course! O wa ni Cell 23 now Cell 20 what? Cell 23 le mi ti mo o, I be ni mo shi tiri lana Wale, Shey Kin paro kan fun e?","Tio tale kan [[EN]]fun[[/EN]] eyan mesan? [[EN]]Of course![[/EN]] O wa ni [[EN]]Cell[[/EN]] 23 [[EN]]now Cell[[/EN]] 20 [[EN]]what? Cell[[/EN]] 23 le mi ti mo o, [[EN]]I be[[/EN]] ni mo shi tiri lana Wale, Shey Kin paro kan [[EN]]fun[[/EN]] e?",afriswitch-yoruba-001494-Qv6ukmyspwg_chunk_1645072-1658960_161--pstn-mulaw,Qv6ukmyspwg_chunk,natural-afriswitch,10
audio/robustness/afriswitch-yoruba-001494-Qv6ukmyspwg_chunk_1645072-1658960_161--noise-10db.wav,949e34173866636e0d2ca1724fc0f0473c3c5d77d0f01589ed1c1c34367c232b,31.43000030517578,noise-10db,13.887999534606934,Yoruba-English,"Tio tale kan fun eyan mesan? Of course! O wa ni Cell 23 now Cell 20 what? Cell 23 le mi ti mo o, I be ni mo shi tiri lana Wale, Shey Kin paro kan fun e?","Tio tale kan [[EN]]fun[[/EN]] eyan mesan? [[EN]]Of course![[/EN]] O wa ni [[EN]]Cell[[/EN]] 23 [[EN]]now Cell[[/EN]] 20 [[EN]]what? Cell[[/EN]] 23 le mi ti mo o, [[EN]]I be[[/EN]] ni mo shi tiri lana Wale, Shey Kin paro kan [[EN]]fun[[/EN]] e?",afriswitch-yoruba-001494-Qv6ukmyspwg_chunk_1645072-1658960_161--noise-10db,Qv6ukmyspwg_chunk,natural-afriswitch,10
audio/robustness/afriswitch-yoruba-001494-Qv6ukmyspwg_chunk_1645072-1658960_161--packet-loss-3pct.wav,cf7f0387436382ee2baafe427355e319436cdbd7382a61b46a62fb296bcb5ae5,31.43000030517578,packet-loss-3pct,13.887999534606934,Yoruba-English,"Tio tale kan fun eyan mesan? Of course! O wa ni Cell 23 now Cell 20 what? Cell 23 le mi ti mo o, I be ni mo shi tiri lana Wale, Shey Kin paro kan fun e?","Tio tale kan [[EN]]fun[[/EN]] eyan mesan? [[EN]]Of course![[/EN]] O wa ni [[EN]]Cell[[/EN]] 23 [[EN]]now Cell[[/EN]] 20 [[EN]]what? Cell[[/EN]] 23 le mi ti mo o, [[EN]]I be[[/EN]] ni mo shi tiri lana Wale, Shey Kin paro kan [[EN]]fun[[/EN]] e?",afriswitch-yoruba-001494-Qv6ukmyspwg_chunk_1645072-1658960_161--packet-loss-3pct,Qv6ukmyspwg_chunk,natural-afriswitch,10
audio/robustness/afriswitch-yoruba-001515-sD5Y2XO5Eu0_chunk_2632752-2637120_250--pstn-mulaw.wav,5c98fba1f1aee7efa34584890ab3c1497f43ba0c74320c6abcda681319eaf84c,9.09000015258789,pstn-mulaw,4.368000030517578,Yoruba-English,Bọla ti wa ninu oyun haa oyun yẹn dẹ ti heavy gan,Bọla ti wa ninu oyun haa oyun yẹn dẹ ti [[EN]]heavy[[/EN]] gan,afriswitch-yoruba-001515-sD5Y2XO5Eu0_chunk_2632752-2637120_250--pstn-mulaw,sD5Y2XO5Eu0_chunk,natural-afriswitch,2
audio/robustness/afriswitch-yoruba-001515-sD5Y2XO5Eu0_chunk_2632752-2637120_250--noise-10db.wav,3cdf7cdc57b00ff1d091e968c2542b6f3ae0bb71eec305ea208a225401fc2bc0,9.09000015258789,noise-10db,4.368000030517578,Yoruba-English,Bọla ti wa ninu oyun haa oyun yẹn dẹ ti heavy gan,Bọla ti wa ninu oyun haa oyun yẹn dẹ ti [[EN]]heavy[[/EN]] gan,afriswitch-yoruba-001515-sD5Y2XO5Eu0_chunk_2632752-2637120_250--noise-10db,sD5Y2XO5Eu0_chunk,natural-afriswitch,2
audio/robustness/afriswitch-yoruba-001515-sD5Y2XO5Eu0_chunk_2632752-2637120_250--packet-loss-3pct.wav,ca460f97bde01371a570fee3e2aaf8d4e3339a29d794dd565c7536bf5ee6756c,9.09000015258789,packet-loss-3pct,4.368000030517578,Yoruba-English,Bọla ti wa ninu oyun haa oyun yẹn dẹ ti heavy gan,Bọla ti wa ninu oyun haa oyun yẹn dẹ ti [[EN]]heavy[[/EN]] gan,afriswitch-yoruba-001515-sD5Y2XO5Eu0_chunk_2632752-2637120_250--packet-loss-3pct,sD5Y2XO5Eu0_chunk,natural-afriswitch,2
audio/robustness/afriswitch-yoruba-001555-ULN4z1PVXWU_chunk_3585456-3589344_309--pstn-mulaw.wav,c7ac6990b306eb42e2091ab104e060dd73fa19e5f0fc604b63f0f3c29f85191e,20.0,pstn-mulaw,3.888000011444092,Yoruba-English,E wo aunty lola ewo aunty lola awon naa n gbe bodi won gbe bodi,E wo [[EN]]aunty[[/EN]] lola ewo [[EN]]aunty[[/EN]] lola awon naa [[EN]]n[[/EN]] gbe bodi won gbe bodi,afriswitch-yoruba-001555-ULN4z1PVXWU_chunk_3585456-3589344_309--pstn-mulaw,ULN4z1PVXWU_chunk,natural-afriswitch,6
audio/robustness/afriswitch-yoruba-001555-ULN4z1PVXWU_chunk_3585456-3589344_309--noise-10db.wav,460da5b7bca61dbc6a5ec463808ee854557128891746d904af89707732a3b658,20.0,noise-10db,3.888000011444092,Yoruba-English,E wo aunty lola ewo aunty lola awon naa n gbe bodi won gbe bodi,E wo [[EN]]aunty[[/EN]] lola ewo [[EN]]aunty[[/EN]] lola awon naa [[EN]]n[[/EN]] gbe bodi won gbe bodi,afriswitch-yoruba-001555-ULN4z1PVXWU_chunk_3585456-3589344_309--noise-10db,ULN4z1PVXWU_chunk,natural-afriswitch,6
audio/robustness/afriswitch-yoruba-001555-ULN4z1PVXWU_chunk_3585456-3589344_309--packet-loss-3pct.wav,ba4b2ae2024616ea0e7559fbf4ddd9d5cbdb3214aba87731d2b808ce040b8968,20.0,packet-loss-3pct,3.888000011444092,Yoruba-English,E wo aunty lola ewo aunty lola awon naa n gbe bodi won gbe bodi,E wo [[EN]]aunty[[/EN]] lola ewo [[EN]]aunty[[/EN]] lola awon naa [[EN]]n[[/EN]] gbe bodi won gbe bodi,afriswitch-yoruba-001555-ULN4z1PVXWU_chunk_3585456-3589344_309--packet-loss-3pct,ULN4z1PVXWU_chunk,natural-afriswitch,6
audio/robustness/afriswitch-yoruba-001581-lJ82t0osGbs_chunk_4157168-4162768_409--pstn-mulaw.wav,14dbd628daa468b610ba42963ff79d3234398c0855126d91e4fc3ea82b756cdb,13.039999961853027,pstn-mulaw,5.599999904632568,Yoruba-English,"Se o ye ko kowa ba madam, sebi won obinrin lo na n kolo bokunrin ni, ewo ni ti e to keru wa","Se o ye ko kowa ba [[EN]]madam,[[/EN]] sebi [[EN]]won[[/EN]] obinrin lo na [[EN]]n[[/EN]] kolo bokunrin ni, ewo ni ti e to keru wa",afriswitch-yoruba-001581-lJ82t0osGbs_chunk_4157168-4162768_409--pstn-mulaw,lJ82t0osGbs_chunk,natural-afriswitch,6
audio/robustness/afriswitch-yoruba-001581-lJ82t0osGbs_chunk_4157168-4162768_409--noise-10db.wav,2a467e07868dabfed7a0d27e32a4cd141288e5f3e20f07b2db348bb5795f4410,13.039999961853027,noise-10db,5.599999904632568,Yoruba-English,"Se o ye ko kowa ba madam, sebi won obinrin lo na n kolo bokunrin ni, ewo ni ti e to keru wa","Se o ye ko kowa ba [[EN]]madam,[[/EN]] sebi [[EN]]won[[/EN]] obinrin lo na [[EN]]n[[/EN]] kolo bokunrin ni, ewo ni ti e to keru wa",afriswitch-yoruba-001581-lJ82t0osGbs_chunk_4157168-4162768_409--noise-10db,lJ82t0osGbs_chunk,natural-afriswitch,6
audio/robustness/afriswitch-yoruba-001581-lJ82t0osGbs_chunk_4157168-4162768_409--packet-loss-3pct.wav,423e3da699c20ae8d02e1e2406a6cb25ab02301b82580fd1a3b76cf4c11758dc,13.039999961853027,packet-loss-3pct,5.599999904632568,Yoruba-English,"Se o ye ko kowa ba madam, sebi won obinrin lo na n kolo bokunrin ni, ewo ni ti e to keru wa","Se o ye ko kowa ba [[EN]]madam,[[/EN]] sebi [[EN]]won[[/EN]] obinrin lo na [[EN]]n[[/EN]] kolo bokunrin ni, ewo ni ti e to keru wa",afriswitch-yoruba-001581-lJ82t0osGbs_chunk_4157168-4162768_409--packet-loss-3pct,lJ82t0osGbs_chunk,natural-afriswitch,6
audio/robustness/afriswitch-yoruba-001583-xkwSaCwB6PM_chunk_5106560-5108752_498--pstn-mulaw.wav,5f5a6ed8dae5a1afae51bd07a6f236b5afc9d8d8120986410fa5432353d510f0,16.670000076293945,pstn-mulaw,2.191999912261963,Yoruba-English,ko kàn rara spice ẹ̀fọ́ yẹ,ko kàn rara [[EN]]spice[[/EN]] ẹ̀fọ́ yẹ,afriswitch-yoruba-001583-xkwSaCwB6PM_chunk_5106560-5108752_498--pstn-mulaw,xkwSaCwB6PM_chunk,natural-afriswitch,2
audio/robustness/afriswitch-yoruba-001583-xkwSaCwB6PM_chunk_5106560-5108752_498--noise-10db.wav,458412a9a30bfcc5c011901fef7e5f63fdab95ce73e4eb934c6b171f73e37769,16.670000076293945,noise-10db,2.191999912261963,Yoruba-English,ko kàn rara spice ẹ̀fọ́ yẹ,ko kàn rara [[EN]]spice[[/EN]] ẹ̀fọ́ yẹ,afriswitch-yoruba-001583-xkwSaCwB6PM_chunk_5106560-5108752_498--noise-10db,xkwSaCwB6PM_chunk,natural-afriswitch,2
audio/robustness/afriswitch-yoruba-001583-xkwSaCwB6PM_chunk_5106560-5108752_498--packet-loss-3pct.wav,31fd7df166a91968f94a1008047841a6a37edd12b6f3b8b99af731a0009c390b,16.670000076293945,packet-loss-3pct,2.191999912261963,Yoruba-English,ko kàn rara spice ẹ̀fọ́ yẹ,ko kàn rara [[EN]]spice[[/EN]] ẹ̀fọ́ yẹ,afriswitch-yoruba-001583-xkwSaCwB6PM_chunk_5106560-5108752_498--packet-loss-3pct,xkwSaCwB6PM_chunk,natural-afriswitch,2
audio/robustness/afriswitch-yoruba-001595-CK8005rqeqU_chunk_2487968-2492688_218--pstn-mulaw.wav,834d2183f6b0ae47c77f913f16c4bf04b629441c0bba59829051259cd656ba4d,41.18000030517578,pstn-mulaw,4.71999979019165,Yoruba-English,"Emi n try,, Mo ma n lo location daada Baba T ma n mumi lo location kakiri","[[EN]]Emi n try,,[[/EN]] Mo ma n lo [[EN]]location[[/EN]] daada Baba [[EN]]T[[/EN]] ma [[EN]]n[[/EN]] mumi lo [[EN]]location[[/EN]] kakiri",afriswitch-yoruba-001595-CK8005rqeqU_chunk_2487968-2492688_218--pstn-mulaw,CK8005rqeqU_chunk,natural-afriswitch,9
audio/robustness/afriswitch-yoruba-001595-CK8005rqeqU_chunk_2487968-2492688_218--noise-10db.wav,48a075a304c1a275fc0b6f22e1ea830ae6fe83252adbb172bd87f317a2dde740,41.18000030517578,noise-10db,4.71999979019165,Yoruba-English,"Emi n try,, Mo ma n lo location daada Baba T ma n mumi lo location kakiri","[[EN]]Emi n try,,[[/EN]] Mo ma n lo [[EN]]location[[/EN]] daada Baba [[EN]]T[[/EN]] ma [[EN]]n[[/EN]] mumi lo [[EN]]location[[/EN]] kakiri",afriswitch-yoruba-001595-CK8005rqeqU_chunk_2487968-2492688_218--noise-10db,CK8005rqeqU_chunk,natural-afriswitch,9
audio/robustness/afriswitch-yoruba-001595-CK8005rqeqU_chunk_2487968-2492688_218--packet-loss-3pct.wav,90e2d10bb703a905d61a4dfe25bb947af99272d1b625bde7115008624448ac20,41.18000030517578,packet-loss-3pct,4.71999979019165,Yoruba-English,"Emi n try,, Mo ma n lo location daada Baba T ma n mumi lo location kakiri","[[EN]]Emi n try,,[[/EN]] Mo ma n lo [[EN]]location[[/EN]] daada Baba [[EN]]T[[/EN]] ma [[EN]]n[[/EN]] mumi lo [[EN]]location[[/EN]] kakiri",afriswitch-yoruba-001595-CK8005rqeqU_chunk_2487968-2492688_218--packet-loss-3pct,CK8005rqeqU_chunk,natural-afriswitch,9
audio/robustness/afriswitch-yoruba-001599-Me0uN9u5o4s_chunk_878916-885564_85--pstn-mulaw.wav,6669bee78e12c3cb37b4022f954dc7cd155d6c55a6c42809fa6596f57f235389,10.529999732971191,pstn-mulaw,6.6479997634887695,Yoruba-English,Kin tun wa se pe o de ninu ewon by mistake. O tun ja ole wo inu ewon ni,Kin tun wa se pe o de ninu ewon [[EN]]by mistake.[[/EN]] O tun ja ole wo inu ewon ni,afriswitch-yoruba-001599-Me0uN9u5o4s_chunk_878916-885564_85--pstn-mulaw,Me0uN9u5o4s_chunk,natural-afriswitch,2
audio/robustness/afriswitch-yoruba-001599-Me0uN9u5o4s_chunk_878916-885564_85--noise-10db.wav,74b2a2bdd2ad8a060f4a1083029a5c24147a65b32ba147e3ae8f88a07057c253,10.529999732971191,noise-10db,6.6479997634887695,Yoruba-English,Kin tun wa se pe o de ninu ewon by mistake. O tun ja ole wo inu ewon ni,Kin tun wa se pe o de ninu ewon [[EN]]by mistake.[[/EN]] O tun ja ole wo inu ewon ni,afriswitch-yoruba-001599-Me0uN9u5o4s_chunk_878916-885564_85--noise-10db,Me0uN9u5o4s_chunk,natural-afriswitch,2
audio/robustness/afriswitch-yoruba-001599-Me0uN9u5o4s_chunk_878916-885564_85--packet-loss-3pct.wav,124a831bfc1aea68a13611b4a0bd797200b924a75b33cdd87cfa37b36edeac3b,10.529999732971191,packet-loss-3pct,6.6479997634887695,Yoruba-English,Kin tun wa se pe o de ninu ewon by mistake. O tun ja ole wo inu ewon ni,Kin tun wa se pe o de ninu ewon [[EN]]by mistake.[[/EN]] O tun ja ole wo inu ewon ni,afriswitch-yoruba-001599-Me0uN9u5o4s_chunk_878916-885564_85--packet-loss-3pct,Me0uN9u5o4s_chunk,natural-afriswitch,2
audio/robustness/afriswitch-yoruba-001655-aOBD_m_zcCw_chunk_4292896-4300208_370--pstn-mulaw.wav,fae4c8033e2abfd191ad9aa72fca71edb5ed34500ae52ee7c70ffda1c0679af4,35.290000915527344,pstn-mulaw,7.311999797821045,Yoruba-English,"ki lo n sele you look sweet thank youuu Bawo ni, sowa fine actually let me apologize","ki lo [[EN]]n[[/EN]] sele [[EN]]you look sweet thank youuu[[/EN]] Bawo ni, sowa [[EN]]fine actually let me apologize[[/EN]]",afriswitch-yoruba-001655-aOBD_m_zcCw_chunk_4292896-4300208_370--pstn-mulaw,aOBD_m,natural-afriswitch,5
audio/robustness/afriswitch-yoruba-001655-aOBD_m_zcCw_chunk_4292896-4300208_370--noise-10db.wav,5e47826eefcc17fd7471a31f27ee7c3ec20b2789f26506b16565bb2f00e92d75,35.290000915527344,noise-10db,7.311999797821045,Yoruba-English,"ki lo n sele you look sweet thank youuu Bawo ni, sowa fine actually let me apologize","ki lo [[EN]]n[[/EN]] sele [[EN]]you look sweet thank youuu[[/EN]] Bawo ni, sowa [[EN]]fine actually let me apologize[[/EN]]",afriswitch-yoruba-001655-aOBD_m_zcCw_chunk_4292896-4300208_370--noise-10db,aOBD_m,natural-afriswitch,5
audio/robustness/afriswitch-yoruba-001655-aOBD_m_zcCw_chunk_4292896-4300208_370--packet-loss-3pct.wav,284d33901cb96f23a41c225f32c9be8de715d81ead8646e4c7bb70723f2436cc,35.290000915527344,packet-loss-3pct,7.311999797821045,Yoruba-English,"ki lo n sele you look sweet thank youuu Bawo ni, sowa fine actually let me apologize","ki lo [[EN]]n[[/EN]] sele [[EN]]you look sweet thank youuu[[/EN]] Bawo ni, sowa [[EN]]fine actually let me apologize[[/EN]]",afriswitch-yoruba-001655-aOBD_m_zcCw_chunk_4292896-4300208_370--packet-loss-3pct,aOBD_m,natural-afriswitch,5
audio/robustness/afriswitch-yoruba-001666--vHUliN0jfk_chunk_1220-8848_1--pstn-mulaw.wav,481ab8a59a6ec449d2bb462f513678d206171c3e4f407f4d0df238c4b8382a67,23.079999923706055,pstn-mulaw,7.627999782562256,Yoruba-English,"what is it? e ma binu, mi o mo pe e lalejo ni","[[EN]]what is it?[[/EN]] e ma binu, mi o mo pe e lalejo ni",afriswitch-yoruba-001666--vHUliN0jfk_chunk_1220-8848_1--pstn-mulaw,_vHUliN0jfk,natural-afriswitch,1
audio/robustness/afriswitch-yoruba-001666--vHUliN0jfk_chunk_1220-8848_1--noise-10db.wav,b47e3352d628a806a2b5339f3c16dd455d1504542935eaff95cd6f768d828edc,23.079999923706055,noise-10db,7.627999782562256,Yoruba-English,"what is it? e ma binu, mi o mo pe e lalejo ni","[[EN]]what is it?[[/EN]] e ma binu, mi o mo pe e lalejo ni",afriswitch-yoruba-001666--vHUliN0jfk_chunk_1220-8848_1--noise-10db,_vHUliN0jfk,natural-afriswitch,1
audio/robustness/afriswitch-yoruba-001666--vHUliN0jfk_chunk_1220-8848_1--packet-loss-3pct.wav,9da537bf9e4b7822417d71317b620f675306210342118f5b797a8a9630b283bb,23.079999923706055,packet-loss-3pct,7.627999782562256,Yoruba-English,"what is it? e ma binu, mi o mo pe e lalejo ni","[[EN]]what is it?[[/EN]] e ma binu, mi o mo pe e lalejo ni",afriswitch-yoruba-001666--vHUliN0jfk_chunk_1220-8848_1--packet-loss-3pct,_vHUliN0jfk,natural-afriswitch,1
audio/robustness/afriswitch-yoruba-001674-tKmDO7ZOB9I_chunk_2588944-2591616_235--pstn-mulaw.wav,94a4c2015c2d2a567b36a497e2ad0adb68d35633b880e7818261e6a2a90d9b34,50.0,pstn-mulaw,2.671999931335449,Yoruba-English,kunle mi:infact,kunle [[EN]]mi:infact[[/EN]],afriswitch-yoruba-001674-tKmDO7ZOB9I_chunk_2588944-2591616_235--pstn-mulaw,tKmDO7ZOB9I_chunk,natural-afriswitch,1
audio/robustness/afriswitch-yoruba-001674-tKmDO7ZOB9I_chunk_2588944-2591616_235--noise-10db.wav,694a1f9fb10a2f5f415bc2af3c19413fb081cfc9f349c89d5235e259ed386e7c,50.0,noise-10db,2.671999931335449,Yoruba-English,kunle mi:infact,kunle [[EN]]mi:infact[[/EN]],afriswitch-yoruba-001674-tKmDO7ZOB9I_chunk_2588944-2591616_235--noise-10db,tKmDO7ZOB9I_chunk,natural-afriswitch,1
audio/robustness/afriswitch-yoruba-001674-tKmDO7ZOB9I_chunk_2588944-2591616_235--packet-loss-3pct.wav,e3caf49ba70dec25efacfafe358de8abfc30d5f6356ca5b8e436efa799e7b555,50.0,packet-loss-3pct,2.671999931335449,Yoruba-English,kunle mi:infact,kunle [[EN]]mi:infact[[/EN]],afriswitch-yoruba-001674-tKmDO7ZOB9I_chunk_2588944-2591616_235--packet-loss-3pct,tKmDO7ZOB9I_chunk,natural-afriswitch,1
audio/robustness/afriswitch-yoruba-001679-m4ELIzDpuKY_chunk_663376-665788_34--pstn-mulaw.wav,7e1485e2b9b207fbf84b63c1a15edbd8bd92210d461ab8faee2c5af71fbff414,20.0,pstn-mulaw,4.430997848510742,Yoruba-English,kọ san sinu account wa,kọ san sinu [[EN]]account[[/EN]] wa,afriswitch-yoruba-001679-m4ELIzDpuKY_chunk_663376-665788_34--pstn-mulaw,m4ELIzDpuKY_chunk,natural-afriswitch,2
audio/robustness/afriswitch-yoruba-001679-m4ELIzDpuKY_chunk_663376-665788_34--noise-10db.wav,ae588a2bf0de2cca64a15c17d1a0037b7d37cdd991500ea3f981707d53899a49,20.0,noise-10db,4.430997848510742,Yoruba-English,kọ san sinu account wa,kọ san sinu [[EN]]account[[/EN]] wa,afriswitch-yoruba-001679-m4ELIzDpuKY_chunk_663376-665788_34--noise-10db,m4ELIzDpuKY_chunk,natural-afriswitch,2
audio/robustness/afriswitch-yoruba-001679-m4ELIzDpuKY_chunk_663376-665788_34--packet-loss-3pct.wav,a7233fbd09e86d564b565392c17cdc840ad257d367c6661cf5092fffd2eff532,20.0,packet-loss-3pct,4.430997848510742,Yoruba-English,kọ san sinu account wa,kọ san sinu [[EN]]account[[/EN]] wa,afriswitch-yoruba-001679-m4ELIzDpuKY_chunk_663376-665788_34--packet-loss-3pct,m4ELIzDpuKY_chunk,natural-afriswitch,2
audio/robustness/afriswitch-yoruba-001704-Iu7vG_5pbXg_chunk_4240848-4251200_342--pstn-mulaw.wav,c8bf1975156e50b8f1a0e01a639773397e3d90dce580e41449aa8e8e7dd38465,44.439998626708984,pstn-mulaw,10.352018356323242,Yoruba-English,"Honestly, anyway mi o mọ nkankan. And m like","[[EN]]Honestly, anyway[[/EN]] mi o mọ nkankan. [[EN]]And m like[[/EN]]",afriswitch-yoruba-001704-Iu7vG_5pbXg_chunk_4240848-4251200_342--pstn-mulaw,Iu7vG_5pbXg,natural-afriswitch,2
audio/robustness/afriswitch-yoruba-001704-Iu7vG_5pbXg_chunk_4240848-4251200_342--noise-10db.wav,428728fd078bc6bcf73a5be6404ea8c624886390a68f782a8e05f063a14f42ad,44.439998626708984,noise-10db,10.352018356323242,Yoruba-English,"Honestly, anyway mi o mọ nkankan. And m like","[[EN]]Honestly, anyway[[/EN]] mi o mọ nkankan. [[EN]]And m like[[/EN]]",afriswitch-yoruba-001704-Iu7vG_5pbXg_chunk_4240848-4251200_342--noise-10db,Iu7vG_5pbXg,natural-afriswitch,2
audio/robustness/afriswitch-yoruba-001704-Iu7vG_5pbXg_chunk_4240848-4251200_342--packet-loss-3pct.wav,f2d9794c0c47b4d7b56f00d720fe4f008e88c1d005d64dad40340e4a89222ef5,44.439998626708984,packet-loss-3pct,10.352018356323242,Yoruba-English,"Honestly, anyway mi o mọ nkankan. And m like","[[EN]]Honestly, anyway[[/EN]] mi o mọ nkankan. [[EN]]And m like[[/EN]]",afriswitch-yoruba-001704-Iu7vG_5pbXg_chunk_4240848-4251200_342--packet-loss-3pct,Iu7vG_5pbXg,natural-afriswitch,2
audio/robustness/afriswitch-yoruba-001705-xK2WUYi0jcU_chunk_6608772-6623324_398--pstn-mulaw.wav,ef5ffbf7ecef33ccffb8396eaa3e3be592e4668ee5999b6d1cfeeb8a3d8ebcb4,33.33000183105469,pstn-mulaw,15.583999633789062,Yoruba-English,Won fi imole lahun sinu aye mi. He showed me what true love is. And then to someone,[[EN]]Won[[/EN]] fi imole lahun sinu aye mi. [[EN]]He showed me what true love is. And then to someone[[/EN]],afriswitch-yoruba-001705-xK2WUYi0jcU_chunk_6608772-6623324_398--pstn-mulaw,xK2WUYi0jcU_chunk,natural-afriswitch,2
audio/robustness/afriswitch-yoruba-001705-xK2WUYi0jcU_chunk_6608772-6623324_398--noise-10db.wav,e1c97cac32cf0bd1abe4ce1d02c471894706c625fe0180b90ace854debd8f167,33.33000183105469,noise-10db,15.583999633789062,Yoruba-English,Won fi imole lahun sinu aye mi. He showed me what true love is. And then to someone,[[EN]]Won[[/EN]] fi imole lahun sinu aye mi. [[EN]]He showed me what true love is. And then to someone[[/EN]],afriswitch-yoruba-001705-xK2WUYi0jcU_chunk_6608772-6623324_398--noise-10db,xK2WUYi0jcU_chunk,natural-afriswitch,2
audio/robustness/afriswitch-yoruba-001705-xK2WUYi0jcU_chunk_6608772-6623324_398--packet-loss-3pct.wav,3db857a515bdf699136075038e8224392af964916363b9e0543a859f37e78f9d,33.33000183105469,packet-loss-3pct,15.583999633789062,Yoruba-English,Won fi imole lahun sinu aye mi. He showed me what true love is. And then to someone,[[EN]]Won[[/EN]] fi imole lahun sinu aye mi. [[EN]]He showed me what true love is. And then to someone[[/EN]],afriswitch-yoruba-001705-xK2WUYi0jcU_chunk_6608772-6623324_398--packet-loss-3pct,xK2WUYi0jcU_chunk,natural-afriswitch,2
audio/robustness/afriswitch-yoruba-001711-ZlbU-ii8XmQ_chunk_4143264-4155184_388--pstn-mulaw.wav,a0a17b2aa509ab5305d21bef9f9ccf697fcfcad1f50e9aeff0a243921e25d19f,18.75,pstn-mulaw,11.920000076293945,Yoruba-English,"Ni wo bee ni mo so fun ee,oh,terry eni to ba foju ano wo ku ni","Ni wo bee ni mo [[EN]]so fun ee,oh,terry[[/EN]] eni to ba foju ano wo ku ni",afriswitch-yoruba-001711-ZlbU-ii8XmQ_chunk_4143264-4155184_388--pstn-mulaw,ZlbU_ii8XmQ,natural-afriswitch,2
audio/robustness/afriswitch-yoruba-001711-ZlbU-ii8XmQ_chunk_4143264-4155184_388--noise-10db.wav,eb9c02fa1e8e0a3dbe2e28d8812be827e5204bbfea5b38d1989f92ab69865272,18.75,noise-10db,11.920000076293945,Yoruba-English,"Ni wo bee ni mo so fun ee,oh,terry eni to ba foju ano wo ku ni","Ni wo bee ni mo [[EN]]so fun ee,oh,terry[[/EN]] eni to ba foju ano wo ku ni",afriswitch-yoruba-001711-ZlbU-ii8XmQ_chunk_4143264-4155184_388--noise-10db,ZlbU_ii8XmQ,natural-afriswitch,2
audio/robustness/afriswitch-yoruba-001711-ZlbU-ii8XmQ_chunk_4143264-4155184_388--packet-loss-3pct.wav,9228b45442a5dbbe101d0710ab6cae1167f1c72c406325360990b14a6f0ef0a7,18.75,packet-loss-3pct,11.920000076293945,Yoruba-English,"Ni wo bee ni mo so fun ee,oh,terry eni to ba foju ano wo ku ni","Ni wo bee ni mo [[EN]]so fun ee,oh,terry[[/EN]] eni to ba foju ano wo ku ni",afriswitch-yoruba-001711-ZlbU-ii8XmQ_chunk_4143264-4155184_388--packet-loss-3pct,ZlbU_ii8XmQ,natural-afriswitch,2
audio/robustness/afriswitch-yoruba-001734-wJv6YAZn45E_chunk_405744-417200_36--pstn-mulaw.wav,2a7d0b5335813f4af31bf06e2a55efa54e8a5e8cf0702afd589c3f4084d4e8a7,15.0,pstn-mulaw,11.456000328063965,Yoruba-English,"Ko sa bawa mu nkan to da Ngbo, o gbo iya e No o, mummy no Mo fe gbe omo omo mi Nkan to kan ko niyen Ma Mummy Nkan to Kan ni wipe bi n se se tan yiii","Ko sa bawa mu nkan to da Ngbo, o gbo iya e [[EN]]No[[/EN]] o, [[EN]]mummy no[[/EN]] Mo fe gbe omo omo mi Nkan to kan ko niyen Ma [[EN]]Mummy[[/EN]] Nkan to Kan ni [[EN]]wipe[[/EN]] bi [[EN]]n[[/EN]] se se tan yiii",afriswitch-yoruba-001734-wJv6YAZn45E_chunk_405744-417200_36--pstn-mulaw,wJv6YAZn45E_chunk,natural-afriswitch,10
audio/robustness/afriswitch-yoruba-001734-wJv6YAZn45E_chunk_405744-417200_36--noise-10db.wav,05a2cc5774b6b30017c81cd4e184bc1cad0eedd480c4bcf002371106fd781c2a,15.0,noise-10db,11.456000328063965,Yoruba-English,"Ko sa bawa mu nkan to da Ngbo, o gbo iya e No o, mummy no Mo fe gbe omo omo mi Nkan to kan ko niyen Ma Mummy Nkan to Kan ni wipe bi n se se tan yiii","Ko sa bawa mu nkan to da Ngbo, o gbo iya e [[EN]]No[[/EN]] o, [[EN]]mummy no[[/EN]] Mo fe gbe omo omo mi Nkan to kan ko niyen Ma [[EN]]Mummy[[/EN]] Nkan to Kan ni [[EN]]wipe[[/EN]] bi [[EN]]n[[/EN]] se se tan yiii",afriswitch-yoruba-001734-wJv6YAZn45E_chunk_405744-417200_36--noise-10db,wJv6YAZn45E_chunk,natural-afriswitch,10
audio/robustness/afriswitch-yoruba-001734-wJv6YAZn45E_chunk_405744-417200_36--packet-loss-3pct.wav,71c7404fab0602df21278a5b484cf7a26ad8278d89a40152014a8afd3d0e10fc,15.0,packet-loss-3pct,11.456000328063965,Yoruba-English,"Ko sa bawa mu nkan to da Ngbo, o gbo iya e No o, mummy no Mo fe gbe omo omo mi Nkan to kan ko niyen Ma Mummy Nkan to Kan ni wipe bi n se se tan yiii","Ko sa bawa mu nkan to da Ngbo, o gbo iya e [[EN]]No[[/EN]] o, [[EN]]mummy no[[/EN]] Mo fe gbe omo omo mi Nkan to kan ko niyen Ma [[EN]]Mummy[[/EN]] Nkan to Kan ni [[EN]]wipe[[/EN]] bi [[EN]]n[[/EN]] se se tan yiii",afriswitch-yoruba-001734-wJv6YAZn45E_chunk_405744-417200_36--packet-loss-3pct,wJv6YAZn45E_chunk,natural-afriswitch,10
audio/robustness/afriswitch-yoruba-001769-XRrYV5VK5FY_chunk_344624-356480_44--pstn-mulaw.wav,9a2d003a0aec961a525cc4a719ce981e8e261a34ad3da86eb8d863ed8ffd82b5,38.709999084472656,pstn-mulaw,11.855999946594238,Yoruba-English,"Wan dde bi jagunjagun ni, wan si ri kinn un wl gbogbo ohun t wn e y, wan k pe lp kan s, wan k fi t lp lt, jba kan k m.","Wan dde bi jagunjagun ni, wan si ri kinn un [[EN]]wl[[/EN]] gbogbo ohun [[EN]]t wn e y, wan[[/EN]] k pe lp kan [[EN]]s, wan[[/EN]] k [[EN]]fi t lp lt,[[/EN]] jba kan k m.",afriswitch-yoruba-001769-XRrYV5VK5FY_chunk_344624-356480_44--pstn-mulaw,XRrYV5VK5FY_chunk,natural-afriswitch,8
audio/robustness/afriswitch-yoruba-001769-XRrYV5VK5FY_chunk_344624-356480_44--noise-10db.wav,d1da82343b39b4f06ef60946e706bbdeab8272e32d5414eb8bc10e9897033576,38.709999084472656,noise-10db,11.855999946594238,Yoruba-English,"Wan dde bi jagunjagun ni, wan si ri kinn un wl gbogbo ohun t wn e y, wan k pe lp kan s, wan k fi t lp lt, jba kan k m.","Wan dde bi jagunjagun ni, wan si ri kinn un [[EN]]wl[[/EN]] gbogbo ohun [[EN]]t wn e y, wan[[/EN]] k pe lp kan [[EN]]s, wan[[/EN]] k [[EN]]fi t lp lt,[[/EN]] jba kan k m.",afriswitch-yoruba-001769-XRrYV5VK5FY_chunk_344624-356480_44--noise-10db,XRrYV5VK5FY_chunk,natural-afriswitch,8
audio/robustness/afriswitch-yoruba-001769-XRrYV5VK5FY_chunk_344624-356480_44--packet-loss-3pct.wav,c11d486c8f73b16302d7b4f249df116317d5c1f30a74e22d31da7859979c61c8,38.709999084472656,packet-loss-3pct,11.855999946594238,Yoruba-English,"Wan dde bi jagunjagun ni, wan si ri kinn un wl gbogbo ohun t wn e y, wan k pe lp kan s, wan k fi t lp lt, jba kan k m.","Wan dde bi jagunjagun ni, wan si ri kinn un [[EN]]wl[[/EN]] gbogbo ohun [[EN]]t wn e y, wan[[/EN]] k pe lp kan [[EN]]s, wan[[/EN]] k [[EN]]fi t lp lt,[[/EN]] jba kan k m.",afriswitch-yoruba-001769-XRrYV5VK5FY_chunk_344624-356480_44--packet-loss-3pct,XRrYV5VK5FY_chunk,natural-afriswitch,8
audio/robustness/afriswitch-yoruba-001784-tfLQ4AH-49Y_chunk_22288-32896_3--pstn-mulaw.wav,6c60064d64bd84e4e62c3bee85cf43b1121da7e17df8f791c6664f2046e10b72,30.0,pstn-mulaw,10.607999801635742,Yoruba-English,"Edegberun, 890 naira, ni won so pe awon n ta liter epo petrol kan fun awon alagbata bayi, dipo aadotadinlegberun naira.","Edegberun, 890 naira, ni [[EN]]won so[[/EN]] pe awon [[EN]]n[[/EN]] ta [[EN]]liter[[/EN]] epo [[EN]]petrol[[/EN]] kan [[EN]]fun[[/EN]] awon alagbata bayi, dipo aadotadinlegberun naira.",afriswitch-yoruba-001784-tfLQ4AH-49Y_chunk_22288-32896_3--pstn-mulaw,tfLQ4AH_49Y,natural-afriswitch,10
audio/robustness/afriswitch-yoruba-001784-tfLQ4AH-49Y_chunk_22288-32896_3--noise-10db.wav,7293888c3c760560409c70ca0333df9fd8111187e171ef33ed10f133c5400698,30.0,noise-10db,10.607999801635742,Yoruba-English,"Edegberun, 890 naira, ni won so pe awon n ta liter epo petrol kan fun awon alagbata bayi, dipo aadotadinlegberun naira.","Edegberun, 890 naira, ni [[EN]]won so[[/EN]] pe awon [[EN]]n[[/EN]] ta [[EN]]liter[[/EN]] epo [[EN]]petrol[[/EN]] kan [[EN]]fun[[/EN]] awon alagbata bayi, dipo aadotadinlegberun naira.",afriswitch-yoruba-001784-tfLQ4AH-49Y_chunk_22288-32896_3--noise-10db,tfLQ4AH_49Y,natural-afriswitch,10
audio/robustness/afriswitch-yoruba-001784-tfLQ4AH-49Y_chunk_22288-32896_3--packet-loss-3pct.wav,d854ac7bab4b2e04f6d74a7f4ef940f7f3de6cc193a1fa2488432bd85bca56f7,30.0,packet-loss-3pct,10.607999801635742,Yoruba-English,"Edegberun, 890 naira, ni won so pe awon n ta liter epo petrol kan fun awon alagbata bayi, dipo aadotadinlegberun naira.","Edegberun, 890 naira, ni [[EN]]won so[[/EN]] pe awon [[EN]]n[[/EN]] ta [[EN]]liter[[/EN]] epo [[EN]]petrol[[/EN]] kan [[EN]]fun[[/EN]] awon alagbata bayi, dipo aadotadinlegberun naira.",afriswitch-yoruba-001784-tfLQ4AH-49Y_chunk_22288-32896_3--packet-loss-3pct,tfLQ4AH_49Y,natural-afriswitch,10
audio/robustness/afriswitch-yoruba-001785-z8dluo0qju4_chunk_1908480-1910416_113--pstn-mulaw.wav,d5b0402599ad95ca10dfb3dffd83703f07d5582112ce5d2c70bc30ba8c584fe2,30.0,pstn-mulaw,1.9359999895095825,Yoruba-English,Won o se sunmo be ni won se sa fun,[[EN]]Won[[/EN]] o se sunmo be ni [[EN]]won[[/EN]] se sa [[EN]]fun[[/EN]],afriswitch-yoruba-001785-z8dluo0qju4_chunk_1908480-1910416_113--pstn-mulaw,z8dluo0qju4_chunk,natural-afriswitch,4
audio/robustness/afriswitch-yoruba-001785-z8dluo0qju4_chunk_1908480-1910416_113--noise-10db.wav,ea2c833a2201893c57f06b1c291f42223bccea30b01d21ac797f6e5db26272d1,30.0,noise-10db,1.9359999895095825,Yoruba-English,Won o se sunmo be ni won se sa fun,[[EN]]Won[[/EN]] o se sunmo be ni [[EN]]won[[/EN]] se sa [[EN]]fun[[/EN]],afriswitch-yoruba-001785-z8dluo0qju4_chunk_1908480-1910416_113--noise-10db,z8dluo0qju4_chunk,natural-afriswitch,4
audio/robustness/afriswitch-yoruba-001785-z8dluo0qju4_chunk_1908480-1910416_113--packet-loss-3pct.wav,771e1ed3d550db2154fe8eaa161ee3b1f00f4c3803b8d2251b58ddffeb963b48,30.0,packet-loss-3pct,1.9359999895095825,Yoruba-English,Won o se sunmo be ni won se sa fun,[[EN]]Won[[/EN]] o se sunmo be ni [[EN]]won[[/EN]] se sa [[EN]]fun[[/EN]],afriswitch-yoruba-001785-z8dluo0qju4_chunk_1908480-1910416_113--packet-loss-3pct,z8dluo0qju4_chunk,natural-afriswitch,4
audio/robustness/afriswitch-yoruba-001825-nOBej2o1bnU_chunk_511344-514720_44--pstn-mulaw.wav,37c8f64144a2e22d6de6b1d693ddbb3aa327fff980a9965f6eb6ea908e8080f5,18.18000030517578,pstn-mulaw,3.375999927520752,Yoruba-English,Kan fun won lomo laipe laijina dide ti e de yii,Kan [[EN]]fun won[[/EN]] lomo laipe laijina dide ti e de yii,afriswitch-yoruba-001825-nOBej2o1bnU_chunk_511344-514720_44--pstn-mulaw,nOBej2o1bnU_chunk,natural-afriswitch,2
audio/robustness/afriswitch-yoruba-001825-nOBej2o1bnU_chunk_511344-514720_44--noise-10db.wav,a6b06a605f3647f267e6c77b18816fbf917c331c0d9f682945b6edd10b60e22d,18.18000030517578,noise-10db,3.375999927520752,Yoruba-English,Kan fun won lomo laipe laijina dide ti e de yii,Kan [[EN]]fun won[[/EN]] lomo laipe laijina dide ti e de yii,afriswitch-yoruba-001825-nOBej2o1bnU_chunk_511344-514720_44--noise-10db,nOBej2o1bnU_chunk,natural-afriswitch,2
audio/robustness/afriswitch-yoruba-001825-nOBej2o1bnU_chunk_511344-514720_44--packet-loss-3pct.wav,7dac8e279a5c0f21128031dcfad94dfd87bd418161430c113a446daab5878369,18.18000030517578,packet-loss-3pct,3.375999927520752,Yoruba-English,Kan fun won lomo laipe laijina dide ti e de yii,Kan [[EN]]fun won[[/EN]] lomo laipe laijina dide ti e de yii,afriswitch-yoruba-001825-nOBej2o1bnU_chunk_511344-514720_44--packet-loss-3pct,nOBej2o1bnU_chunk,natural-afriswitch,2
audio/robustness/afriswitch-yoruba-001831-tf-kNE6FNfg_chunk_4336-19504_3--pstn-mulaw.wav,2062420a05598b50c241076ef7696899ca6b7e4e1cbbeb7206123f236840e942,17.860000610351562,pstn-mulaw,15.168004989624023,Yoruba-English,Ni ni to gbe iyawo sile to wa fi gbogbo na toju e to n pa to nge to n gun fi ife si o je kin baje,Ni ni to gbe iyawo sile to wa fi gbogbo na toju e to [[EN]]n[[/EN]] pa to [[EN]]nge to n gun[[/EN]] fi ife si o je kin baje,afriswitch-yoruba-001831-tf-kNE6FNfg_chunk_4336-19504_3--pstn-mulaw,tf_kNE6FNfg,natural-afriswitch,4
audio/robustness/afriswitch-yoruba-001831-tf-kNE6FNfg_chunk_4336-19504_3--noise-10db.wav,3af16cece80505e84e582aedcfcc5867e1304cfb749bd9244e99533c184f7c89,17.860000610351562,noise-10db,15.168004989624023,Yoruba-English,Ni ni to gbe iyawo sile to wa fi gbogbo na toju e to n pa to nge to n gun fi ife si o je kin baje,Ni ni to gbe iyawo sile to wa fi gbogbo na toju e to [[EN]]n[[/EN]] pa to [[EN]]nge to n gun[[/EN]] fi ife si o je kin baje,afriswitch-yoruba-001831-tf-kNE6FNfg_chunk_4336-19504_3--noise-10db,tf_kNE6FNfg,natural-afriswitch,4
audio/robustness/afriswitch-yoruba-001831-tf-kNE6FNfg_chunk_4336-19504_3--packet-loss-3pct.wav,c8c83163e7ab33472f4d989ad0cefd01aede54a16ea3831ec528dbaa9824851c,17.860000610351562,packet-loss-3pct,15.168004989624023,Yoruba-English,Ni ni to gbe iyawo sile to wa fi gbogbo na toju e to n pa to nge to n gun fi ife si o je kin baje,Ni ni to gbe iyawo sile to wa fi gbogbo na toju e to [[EN]]n[[/EN]] pa to [[EN]]nge to n gun[[/EN]] fi ife si o je kin baje,afriswitch-yoruba-001831-tf-kNE6FNfg_chunk_4336-19504_3--packet-loss-3pct,tf_kNE6FNfg,natural-afriswitch,4
audio/robustness/afriswitch-yoruba-001832-A_T7AYGA3B0_chunk_1200608-1209616_85--pstn-mulaw.wav,93793aa51e95a3a6c6b89fdac261050ad0a991f44c374bb2b13d4d19e989231c,17.860000610351562,pstn-mulaw,9.008000373840332,Yoruba-English,Ewo nkan ti eni ile o wu mi je jare biscuit lo wu mi je Biscuit Eh se eni ni O fe chocolate Se n lora sweet wa,Ewo nkan ti eni ile o wu mi je jare [[EN]]biscuit[[/EN]] lo wu mi je [[EN]]Biscuit[[/EN]] Eh se eni ni O fe [[EN]]chocolate[[/EN]] Se [[EN]]n[[/EN]] lora [[EN]]sweet[[/EN]] wa,afriswitch-yoruba-001832-A_T7AYGA3B0_chunk_1200608-1209616_85--pstn-mulaw,A_T7AYGA3B0,natural-afriswitch,10
audio/robustness/afriswitch-yoruba-001832-A_T7AYGA3B0_chunk_1200608-1209616_85--noise-10db.wav,ace897c86346ea1c5ea2fa61599ad20742bf3df7e51a3638e8aa4a3f9f9f1dbe,17.860000610351562,noise-10db,9.008000373840332,Yoruba-English,Ewo nkan ti eni ile o wu mi je jare biscuit lo wu mi je Biscuit Eh se eni ni O fe chocolate Se n lora sweet wa,Ewo nkan ti eni ile o wu mi je jare [[EN]]biscuit[[/EN]] lo wu mi je [[EN]]Biscuit[[/EN]] Eh se eni ni O fe [[EN]]chocolate[[/EN]] Se [[EN]]n[[/EN]] lora [[EN]]sweet[[/EN]] wa,afriswitch-yoruba-001832-A_T7AYGA3B0_chunk_1200608-1209616_85--noise-10db,A_T7AYGA3B0,natural-afriswitch,10
audio/robustness/afriswitch-yoruba-001832-A_T7AYGA3B0_chunk_1200608-1209616_85--packet-loss-3pct.wav,c84656d10b3c2b7767a61cdd826d3bcf04f966d6c26d8d1a5b4d52950a99c3ea,17.860000610351562,packet-loss-3pct,9.008000373840332,Yoruba-English,Ewo nkan ti eni ile o wu mi je jare biscuit lo wu mi je Biscuit Eh se eni ni O fe chocolate Se n lora sweet wa,Ewo nkan ti eni ile o wu mi je jare [[EN]]biscuit[[/EN]] lo wu mi je [[EN]]Biscuit[[/EN]] Eh se eni ni O fe [[EN]]chocolate[[/EN]] Se [[EN]]n[[/EN]] lora [[EN]]sweet[[/EN]] wa,afriswitch-yoruba-001832-A_T7AYGA3B0_chunk_1200608-1209616_85--packet-loss-3pct,A_T7AYGA3B0,natural-afriswitch,10
audio/robustness/afriswitch-yoruba-001846-ZNVm8R75DLo_chunk_3306724-3309872_279--pstn-mulaw.wav,fea7baec3857d8d972bd8b0a6cf95c65963ce7e3f703a311c506df7fcf00a6e2,16.670000076293945,pstn-mulaw,3.1480045318603516,Yoruba-English,okiti peye pada ugbn ran p,okiti peye pada ugbn [[EN]]ran[[/EN]] p,afriswitch-yoruba-001846-ZNVm8R75DLo_chunk_3306724-3309872_279--pstn-mulaw,ZNVm8R75DLo_chunk,natural-afriswitch,2
audio/robustness/afriswitch-yoruba-001846-ZNVm8R75DLo_chunk_3306724-3309872_279--noise-10db.wav,d7c740fcfc7470932b6425a8706f9401eba89aaa75099892e3911731ece80352,16.670000076293945,noise-10db,3.1480045318603516,Yoruba-English,okiti peye pada ugbn ran p,okiti peye pada ugbn [[EN]]ran[[/EN]] p,afriswitch-yoruba-001846-ZNVm8R75DLo_chunk_3306724-3309872_279--noise-10db,ZNVm8R75DLo_chunk,natural-afriswitch,2
audio/robustness/afriswitch-yoruba-001846-ZNVm8R75DLo_chunk_3306724-3309872_279--packet-loss-3pct.wav,4f925d4a2de7d1bc0b4b977a0d6d66322077503f2b74e8019ef6eee14a47df51,16.670000076293945,packet-loss-3pct,3.1480045318603516,Yoruba-English,okiti peye pada ugbn ran p,okiti peye pada ugbn [[EN]]ran[[/EN]] p,afriswitch-yoruba-001846-ZNVm8R75DLo_chunk_3306724-3309872_279--packet-loss-3pct,ZNVm8R75DLo_chunk,natural-afriswitch,2
audio/robustness/afriswitch-yoruba-001866-t33_9L-O-s0_chunk_5611152-5614716_574--pstn-mulaw.wav,b2d8a8eab1eed53e546ec1be9abc1d0ca196983de1fd2492267d339585ff216a,15.0,pstn-mulaw,4.790999889373779,Yoruba-English,"Eni to ba ti ku, won o le ba, lowo kan ni won le ba ti won o jule o","Eni to ba ti ku, [[EN]]won[[/EN]] o le ba, lowo kan ni [[EN]]won[[/EN]] le ba ti [[EN]]won[[/EN]] o jule o",afriswitch-yoruba-001866-t33_9L-O-s0_chunk_5611152-5614716_574--pstn-mulaw,t33_9L,natural-afriswitch,6
audio/robustness/afriswitch-yoruba-001866-t33_9L-O-s0_chunk_5611152-5614716_574--noise-10db.wav,ebabe17763152e93742b42fa0289464fd8d73665ccaf8996cf9b1e599ed3113a,15.0,noise-10db,4.790999889373779,Yoruba-English,"Eni to ba ti ku, won o le ba, lowo kan ni won le ba ti won o jule o","Eni to ba ti ku, [[EN]]won[[/EN]] o le ba, lowo kan ni [[EN]]won[[/EN]] le ba ti [[EN]]won[[/EN]] o jule o",afriswitch-yoruba-001866-t33_9L-O-s0_chunk_5611152-5614716_574--noise-10db,t33_9L,natural-afriswitch,6
audio/robustness/afriswitch-yoruba-001866-t33_9L-O-s0_chunk_5611152-5614716_574--packet-loss-3pct.wav,efbdbe74eee883dca274b17c20f7de1c8eecae307231e5316601416555ff312b,15.0,packet-loss-3pct,4.790999889373779,Yoruba-English,"Eni to ba ti ku, won o le ba, lowo kan ni won le ba ti won o jule o","Eni to ba ti ku, [[EN]]won[[/EN]] o le ba, lowo kan ni [[EN]]won[[/EN]] le ba ti [[EN]]won[[/EN]] o jule o",afriswitch-yoruba-001866-t33_9L-O-s0_chunk_5611152-5614716_574--packet-loss-3pct,t33_9L,natural-afriswitch,6
